metric,value,detail
symbols_total,49,
symbols_with_no_transition,20,
symbols_with_1_transition,2,
symbols_with_multiple_transitions,27,
symbols_with_overlapping_group_membership,13,
symbols_with_missing_periods,18,
no_transition_symbols,20,"ARKMUSDT,BNBUSDT,CFXUSDT,DOGEUSDT,DYDXUSDT,FORMUSDT,GRASSUSDT,KAITOUSDT,KSMUSDT,LPTUSDT,NEOUSDT,PENDLEUSDT,PYTHUSDT,RUNEUSDT,SNXUSDT,SOLUSDT,TRXUSDT,WLFIUSDT,XRPUSDT,XTZUSDT"
one_transition_symbols,2,"OPUSDT,STXUSDT"
multi_transition_symbols,27,"AAVEUSDT,ALTUSDT,BLURUSDT,CHIPUSDT,DEXEUSDT,ESPUSDT,FLOWUSDT,IDUSDT,KAVAUSDT,LINKUSDT,MUBARAKUSDT,ONTUSDT,PLUMEUSDT,RAVEUSDT,RENDERUSDT,ROSEUSDT,SEIUSDT,SKYUSDT,SPKUSDT,STRKUSDT,SUIUSDT,SUSHIUSDT,TUSDT,USELESSUSDT,VETUSDT,WUSDT,XMRUSDT"
overlapping_symbols,13,"AAVEUSDT,DEXEUSDT,LINKUSDT,OPUSDT,RAVEUSDT,RENDERUSDT,SEIUSDT,SKYUSDT,STRKUSDT,STXUSDT,SUIUSDT,VETUSDT,XMRUSDT"
