symbol,first_observation,last_observation,groups_seen,transition_count,transition_dates,large_days,mid_days,small_days,unavailable_days,observation_count
AAVEUSDT,2025-10-04T00:00:00+00:00,2026-10-03T13:21:40+00:00,MID_CAP|SMALL_CAP,2,MID_CAP->SMALL_CAP@2026-06-06T00:00:00+00:00;SMALL_CAP->MID_CAP@2026-06-15T00:00:00+00:00,0.0,355.5567,9.0,0.0,366
ALTUSDT,2025-10-04T00:00:00+00:00,2026-10-03T13:24:50+00:00,SMALL_CAP|UNAVAILABLE,10,SMALL_CAP->UNAVAILABLE@2026-03-21T00:00:00+00:00;UNAVAILABLE->SMALL_CAP@2026-03-22T00:00:00+00:00;SMALL_CAP->UNAVAILABLE@2026-03-28T00:00:00+00:00;UNAVAILABLE->SMALL_CAP@2026-05-08T00:00:00+00:00;SMALL_CAP->UNAVAILABLE@2026-05-13T00:00:00+00:00;UNAVAILABLE->SMALL_CAP@2026-05-23T00:00:00+00:00;SMALL_CAP->UNAVAILABLE@2026-05-25T00:00:00+00:00;UNAVAILABLE->SMALL_CAP@2026-09-14T00:00:00+00:00;SMALL_CAP->UNAVAILABLE@2026-09-15T00:00:00+00:00;UNAVAILABLE->SMALL_CAP@2026-09-19T00:00:00+00:00,0.0,0.0,196.5589,168.0,366
ARKMUSDT,2025-10-04T00:00:00+00:00,2026-10-03T13:28:40+00:00,SMALL_CAP,0,,0.0,0.0,364.5616,0.0,366
BLURUSDT,2025-10-04T00:00:00+00:00,2026-10-03T13:17:20+00:00,SMALL_CAP|UNAVAILABLE,20,SMALL_CAP->UNAVAILABLE@2026-03-28T00:00:00+00:00;UNAVAILABLE->SMALL_CAP@2026-04-01T00:00:00+00:00;SMALL_CAP->UNAVAILABLE@2026-04-07T00:00:00+00:00;UNAVAILABLE->SMALL_CAP@2026-04-08T00:00:00+00:00;SMALL_CAP->UNAVAILABLE@2026-06-06T00:00:00+00:00;UNAVAILABLE->SMALL_CAP@2026-06-09T00:00:00+00:00;SMALL_CAP->UNAVAILABLE@2026-06-10T00:00:00+00:00;UNAVAILABLE->SMALL_CAP@2026-06-12T00:00:00+00:00;SMALL_CAP->UNAVAILABLE@2026-06-19T00:00:00+00:00;UNAVAILABLE->SMALL_CAP@2026-07-07T00:00:00+00:00;SMALL_CAP->UNAVAILABLE@2026-07-12T00:00:00+00:00;UNAVAILABLE->SMALL_CAP@2026-09-07T00:00:00+00:00;SMALL_CAP->UNAVAILABLE@2026-09-08T00:00:00+00:00;UNAVAILABLE->SMALL_CAP@2026-09-09T00:00:00+00:00;SMALL_CAP->UNAVAILABLE@2026-09-11T00:00:00+00:00;UNAVAILABLE->SMALL_CAP@2026-09-12T00:00:00+00:00;SMALL_CAP->UNAVAILABLE@2026-09-13T00:00:00+00:00;UNAVAILABLE->SMALL_CAP@2026-09-14T00:00:00+00:00;SMALL_CAP->UNAVAILABLE@2026-09-16T00:00:00+00:00;UNAVAILABLE->SMALL_CAP@2026-09-19T00:00:00+00:00,0.0,0.0,273.5537,91.0,366
BNBUSDT,2025-10-04T00:00:00+00:00,2026-10-03T13:14:20+00:00,LARGE_CAP,0,,364.5516,0.0,0.0,0.0,366
CFXUSDT,2025-10-04T00:00:00+00:00,2026-10-03T13:28:50+00:00,SMALL_CAP,0,,0.0,0.0,364.5617,0.0,366
CHIPUSDT,2026-04-21T00:00:00+00:00,2026-10-03T13:34:00+00:00,SMALL_CAP|UNAVAILABLE,8,SMALL_CAP->UNAVAILABLE@2026-07-30T00:00:00+00:00;UNAVAILABLE->SMALL_CAP@2026-08-01T00:00:00+00:00;SMALL_CAP->UNAVAILABLE@2026-08-04T00:00:00+00:00;UNAVAILABLE->SMALL_CAP@2026-08-05T00:00:00+00:00;SMALL_CAP->UNAVAILABLE@2026-08-06T00:00:00+00:00;UNAVAILABLE->SMALL_CAP@2026-08-07T00:00:00+00:00;SMALL_CAP->UNAVAILABLE@2026-08-09T00:00:00+00:00;UNAVAILABLE->SMALL_CAP@2026-08-16T00:00:00+00:00,0.0,0.0,154.5653,11.0,167
DEXEUSDT,2025-10-04T00:00:00+00:00,2026-10-03T13:32:00+00:00,SMALL_CAP|UNAVAILABLE|MID_CAP,10,SMALL_CAP->UNAVAILABLE@2026-01-01T00:00:00+00:00;UNAVAILABLE->SMALL_CAP@2026-02-10T00:00:00+00:00;SMALL_CAP->UNAVAILABLE@2026-02-12T00:00:00+00:00;UNAVAILABLE->SMALL_CAP@2026-03-12T00:00:00+00:00;SMALL_CAP->UNAVAILABLE@2026-03-13T00:00:00+00:00;UNAVAILABLE->SMALL_CAP@2026-03-23T00:00:00+00:00;SMALL_CAP->MID_CAP@2026-06-09T00:00:00+00:00;MID_CAP->SMALL_CAP@2026-06-10T00:00:00+00:00;SMALL_CAP->MID_CAP@2026-06-24T00:00:00+00:00;MID_CAP->SMALL_CAP@2026-07-22T00:00:00+00:00,0.0,29.0,257.5639,78.0,366
DOGEUSDT,2025-10-04T00:00:00+00:00,2026-10-03T13:14:50+00:00,LARGE_CAP,0,,364.552,0.0,0.0,0.0,366
DYDXUSDT,2025-10-04T00:00:00+00:00,2026-10-03T13:16:10+00:00,SMALL_CAP,0,,0.0,0.0,364.5529,0.0,366
ESPUSDT,2026-02-12T00:00:00+00:00,2026-10-03T13:25:00+00:00,UNAVAILABLE|SMALL_CAP,11,UNAVAILABLE->SMALL_CAP@2026-02-24T00:00:00+00:00;SMALL_CAP->UNAVAILABLE@2026-03-19T00:00:00+00:00;UNAVAILABLE->SMALL_CAP@2026-03-21T00:00:00+00:00;SMALL_CAP->UNAVAILABLE@2026-03-22T00:00:00+00:00;UNAVAILABLE->SMALL_CAP@2026-03-24T00:00:00+00:00;SMALL_CAP->UNAVAILABLE@2026-03-25T00:00:00+00:00;UNAVAILABLE->SMALL_CAP@2026-07-27T00:00:00+00:00;SMALL_CAP->UNAVAILABLE@2026-07-29T00:00:00+00:00;UNAVAILABLE->SMALL_CAP@2026-08-14T00:00:00+00:00;SMALL_CAP->UNAVAILABLE@2026-08-15T00:00:00+00:00;UNAVAILABLE->SMALL_CAP@2026-08-20T00:00:00+00:00,0.0,0.0,72.559,161.0,235
FLOWUSDT,2025-10-04T00:00:00+00:00,2026-10-03T13:25:20+00:00,SMALL_CAP|UNAVAILABLE,12,SMALL_CAP->UNAVAILABLE@2026-03-29T00:00:00+00:00;UNAVAILABLE->SMALL_CAP@2026-04-04T00:00:00+00:00;SMALL_CAP->UNAVAILABLE@2026-06-03T00:00:00+00:00;UNAVAILABLE->SMALL_CAP@2026-06-18T00:00:00+00:00;SMALL_CAP->UNAVAILABLE@2026-06-19T00:00:00+00:00;UNAVAILABLE->SMALL_CAP@2026-08-01T00:00:00+00:00;SMALL_CAP->UNAVAILABLE@2026-08-02T00:00:00+00:00;UNAVAILABLE->SMALL_CAP@2026-08-11T00:00:00+00:00;SMALL_CAP->UNAVAILABLE@2026-08-17T00:00:00+00:00;UNAVAILABLE->SMALL_CAP@2026-08-22T00:00:00+00:00;SMALL_CAP->UNAVAILABLE@2026-08-25T00:00:00+00:00;UNAVAILABLE->SMALL_CAP@2026-09-18T00:00:00+00:00,0.0,0.0,262.5593,102.0,366
FORMUSDT,2025-10-04T00:00:00+00:00,2026-10-03T13:25:30+00:00,SMALL_CAP,0,,0.0,0.0,364.5594,0.0,366
GRASSUSDT,2025-10-04T00:00:00+00:00,2026-10-03T13:26:00+00:00,SMALL_CAP,0,,0.0,0.0,364.5597,0.0,366
IDUSDT,2025-10-04T00:00:00+00:00,2026-10-03T13:29:10+00:00,SMALL_CAP|UNAVAILABLE,12,SMALL_CAP->UNAVAILABLE@2025-10-11T00:00:00+00:00;UNAVAILABLE->SMALL_CAP@2025-10-13T00:00:00+00:00;SMALL_CAP->UNAVAILABLE@2025-10-17T00:00:00+00:00;UNAVAILABLE->SMALL_CAP@2026-02-10T00:00:00+00:00;SMALL_CAP->UNAVAILABLE@2026-02-12T00:00:00+00:00;UNAVAILABLE->SMALL_CAP@2026-03-12T00:00:00+00:00;SMALL_CAP->UNAVAILABLE@2026-03-13T00:00:00+00:00;UNAVAILABLE->SMALL_CAP@2026-09-07T00:00:00+00:00;SMALL_CAP->UNAVAILABLE@2026-09-08T00:00:00+00:00;UNAVAILABLE->SMALL_CAP@2026-09-09T00:00:00+00:00;SMALL_CAP->UNAVAILABLE@2026-09-10T00:00:00+00:00;UNAVAILABLE->SMALL_CAP@2026-09-19T00:00:00+00:00,0.0,0.0,30.5619,334.0,366
KAITOUSDT,2025-10-04T00:00:00+00:00,2026-10-03T13:17:30+00:00,SMALL_CAP,0,,0.0,0.0,364.5538,0.0,366
KAVAUSDT,2025-10-04T00:00:00+00:00,2026-10-03T13:26:10+00:00,SMALL_CAP|UNAVAILABLE,6,SMALL_CAP->UNAVAILABLE@2026-06-06T00:00:00+00:00;UNAVAILABLE->SMALL_CAP@2026-06-16T00:00:00+00:00;SMALL_CAP->UNAVAILABLE@2026-06-25T00:00:00+00:00;UNAVAILABLE->SMALL_CAP@2026-08-29T00:00:00+00:00;SMALL_CAP->UNAVAILABLE@2026-08-31T00:00:00+00:00;UNAVAILABLE->SMALL_CAP@2026-09-01T00:00:00+00:00,0.0,0.0,288.5598,76.0,366
KSMUSDT,2025-10-04T00:00:00+00:00,2026-10-03T13:17:40+00:00,SMALL_CAP,0,,0.0,0.0,364.5539,0.0,366
LINKUSDT,2025-10-04T00:00:00+00:00,2026-10-03T13:14:20+00:00,LARGE_CAP|MID_CAP,8,LARGE_CAP->MID_CAP@2025-11-15T00:00:00+00:00;MID_CAP->LARGE_CAP@2025-12-04T00:00:00+00:00;LARGE_CAP->MID_CAP@2025-12-05T00:00:00+00:00;MID_CAP->LARGE_CAP@2025-12-10T00:00:00+00:00;LARGE_CAP->MID_CAP@2025-12-11T00:00:00+00:00;MID_CAP->LARGE_CAP@2026-01-14T00:00:00+00:00;LARGE_CAP->MID_CAP@2026-01-18T00:00:00+00:00;MID_CAP->LARGE_CAP@2026-09-26T00:00:00+00:00,55.5516,309.0,0.0,0.0,366
LPTUSDT,2025-10-04T00:00:00+00:00,2026-10-03T13:32:20+00:00,SMALL_CAP,0,,0.0,0.0,364.5641,0.0,366
MUBARAKUSDT,2025-10-04T00:00:00+00:00,2026-10-03T13:18:50+00:00,UNAVAILABLE|SMALL_CAP,3,UNAVAILABLE->SMALL_CAP@2026-09-23T00:00:00+00:00;SMALL_CAP->UNAVAILABLE@2026-09-25T00:00:00+00:00;UNAVAILABLE->SMALL_CAP@2026-09-26T00:00:00+00:00,0.0,0.0,9.5547,355.0,366
NEOUSDT,2025-10-04T00:00:00+00:00,2026-10-03T13:30:10+00:00,SMALL_CAP,0,,0.0,0.0,364.5626,0.0,366
ONTUSDT,2025-10-04T00:00:00+00:00,2026-10-03T13:27:20+00:00,SMALL_CAP|UNAVAILABLE,26,SMALL_CAP->UNAVAILABLE@2025-12-19T00:00:00+00:00;UNAVAILABLE->SMALL_CAP@2025-12-20T00:00:00+00:00;SMALL_CAP->UNAVAILABLE@2025-12-22T00:00:00+00:00;UNAVAILABLE->SMALL_CAP@2025-12-23T00:00:00+00:00;SMALL_CAP->UNAVAILABLE@2025-12-24T00:00:00+00:00;UNAVAILABLE->SMALL_CAP@2025-12-28T00:00:00+00:00;SMALL_CAP->UNAVAILABLE@2026-02-06T00:00:00+00:00;UNAVAILABLE->SMALL_CAP@2026-02-08T00:00:00+00:00;SMALL_CAP->UNAVAILABLE@2026-02-10T00:00:00+00:00;UNAVAILABLE->SMALL_CAP@2026-02-12T00:00:00+00:00;SMALL_CAP->UNAVAILABLE@2026-02-19T00:00:00+00:00;UNAVAILABLE->SMALL_CAP@2026-02-21T00:00:00+00:00;SMALL_CAP->UNAVAILABLE@2026-02-23T00:00:00+00:00;UNAVAILABLE->SMALL_CAP@2026-03-05T00:00:00+00:00;SMALL_CAP->UNAVAILABLE@2026-03-06T00:00:00+00:00;UNAVAILABLE->SMALL_CAP@2026-03-20T00:00:00+00:00;SMALL_CAP->UNAVAILABLE@2026-03-21T00:00:00+00:00;UNAVAILABLE->SMALL_CAP@2026-03-25T00:00:00+00:00;SMALL_CAP->UNAVAILABLE@2026-03-28T00:00:00+00:00;UNAVAILABLE->SMALL_CAP@2026-03-29T00:00:00+00:00;SMALL_CAP->UNAVAILABLE@2026-06-03T00:00:00+00:00;UNAVAILABLE->SMALL_CAP@2026-06-04T00:00:00+00:00;SMALL_CAP->UNAVAILABLE@2026-06-05T00:00:00+00:00;UNAVAILABLE->SMALL_CAP@2026-08-26T00:00:00+00:00;SMALL_CAP->UNAVAILABLE@2026-09-16T00:00:00+00:00;UNAVAILABLE->SMALL_CAP@2026-09-19T00:00:00+00:00,0.0,0.0,237.5606,127.0,366
OPUSDT,2025-10-04T00:00:00+00:00,2026-10-03T13:18:40+00:00,MID_CAP|SMALL_CAP,1,MID_CAP->SMALL_CAP@2025-10-11T00:00:00+00:00,0.0,7.0,357.5546,0.0,366
PENDLEUSDT,2025-10-04T00:00:00+00:00,2026-10-03T13:22:50+00:00,SMALL_CAP,0,,0.0,0.0,364.5575,0.0,366
PLUMEUSDT,2025-10-04T00:00:00+00:00,2026-10-03T13:19:40+00:00,SMALL_CAP|UNAVAILABLE,4,SMALL_CAP->UNAVAILABLE@2025-12-18T00:00:00+00:00;UNAVAILABLE->SMALL_CAP@2025-12-21T00:00:00+00:00;SMALL_CAP->UNAVAILABLE@2026-04-06T00:00:00+00:00;UNAVAILABLE->SMALL_CAP@2026-04-07T00:00:00+00:00,0.0,0.0,360.5553,4.0,366
PYTHUSDT,2025-10-04T00:00:00+00:00,2026-10-03T13:20:50+00:00,SMALL_CAP,0,,0.0,0.0,364.5561,0.0,366
RAVEUSDT,2025-12-12T00:00:00+00:00,2026-10-03T13:28:30+00:00,SMALL_CAP|MID_CAP|UNAVAILABLE,4,SMALL_CAP->MID_CAP@2026-04-13T00:00:00+00:00;MID_CAP->SMALL_CAP@2026-04-19T00:00:00+00:00;SMALL_CAP->UNAVAILABLE@2026-09-14T00:00:00+00:00;UNAVAILABLE->SMALL_CAP@2026-09-19T00:00:00+00:00,0.0,6.0,284.5615,5.0,297
RENDERUSDT,2025-10-04T00:00:00+00:00,2026-10-03T13:16:40+00:00,MID_CAP|SMALL_CAP,24,MID_CAP->SMALL_CAP@2025-11-05T00:00:00+00:00;SMALL_CAP->MID_CAP@2025-11-06T00:00:00+00:00;MID_CAP->SMALL_CAP@2025-11-21T00:00:00+00:00;SMALL_CAP->MID_CAP@2026-01-05T00:00:00+00:00;MID_CAP->SMALL_CAP@2026-01-26T00:00:00+00:00;SMALL_CAP->MID_CAP@2026-01-27T00:00:00+00:00;MID_CAP->SMALL_CAP@2026-01-28T00:00:00+00:00;SMALL_CAP->MID_CAP@2026-01-29T00:00:00+00:00;MID_CAP->SMALL_CAP@2026-01-30T00:00:00+00:00;SMALL_CAP->MID_CAP@2026-03-16T00:00:00+00:00;MID_CAP->SMALL_CAP@2026-03-18T00:00:00+00:00;SMALL_CAP->MID_CAP@2026-04-04T00:00:00+00:00;MID_CAP->SMALL_CAP@2026-04-05T00:00:00+00:00;SMALL_CAP->MID_CAP@2026-04-08T00:00:00+00:00;MID_CAP->SMALL_CAP@2026-04-13T00:00:00+00:00;SMALL_CAP->MID_CAP@2026-05-07T00:00:00+00:00;MID_CAP->SMALL_CAP@2026-05-13T00:00:00+00:00;SMALL_CAP->MID_CAP@2026-05-22T00:00:00+00:00;MID_CAP->SMALL_CAP@2026-05-23T00:00:00+00:00;SMALL_CAP->MID_CAP@2026-05-24T00:00:00+00:00;MID_CAP->SMALL_CAP@2026-06-05T00:00:00+00:00;SMALL_CAP->MID_CAP@2026-09-26T00:00:00+00:00;MID_CAP->SMALL_CAP@2026-09-30T00:00:00+00:00;SMALL_CAP->MID_CAP@2026-10-03T00:00:00+00:00,0.0,101.5532,263.0,0.0,366
ROSEUSDT,2025-10-04T00:00:00+00:00,2026-10-03T13:30:30+00:00,SMALL_CAP|UNAVAILABLE,10,SMALL_CAP->UNAVAILABLE@2026-06-07T00:00:00+00:00;UNAVAILABLE->SMALL_CAP@2026-06-08T00:00:00+00:00;SMALL_CAP->UNAVAILABLE@2026-06-09T00:00:00+00:00;UNAVAILABLE->SMALL_CAP@2026-06-15T00:00:00+00:00;SMALL_CAP->UNAVAILABLE@2026-06-24T00:00:00+00:00;UNAVAILABLE->SMALL_CAP@2026-08-22T00:00:00+00:00;SMALL_CAP->UNAVAILABLE@2026-08-23T00:00:00+00:00;UNAVAILABLE->SMALL_CAP@2026-08-24T00:00:00+00:00;SMALL_CAP->UNAVAILABLE@2026-08-25T00:00:00+00:00;UNAVAILABLE->SMALL_CAP@2026-09-03T00:00:00+00:00,0.0,0.0,288.5628,76.0,366
RUNEUSDT,2025-10-04T00:00:00+00:00,2026-10-03T13:24:20+00:00,SMALL_CAP,0,,0.0,0.0,364.5586,0.0,366
SEIUSDT,2025-10-04T00:00:00+00:00,2026-10-03T13:21:00+00:00,MID_CAP|SMALL_CAP,7,MID_CAP->SMALL_CAP@2025-11-05T00:00:00+00:00;SMALL_CAP->MID_CAP@2025-11-06T00:00:00+00:00;MID_CAP->SMALL_CAP@2025-11-15T00:00:00+00:00;SMALL_CAP->MID_CAP@2025-11-16T00:00:00+00:00;MID_CAP->SMALL_CAP@2025-11-17T00:00:00+00:00;SMALL_CAP->MID_CAP@2026-01-28T00:00:00+00:00;MID_CAP->SMALL_CAP@2026-01-29T00:00:00+00:00,0.0,43.0,321.5562,0.0,366
SKYUSDT,2025-10-04T00:00:00+00:00,2026-10-03T13:23:00+00:00,MID_CAP|SMALL_CAP,2,MID_CAP->SMALL_CAP@2025-11-23T00:00:00+00:00;SMALL_CAP->MID_CAP@2025-11-27T00:00:00+00:00,0.0,360.5576,4.0,0.0,366
SNXUSDT,2025-10-04T00:00:00+00:00,2026-10-03T13:27:30+00:00,SMALL_CAP,0,,0.0,0.0,364.5608,0.0,366
SOLUSDT,2025-10-04T00:00:00+00:00,2026-10-03T13:13:30+00:00,LARGE_CAP,0,,364.551,0.0,0.0,0.0,366
SPKUSDT,2025-10-04T00:00:00+00:00,2026-10-03T13:33:30+00:00,SMALL_CAP|UNAVAILABLE,14,SMALL_CAP->UNAVAILABLE@2025-12-08T00:00:00+00:00;UNAVAILABLE->SMALL_CAP@2025-12-09T00:00:00+00:00;SMALL_CAP->UNAVAILABLE@2025-12-12T00:00:00+00:00;UNAVAILABLE->SMALL_CAP@2025-12-29T00:00:00+00:00;SMALL_CAP->UNAVAILABLE@2025-12-30T00:00:00+00:00;UNAVAILABLE->SMALL_CAP@2026-01-04T00:00:00+00:00;SMALL_CAP->UNAVAILABLE@2026-02-16T00:00:00+00:00;UNAVAILABLE->SMALL_CAP@2026-03-12T00:00:00+00:00;SMALL_CAP->UNAVAILABLE@2026-03-13T00:00:00+00:00;UNAVAILABLE->SMALL_CAP@2026-04-22T00:00:00+00:00;SMALL_CAP->UNAVAILABLE@2026-04-23T00:00:00+00:00;UNAVAILABLE->SMALL_CAP@2026-05-29T00:00:00+00:00;SMALL_CAP->UNAVAILABLE@2026-07-28T00:00:00+00:00;UNAVAILABLE->SMALL_CAP@2026-08-22T00:00:00+00:00,0.0,0.0,216.5649,148.0,344
STRKUSDT,2025-10-04T00:00:00+00:00,2026-10-03T13:21:10+00:00,SMALL_CAP|MID_CAP,2,SMALL_CAP->MID_CAP@2025-11-20T00:00:00+00:00;MID_CAP->SMALL_CAP@2025-11-22T00:00:00+00:00,0.0,2.0,362.5564,0.0,366
STXUSDT,2025-10-04T00:00:00+00:00,2026-10-03T13:21:40+00:00,MID_CAP|SMALL_CAP,1,MID_CAP->SMALL_CAP@2025-10-11T00:00:00+00:00,0.0,7.0,357.5567,0.0,366
SUIUSDT,2025-10-04T00:00:00+00:00,2026-10-03T13:14:50+00:00,LARGE_CAP|MID_CAP,3,LARGE_CAP->MID_CAP@2025-10-11T00:00:00+00:00;MID_CAP->LARGE_CAP@2025-10-13T00:00:00+00:00;LARGE_CAP->MID_CAP@2025-10-16T00:00:00+00:00,10.0,354.552,0.0,0.0,366
SUSHIUSDT,2025-10-04T00:00:00+00:00,2026-10-03T13:22:00+00:00,SMALL_CAP|UNAVAILABLE,20,SMALL_CAP->UNAVAILABLE@2026-02-10T00:00:00+00:00;UNAVAILABLE->SMALL_CAP@2026-02-12T00:00:00+00:00;SMALL_CAP->UNAVAILABLE@2026-03-12T00:00:00+00:00;UNAVAILABLE->SMALL_CAP@2026-03-13T00:00:00+00:00;SMALL_CAP->UNAVAILABLE@2026-03-21T00:00:00+00:00;UNAVAILABLE->SMALL_CAP@2026-03-22T00:00:00+00:00;SMALL_CAP->UNAVAILABLE@2026-03-28T00:00:00+00:00;UNAVAILABLE->SMALL_CAP@2026-04-17T00:00:00+00:00;SMALL_CAP->UNAVAILABLE@2026-04-20T00:00:00+00:00;UNAVAILABLE->SMALL_CAP@2026-04-21T00:00:00+00:00;SMALL_CAP->UNAVAILABLE@2026-05-23T00:00:00+00:00;UNAVAILABLE->SMALL_CAP@2026-05-24T00:00:00+00:00;SMALL_CAP->UNAVAILABLE@2026-05-25T00:00:00+00:00;UNAVAILABLE->SMALL_CAP@2026-06-02T00:00:00+00:00;SMALL_CAP->UNAVAILABLE@2026-06-03T00:00:00+00:00;UNAVAILABLE->SMALL_CAP@2026-06-04T00:00:00+00:00;SMALL_CAP->UNAVAILABLE@2026-06-05T00:00:00+00:00;UNAVAILABLE->SMALL_CAP@2026-07-24T00:00:00+00:00;SMALL_CAP->UNAVAILABLE@2026-07-25T00:00:00+00:00;UNAVAILABLE->SMALL_CAP@2026-08-21T00:00:00+00:00,0.0,0.0,253.5569,111.0,366
TRXUSDT,2025-10-04T00:00:00+00:00,2026-10-03T13:28:10+00:00,LARGE_CAP,0,,364.5612,0.0,0.0,0.0,366
TUSDT,2025-10-04T00:00:00+00:00,2026-10-03T13:33:40+00:00,SMALL_CAP|UNAVAILABLE,10,SMALL_CAP->UNAVAILABLE@2026-06-05T00:00:00+00:00;UNAVAILABLE->SMALL_CAP@2026-07-12T00:00:00+00:00;SMALL_CAP->UNAVAILABLE@2026-07-15T00:00:00+00:00;UNAVAILABLE->SMALL_CAP@2026-09-03T00:00:00+00:00;SMALL_CAP->UNAVAILABLE@2026-09-05T00:00:00+00:00;UNAVAILABLE->SMALL_CAP@2026-09-07T00:00:00+00:00;SMALL_CAP->UNAVAILABLE@2026-09-08T00:00:00+00:00;UNAVAILABLE->SMALL_CAP@2026-09-15T00:00:00+00:00;SMALL_CAP->UNAVAILABLE@2026-09-16T00:00:00+00:00;UNAVAILABLE->SMALL_CAP@2026-09-19T00:00:00+00:00,0.0,0.0,265.565,99.0,366
USELESSUSDT,2025-10-04T00:00:00+00:00,2026-10-03T13:21:40+00:00,SMALL_CAP|UNAVAILABLE,12,SMALL_CAP->UNAVAILABLE@2026-02-10T00:00:00+00:00;UNAVAILABLE->SMALL_CAP@2026-02-12T00:00:00+00:00;SMALL_CAP->UNAVAILABLE@2026-03-12T00:00:00+00:00;UNAVAILABLE->SMALL_CAP@2026-03-13T00:00:00+00:00;SMALL_CAP->UNAVAILABLE@2026-03-21T00:00:00+00:00;UNAVAILABLE->SMALL_CAP@2026-03-22T00:00:00+00:00;SMALL_CAP->UNAVAILABLE@2026-03-28T00:00:00+00:00;UNAVAILABLE->SMALL_CAP@2026-05-08T00:00:00+00:00;SMALL_CAP->UNAVAILABLE@2026-08-02T00:00:00+00:00;UNAVAILABLE->SMALL_CAP@2026-08-03T00:00:00+00:00;SMALL_CAP->UNAVAILABLE@2026-08-04T00:00:00+00:00;UNAVAILABLE->SMALL_CAP@2026-08-22T00:00:00+00:00,0.0,0.0,300.5567,64.0,366
VETUSDT,2025-10-04T00:00:00+00:00,2026-10-03T13:33:50+00:00,MID_CAP|SMALL_CAP,9,MID_CAP->SMALL_CAP@2025-12-13T00:00:00+00:00;SMALL_CAP->MID_CAP@2025-12-14T00:00:00+00:00;MID_CAP->SMALL_CAP@2025-12-15T00:00:00+00:00;SMALL_CAP->MID_CAP@2026-01-03T00:00:00+00:00;MID_CAP->SMALL_CAP@2026-01-21T00:00:00+00:00;SMALL_CAP->MID_CAP@2026-01-22T00:00:00+00:00;MID_CAP->SMALL_CAP@2026-01-26T00:00:00+00:00;SMALL_CAP->MID_CAP@2026-01-27T00:00:00+00:00;MID_CAP->SMALL_CAP@2026-01-30T00:00:00+00:00,0.0,96.0,268.5652,0.0,366
WLFIUSDT,2025-10-04T00:00:00+00:00,2026-10-03T13:21:50+00:00,MID_CAP,0,,0.0,364.5568,0.0,0.0,366
WUSDT,2025-10-04T00:00:00+00:00,2026-10-03T13:33:50+00:00,SMALL_CAP|UNAVAILABLE,2,SMALL_CAP->UNAVAILABLE@2026-08-02T00:00:00+00:00;UNAVAILABLE->SMALL_CAP@2026-08-03T00:00:00+00:00,0.0,0.0,363.5652,1.0,366
XMRUSDT,2025-10-04T00:00:00+00:00,2026-10-03T13:16:20+00:00,MID_CAP|LARGE_CAP,7,MID_CAP->LARGE_CAP@2026-01-12T00:00:00+00:00;LARGE_CAP->MID_CAP@2026-01-21T00:00:00+00:00;MID_CAP->LARGE_CAP@2026-09-06T00:00:00+00:00;LARGE_CAP->MID_CAP@2026-09-08T00:00:00+00:00;MID_CAP->LARGE_CAP@2026-09-13T00:00:00+00:00;LARGE_CAP->MID_CAP@2026-09-14T00:00:00+00:00;MID_CAP->LARGE_CAP@2026-09-19T00:00:00+00:00,26.553,338.0,0.0,0.0,366
XRPUSDT,2025-10-04T00:00:00+00:00,2026-10-03T13:14:20+00:00,LARGE_CAP,0,,364.5516,0.0,0.0,0.0,366
XTZUSDT,2025-10-04T00:00:00+00:00,2026-10-03T13:28:10+00:00,SMALL_CAP,0,,0.0,0.0,364.5612,0.0,366
