strategy_id,symbol,timeframe,cap_group,requested_start,requested_end,actual_start,actual_end,bars,signals_detected,cap_eligible_signals,candidates,entries,closed_trades,open_trades,calendar_days,history_bucket,cap_observations,coverage_ratio,signals
MID_CAP_FVG_DISCOUNT,AAVEUSDT,5m,MID_CAP,2026-09-30T11:30:00+00:00,2026-10-03T13:21:40+00:00,2026-09-30T11:30:00+00:00,2026-10-03T13:20:00+00:00,826,112,43,43,43,22,1,3.0775462962962963,A_<14d,4,0.9319292967280932,112
MID_CAP_FVG_DISCOUNT,AAVEUSDT,15m,MID_CAP,2026-09-29T02:15:00+00:00,2026-10-03T13:15:00+00:00,2026-09-29T02:15:00+00:00,2026-10-03T13:15:00+00:00,424,43,13,13,13,8,0,4.458333333333333,A_<14d,4,0.9906542056074766,43
MID_CAP_FVG_DISCOUNT,AAVEUSDT,1h,MID_CAP,2026-09-22T21:00:00+00:00,2026-10-03T11:00:00+00:00,2026-09-22T21:00:00+00:00,2026-10-03T11:00:00+00:00,255,24,11,11,11,3,1,10.583333333333334,A_<14d,11,1.0039370078740157,24
SMALL_CAP_VOLUME_BOS,ALTUSDT,5m,SMALL_CAP,2026-09-30T14:55:00+00:00,2026-10-02T10:10:00+00:00,2026-09-30T14:55:00+00:00,2026-10-02T10:10:00+00:00,520,9,1,1,1,1,0,1.8020833333333333,A_<14d,2,1.001926782273603,9
SMALL_CAP_VOLUME_BOS,ALTUSDT,15m,SMALL_CAP,2026-09-29T04:45:00+00:00,2026-10-03T12:45:00+00:00,2026-09-29T04:45:00+00:00,2026-10-03T12:45:00+00:00,417,4,2,2,2,1,1,4.333333333333333,A_<14d,4,1.0024038461538463,4
SMALL_CAP_VOLUME_BOS,ALTUSDT,1h,SMALL_CAP,2026-09-22T23:00:00+00:00,2026-10-03T12:00:00+00:00,2026-09-22T23:00:00+00:00,2026-10-03T12:00:00+00:00,254,2,0,0,0,0,0,10.541666666666666,A_<14d,11,1.0039525691699605,2
SMALL_CAP_VOLUME_BOS,ARKMUSDT,5m,SMALL_CAP,2026-09-30T14:50:00+00:00,2026-10-02T20:05:00+00:00,2026-09-30T14:50:00+00:00,2026-10-02T20:05:00+00:00,640,4,1,1,1,1,0,2.21875,A_<14d,2,1.001564945226917,4
SMALL_CAP_VOLUME_BOS,ARKMUSDT,15m,SMALL_CAP,2026-09-29T04:45:00+00:00,2026-10-03T12:15:00+00:00,2026-09-29T04:45:00+00:00,2026-10-03T12:15:00+00:00,415,5,0,0,0,0,0,4.3125,A_<14d,4,1.002415458937198,5
SMALL_CAP_VOLUME_BOS,ARKMUSDT,1h,SMALL_CAP,2026-09-22T23:00:00+00:00,2026-10-03T11:00:00+00:00,2026-09-22T23:00:00+00:00,2026-10-03T11:00:00+00:00,253,0,0,0,0,0,0,10.5,A_<14d,11,1.003968253968254,0
SMALL_CAP_VOLUME_BOS,BLURUSDT,5m,SMALL_CAP,2026-09-30T14:30:00+00:00,2026-10-03T12:25:00+00:00,2026-09-30T14:30:00+00:00,2026-10-03T12:25:00+00:00,755,7,0,0,0,0,0,2.9131944444444446,A_<14d,3,0.899880810488677,7
SMALL_CAP_VOLUME_BOS,BLURUSDT,15m,SMALL_CAP,2026-09-29T02:15:00+00:00,2026-10-03T12:15:00+00:00,2026-09-29T02:15:00+00:00,2026-10-03T12:15:00+00:00,425,10,3,3,3,3,0,4.416666666666667,A_<14d,4,1.0023584905660377,10
SMALL_CAP_VOLUME_BOS,BLURUSDT,1h,SMALL_CAP,2026-09-22T21:00:00+00:00,2026-10-03T11:00:00+00:00,2026-09-22T21:00:00+00:00,2026-10-03T11:00:00+00:00,255,3,0,0,0,0,0,10.583333333333334,A_<14d,11,1.0039370078740157,3
LARGE_CAP_SWEEP_CHOCH,BNBUSDT,5m,LARGE_CAP,2026-01-06T12:55:00+00:00,2026-10-03T13:14:20+00:00,2026-01-06T12:55:00+00:00,2026-10-03T13:10:00+00:00,77695,2092,669,669,669,436,1,270.0134259259259,E_180d_plus,271,0.9991144130350171,2092
LARGE_CAP_SWEEP_CHOCH,BNBUSDT,15m,LARGE_CAP,2026-05-27T02:15:00+00:00,2026-10-03T13:14:20+00:00,2026-05-27T02:15:00+00:00,2026-10-03T13:00:00+00:00,12404,290,95,95,95,74,1,129.45787037037036,D_90_180d,130,0.9980724459909381,290
LARGE_CAP_SWEEP_CHOCH,BNBUSDT,1h,LARGE_CAP,2025-10-04T00:00:00+00:00,2026-10-03T11:00:00+00:00,2025-10-01T12:00:00+00:00,2026-10-03T11:00:00+00:00,8808,219,69,69,69,53,1,364.4583333333333,E_180d_plus,365,1.0069738195952898,219
SMALL_CAP_VOLUME_BOS,CFXUSDT,5m,SMALL_CAP,2026-09-30T14:50:00+00:00,2026-10-03T02:40:00+00:00,2026-09-30T14:50:00+00:00,2026-10-03T02:40:00+00:00,717,5,1,1,1,1,0,2.4930555555555554,A_<14d,3,0.998607242339833,5
SMALL_CAP_VOLUME_BOS,CFXUSDT,15m,SMALL_CAP,2026-09-29T04:45:00+00:00,2026-10-03T12:15:00+00:00,2026-09-29T04:45:00+00:00,2026-10-03T12:15:00+00:00,415,0,0,0,0,0,0,4.3125,A_<14d,4,1.002415458937198,0
SMALL_CAP_VOLUME_BOS,CFXUSDT,1h,SMALL_CAP,2026-09-22T23:00:00+00:00,2026-10-03T11:00:00+00:00,2026-09-22T23:00:00+00:00,2026-10-03T11:00:00+00:00,253,1,0,0,0,0,0,10.5,A_<14d,11,1.003968253968254,1
SMALL_CAP_VOLUME_BOS,CHIPUSDT,5m,SMALL_CAP,2026-09-30T14:30:00+00:00,2026-10-02T09:45:00+00:00,2026-09-30T14:30:00+00:00,2026-10-02T09:45:00+00:00,520,3,0,0,0,0,0,1.8020833333333333,A_<14d,2,1.001926782273603,3
SMALL_CAP_VOLUME_BOS,CHIPUSDT,15m,SMALL_CAP,2026-09-29T02:15:00+00:00,2026-10-03T09:15:00+00:00,2026-09-29T02:15:00+00:00,2026-10-03T09:15:00+00:00,413,5,0,0,0,0,0,4.291666666666667,A_<14d,4,1.0024271844660195,5
SMALL_CAP_VOLUME_BOS,CHIPUSDT,1h,SMALL_CAP,2026-09-22T21:00:00+00:00,2026-10-03T11:00:00+00:00,2026-09-22T21:00:00+00:00,2026-10-03T11:00:00+00:00,255,0,0,0,0,0,0,10.583333333333334,A_<14d,11,1.0039370078740157,0
SMALL_CAP_VOLUME_BOS,DEXEUSDT,5m,SMALL_CAP,2026-09-30T14:50:00+00:00,2026-10-03T12:30:00+00:00,2026-09-30T14:50:00+00:00,2026-10-03T12:30:00+00:00,568,8,0,0,0,0,0,2.9027777777777777,A_<14d,3,0.6794258373205742,8
SMALL_CAP_VOLUME_BOS,DEXEUSDT,15m,SMALL_CAP,2026-09-29T04:45:00+00:00,2026-10-03T12:15:00+00:00,2026-09-29T04:45:00+00:00,2026-10-03T12:15:00+00:00,414,5,0,0,0,0,0,4.3125,A_<14d,4,1.0,5
SMALL_CAP_VOLUME_BOS,DEXEUSDT,1h,SMALL_CAP,2026-09-22T23:00:00+00:00,2026-10-03T11:00:00+00:00,2026-09-22T23:00:00+00:00,2026-10-03T11:00:00+00:00,253,3,0,0,0,0,0,10.5,A_<14d,11,1.003968253968254,3
LARGE_CAP_SWEEP_CHOCH,DOGEUSDT,5m,LARGE_CAP,2026-01-06T12:55:00+00:00,2026-10-03T13:14:50+00:00,2026-01-06T12:55:00+00:00,2026-10-03T13:10:00+00:00,77711,1906,627,627,627,395,0,270.0137731481482,E_180d_plus,271,0.9993188790523801,1906
LARGE_CAP_SWEEP_CHOCH,DOGEUSDT,15m,LARGE_CAP,2026-05-27T02:15:00+00:00,2026-10-03T13:14:50+00:00,2026-05-27T02:15:00+00:00,2026-10-03T13:00:00+00:00,12403,312,105,105,105,70,1,129.4582175925926,D_90_180d,130,0.9979893055012923,312
LARGE_CAP_SWEEP_CHOCH,DOGEUSDT,1h,LARGE_CAP,2025-10-04T00:00:00+00:00,2026-10-03T11:00:00+00:00,2025-10-01T12:00:00+00:00,2026-10-03T11:00:00+00:00,8808,256,75,75,75,65,0,364.4583333333333,E_180d_plus,365,1.0069738195952898,256
SMALL_CAP_VOLUME_BOS,DYDXUSDT,5m,SMALL_CAP,2026-09-30T14:30:00+00:00,2026-10-03T12:55:00+00:00,2026-09-30T14:30:00+00:00,2026-10-03T12:55:00+00:00,795,14,3,3,3,3,0,2.9340277777777777,A_<14d,3,0.9408284023668639,14
SMALL_CAP_VOLUME_BOS,DYDXUSDT,15m,SMALL_CAP,2026-09-29T02:15:00+00:00,2026-10-03T12:45:00+00:00,2026-09-29T02:15:00+00:00,2026-10-03T12:45:00+00:00,427,4,0,0,0,0,0,4.4375,A_<14d,4,1.0023474178403755,4
SMALL_CAP_VOLUME_BOS,DYDXUSDT,1h,SMALL_CAP,2026-09-22T21:00:00+00:00,2026-10-03T12:00:00+00:00,2026-09-22T21:00:00+00:00,2026-10-03T12:00:00+00:00,256,2,0,0,0,0,0,10.625,A_<14d,11,1.003921568627451,2
SMALL_CAP_VOLUME_BOS,ESPUSDT,5m,SMALL_CAP,2026-09-30T14:30:00+00:00,2026-10-03T02:35:00+00:00,2026-09-30T14:30:00+00:00,2026-10-03T02:35:00+00:00,519,5,4,4,4,4,0,2.5034722222222223,A_<14d,3,0.7198335644937587,5
SMALL_CAP_VOLUME_BOS,ESPUSDT,15m,SMALL_CAP,2026-09-29T04:45:00+00:00,2026-10-03T12:45:00+00:00,2026-09-29T04:45:00+00:00,2026-10-03T12:45:00+00:00,417,5,1,1,1,1,0,4.333333333333333,A_<14d,4,1.0024038461538463,5
SMALL_CAP_VOLUME_BOS,ESPUSDT,1h,SMALL_CAP,2026-09-22T22:00:00+00:00,2026-10-03T12:00:00+00:00,2026-09-22T22:00:00+00:00,2026-10-03T12:00:00+00:00,255,6,0,0,0,0,0,10.583333333333334,A_<14d,11,1.0039370078740157,6
SMALL_CAP_VOLUME_BOS,FLOWUSDT,5m,SMALL_CAP,2026-09-30T14:45:00+00:00,2026-10-03T12:55:00+00:00,2026-09-30T14:45:00+00:00,2026-10-03T12:55:00+00:00,794,12,1,1,1,1,0,2.923611111111111,A_<14d,3,0.9429928741092637,12
SMALL_CAP_VOLUME_BOS,FLOWUSDT,15m,SMALL_CAP,2026-09-29T04:45:00+00:00,2026-10-03T12:45:00+00:00,2026-09-29T04:45:00+00:00,2026-10-03T12:45:00+00:00,417,6,1,1,1,1,0,4.333333333333333,A_<14d,4,1.0024038461538463,6
SMALL_CAP_VOLUME_BOS,FLOWUSDT,1h,SMALL_CAP,2026-09-22T22:00:00+00:00,2026-10-03T12:00:00+00:00,2026-09-22T22:00:00+00:00,2026-10-03T12:00:00+00:00,255,2,0,0,0,0,0,10.583333333333334,A_<14d,11,1.0039370078740157,2
SMALL_CAP_VOLUME_BOS,FORMUSDT,5m,SMALL_CAP,2026-09-30T14:45:00+00:00,2026-10-03T12:55:00+00:00,2026-09-30T14:45:00+00:00,2026-10-03T12:55:00+00:00,843,3,0,0,0,0,0,2.923611111111111,A_<14d,3,1.001187648456057,3
SMALL_CAP_VOLUME_BOS,FORMUSDT,15m,SMALL_CAP,2026-09-29T04:45:00+00:00,2026-10-03T12:45:00+00:00,2026-09-29T04:45:00+00:00,2026-10-03T12:45:00+00:00,417,2,0,0,0,0,0,4.333333333333333,A_<14d,4,1.0024038461538463,2
SMALL_CAP_VOLUME_BOS,FORMUSDT,1h,SMALL_CAP,2026-09-22T22:00:00+00:00,2026-10-03T12:00:00+00:00,2026-09-22T22:00:00+00:00,2026-10-03T12:00:00+00:00,255,1,0,0,0,0,0,10.583333333333334,A_<14d,11,1.0039370078740157,1
SMALL_CAP_VOLUME_BOS,GRASSUSDT,5m,SMALL_CAP,2026-09-30T14:30:00+00:00,2026-10-03T12:30:00+00:00,2026-09-30T14:30:00+00:00,2026-10-03T12:30:00+00:00,767,8,1,1,1,1,0,2.9166666666666665,A_<14d,3,0.9130952380952381,8
SMALL_CAP_VOLUME_BOS,GRASSUSDT,15m,SMALL_CAP,2026-09-29T02:15:00+00:00,2026-10-03T12:15:00+00:00,2026-09-29T02:15:00+00:00,2026-10-03T12:15:00+00:00,417,6,1,1,1,1,0,4.416666666666667,A_<14d,4,0.9834905660377359,6
SMALL_CAP_VOLUME_BOS,GRASSUSDT,1h,SMALL_CAP,2026-09-22T21:00:00+00:00,2026-10-03T09:00:00+00:00,2026-09-22T21:00:00+00:00,2026-10-03T09:00:00+00:00,253,5,0,0,0,0,0,10.5,A_<14d,11,1.003968253968254,5
SMALL_CAP_VOLUME_BOS,IDUSDT,5m,SMALL_CAP,2026-09-30T14:55:00+00:00,2026-10-02T20:10:00+00:00,2026-09-30T14:55:00+00:00,2026-10-02T20:10:00+00:00,640,3,1,1,1,1,0,2.21875,A_<14d,2,1.001564945226917,3
SMALL_CAP_VOLUME_BOS,IDUSDT,15m,SMALL_CAP,2026-09-29T04:45:00+00:00,2026-10-03T12:15:00+00:00,2026-09-29T04:45:00+00:00,2026-10-03T12:15:00+00:00,415,3,0,0,0,0,0,4.3125,A_<14d,4,1.002415458937198,3
SMALL_CAP_VOLUME_BOS,IDUSDT,1h,SMALL_CAP,2026-09-22T23:00:00+00:00,2026-10-03T11:00:00+00:00,2026-09-22T23:00:00+00:00,2026-10-03T11:00:00+00:00,253,0,0,0,0,0,0,10.5,A_<14d,11,1.003968253968254,0
SMALL_CAP_VOLUME_BOS,KAITOUSDT,5m,SMALL_CAP,2026-09-30T14:30:00+00:00,2026-10-03T12:30:00+00:00,2026-09-30T14:30:00+00:00,2026-10-03T12:30:00+00:00,354,1,0,0,0,0,0,2.9166666666666665,A_<14d,3,0.42142857142857143,1
SMALL_CAP_VOLUME_BOS,KAITOUSDT,15m,SMALL_CAP,2026-09-29T02:15:00+00:00,2026-10-03T12:15:00+00:00,2026-09-29T02:15:00+00:00,2026-10-03T12:15:00+00:00,425,4,0,0,0,0,0,4.416666666666667,A_<14d,4,1.0023584905660377,4
SMALL_CAP_VOLUME_BOS,KAITOUSDT,1h,SMALL_CAP,2026-09-22T21:00:00+00:00,2026-10-03T11:00:00+00:00,2026-09-22T21:00:00+00:00,2026-10-03T11:00:00+00:00,255,0,0,0,0,0,0,10.583333333333334,A_<14d,11,1.0039370078740157,0
SMALL_CAP_VOLUME_BOS,KAVAUSDT,5m,SMALL_CAP,2026-01-06T12:55:00+00:00,2026-10-03T12:55:00+00:00,2026-01-06T12:55:00+00:00,2026-10-03T12:55:00+00:00,77761,950,96,144,96,75,0,270.0,E_180d_plus,270,1.0000128600823046,950
SMALL_CAP_VOLUME_BOS,KAVAUSDT,15m,SMALL_CAP,2026-09-29T04:45:00+00:00,2026-10-03T12:45:00+00:00,2026-09-29T04:45:00+00:00,2026-10-03T12:45:00+00:00,417,9,2,2,2,2,0,4.333333333333333,A_<14d,4,1.0024038461538463,9
SMALL_CAP_VOLUME_BOS,KAVAUSDT,1h,SMALL_CAP,2026-09-22T23:00:00+00:00,2026-10-03T12:00:00+00:00,2026-09-22T23:00:00+00:00,2026-10-03T12:00:00+00:00,254,1,0,0,0,0,0,10.541666666666666,A_<14d,11,1.0039525691699605,1
SMALL_CAP_VOLUME_BOS,KSMUSDT,5m,SMALL_CAP,2026-09-30T14:30:00+00:00,2026-10-03T02:40:00+00:00,2026-09-30T14:30:00+00:00,2026-10-03T02:40:00+00:00,664,6,0,0,0,0,0,2.5069444444444446,A_<14d,3,0.9196675900277007,6
SMALL_CAP_VOLUME_BOS,KSMUSDT,15m,SMALL_CAP,2026-09-29T02:15:00+00:00,2026-10-03T12:15:00+00:00,2026-09-29T02:15:00+00:00,2026-10-03T12:15:00+00:00,425,8,0,0,0,0,0,4.416666666666667,A_<14d,4,1.0023584905660377,8
SMALL_CAP_VOLUME_BOS,KSMUSDT,1h,SMALL_CAP,2026-09-22T21:00:00+00:00,2026-10-03T11:00:00+00:00,2026-09-22T21:00:00+00:00,2026-10-03T11:00:00+00:00,255,2,0,0,0,0,0,10.583333333333334,A_<14d,11,1.0039370078740157,2
LARGE_CAP_SWEEP_CHOCH,LINKUSDT,5m,LARGE_CAP,2026-01-06T12:55:00+00:00,2026-10-03T13:14:20+00:00,2026-01-06T12:55:00+00:00,2026-10-03T13:10:00+00:00,77685,2067,28,621,28,24,0,270.0134259259259,E_180d_plus,271,0.9989858186064136,2067
MID_CAP_FVG_DISCOUNT,LINKUSDT,5m,MID_CAP,2026-01-06T12:55:00+00:00,2026-10-03T13:14:20+00:00,2026-01-06T12:55:00+00:00,2026-10-03T13:10:00+00:00,77685,8687,4601,4815,4601,2305,0,270.0134259259259,E_180d_plus,271,0.9989858186064136,8687
LARGE_CAP_SWEEP_CHOCH,LINKUSDT,15m,LARGE_CAP,2026-05-27T02:15:00+00:00,2026-10-03T13:14:20+00:00,2026-05-27T02:15:00+00:00,2026-10-03T13:00:00+00:00,12404,315,7,101,7,3,0,129.45787037037036,D_90_180d,130,0.9980724459909381,315
MID_CAP_FVG_DISCOUNT,LINKUSDT,15m,MID_CAP,2026-05-27T02:15:00+00:00,2026-10-03T13:14:20+00:00,2026-05-27T02:15:00+00:00,2026-10-03T13:00:00+00:00,12404,1311,630,672,630,240,0,129.45787037037036,D_90_180d,130,0.9980724459909381,1311
LARGE_CAP_SWEEP_CHOCH,LINKUSDT,1h,LARGE_CAP,2025-10-04T00:00:00+00:00,2026-10-03T11:00:00+00:00,2025-10-01T12:00:00+00:00,2026-10-03T11:00:00+00:00,8808,267,11,79,11,10,0,364.4583333333333,E_180d_plus,365,1.0069738195952898,267
MID_CAP_FVG_DISCOUNT,LINKUSDT,1h,MID_CAP,2025-10-04T00:00:00+00:00,2026-10-03T11:00:00+00:00,2025-10-01T12:00:00+00:00,2026-10-03T11:00:00+00:00,8808,798,351,418,351,200,0,364.4583333333333,E_180d_plus,365,1.0069738195952898,798
SMALL_CAP_VOLUME_BOS,LPTUSDT,5m,SMALL_CAP,2026-09-30T14:50:00+00:00,2026-10-03T12:20:00+00:00,2026-09-30T14:50:00+00:00,2026-10-03T12:20:00+00:00,755,7,1,1,1,1,0,2.8958333333333335,A_<14d,3,0.9052757793764988,7
SMALL_CAP_VOLUME_BOS,LPTUSDT,15m,SMALL_CAP,2026-09-29T04:45:00+00:00,2026-10-03T12:00:00+00:00,2026-09-29T04:45:00+00:00,2026-10-03T12:00:00+00:00,414,6,0,0,0,0,0,4.302083333333333,A_<14d,4,1.0024213075060533,6
SMALL_CAP_VOLUME_BOS,LPTUSDT,1h,SMALL_CAP,2026-09-22T23:00:00+00:00,2026-10-03T11:00:00+00:00,2026-09-22T23:00:00+00:00,2026-10-03T11:00:00+00:00,253,2,0,0,0,0,0,10.5,A_<14d,11,1.003968253968254,2
SMALL_CAP_VOLUME_BOS,MUBARAKUSDT,5m,SMALL_CAP,2026-09-30T14:30:00+00:00,2026-10-03T12:20:00+00:00,2026-09-30T14:30:00+00:00,2026-10-03T12:20:00+00:00,586,4,0,0,0,0,0,2.9097222222222223,A_<14d,3,0.6992840095465394,4
SMALL_CAP_VOLUME_BOS,MUBARAKUSDT,15m,SMALL_CAP,2026-09-29T02:15:00+00:00,2026-10-03T12:00:00+00:00,2026-09-29T02:15:00+00:00,2026-10-03T12:00:00+00:00,424,6,0,0,0,0,0,4.40625,A_<14d,4,1.0023640661938533,6
SMALL_CAP_VOLUME_BOS,MUBARAKUSDT,1h,SMALL_CAP,2026-09-22T21:00:00+00:00,2026-10-03T11:00:00+00:00,2026-09-22T21:00:00+00:00,2026-10-03T11:00:00+00:00,255,2,0,0,0,0,0,10.583333333333334,A_<14d,11,1.0039370078740157,2
SMALL_CAP_VOLUME_BOS,NEOUSDT,5m,SMALL_CAP,2026-01-06T12:55:00+00:00,2026-10-03T12:25:00+00:00,2026-01-06T12:55:00+00:00,2026-10-03T12:25:00+00:00,77727,894,143,143,143,130,0,269.9791666666667,E_180d_plus,270,0.9996527509838722,894
SMALL_CAP_VOLUME_BOS,NEOUSDT,15m,SMALL_CAP,2026-09-29T04:45:00+00:00,2026-10-03T12:15:00+00:00,2026-09-29T04:45:00+00:00,2026-10-03T12:15:00+00:00,415,5,0,0,0,0,0,4.3125,A_<14d,4,1.002415458937198,5
SMALL_CAP_VOLUME_BOS,NEOUSDT,1h,SMALL_CAP,2026-09-22T23:00:00+00:00,2026-10-03T11:00:00+00:00,2026-09-22T23:00:00+00:00,2026-10-03T11:00:00+00:00,253,1,0,0,0,0,0,10.5,A_<14d,11,1.003968253968254,1
SMALL_CAP_VOLUME_BOS,ONTUSDT,5m,SMALL_CAP,2026-01-06T12:55:00+00:00,2026-10-03T12:55:00+00:00,2026-01-06T12:55:00+00:00,2026-10-03T12:55:00+00:00,77755,904,44,107,44,38,0,270.0,E_180d_plus,270,0.9999356995884774,904
SMALL_CAP_VOLUME_BOS,ONTUSDT,15m,SMALL_CAP,2026-09-29T04:45:00+00:00,2026-10-03T12:45:00+00:00,2026-09-29T04:45:00+00:00,2026-10-03T12:45:00+00:00,417,5,0,0,0,0,0,4.333333333333333,A_<14d,4,1.0024038461538463,5
SMALL_CAP_VOLUME_BOS,ONTUSDT,1h,SMALL_CAP,2026-09-22T23:00:00+00:00,2026-10-03T12:00:00+00:00,2026-09-22T23:00:00+00:00,2026-10-03T12:00:00+00:00,254,0,0,0,0,0,0,10.541666666666666,A_<14d,11,1.0039525691699605,0
SMALL_CAP_VOLUME_BOS,OPUSDT,5m,SMALL_CAP,2026-09-30T14:30:00+00:00,2026-10-03T12:20:00+00:00,2026-09-30T14:30:00+00:00,2026-10-03T12:20:00+00:00,839,11,1,1,1,1,0,2.9097222222222223,A_<14d,3,1.0011933174224343,11
SMALL_CAP_VOLUME_BOS,OPUSDT,15m,SMALL_CAP,2026-09-29T02:15:00+00:00,2026-10-03T12:00:00+00:00,2026-09-29T02:15:00+00:00,2026-10-03T12:00:00+00:00,424,4,0,0,0,0,0,4.40625,A_<14d,4,1.0023640661938533,4
SMALL_CAP_VOLUME_BOS,OPUSDT,1h,SMALL_CAP,2026-09-22T21:00:00+00:00,2026-10-03T11:00:00+00:00,2026-09-22T21:00:00+00:00,2026-10-03T11:00:00+00:00,255,0,0,0,0,0,0,10.583333333333334,A_<14d,11,1.0039370078740157,0
SMALL_CAP_VOLUME_BOS,PENDLEUSDT,5m,SMALL_CAP,2026-09-30T14:30:00+00:00,2026-10-03T11:10:00+00:00,2026-09-30T14:30:00+00:00,2026-10-03T11:10:00+00:00,566,10,1,1,1,1,0,2.861111111111111,A_<14d,3,0.6868932038834952,10
SMALL_CAP_VOLUME_BOS,PENDLEUSDT,15m,SMALL_CAP,2026-09-29T02:15:00+00:00,2026-10-03T11:00:00+00:00,2026-09-29T02:15:00+00:00,2026-10-03T11:00:00+00:00,420,6,0,0,0,0,0,4.364583333333333,A_<14d,4,1.0023866348448687,6
SMALL_CAP_VOLUME_BOS,PENDLEUSDT,1h,SMALL_CAP,2026-09-22T21:00:00+00:00,2026-10-03T10:00:00+00:00,2026-09-22T21:00:00+00:00,2026-10-03T10:00:00+00:00,254,0,0,0,0,0,0,10.541666666666666,A_<14d,11,1.0039525691699605,0
SMALL_CAP_VOLUME_BOS,PLUMEUSDT,5m,SMALL_CAP,2026-09-30T14:30:00+00:00,2026-10-02T19:45:00+00:00,2026-09-30T14:30:00+00:00,2026-10-02T19:45:00+00:00,640,12,1,1,1,1,0,2.21875,A_<14d,2,1.001564945226917,12
SMALL_CAP_VOLUME_BOS,PLUMEUSDT,15m,SMALL_CAP,2026-09-29T02:15:00+00:00,2026-10-03T12:00:00+00:00,2026-09-29T02:15:00+00:00,2026-10-03T12:00:00+00:00,424,6,0,0,0,0,0,4.40625,A_<14d,4,1.0023640661938533,6
SMALL_CAP_VOLUME_BOS,PLUMEUSDT,1h,SMALL_CAP,2026-09-22T21:00:00+00:00,2026-10-03T11:00:00+00:00,2026-09-22T21:00:00+00:00,2026-10-03T11:00:00+00:00,255,3,1,1,1,1,0,10.583333333333334,A_<14d,11,1.0039370078740157,3
SMALL_CAP_VOLUME_BOS,PYTHUSDT,5m,SMALL_CAP,2026-09-30T14:30:00+00:00,2026-10-02T19:45:00+00:00,2026-09-30T14:30:00+00:00,2026-10-02T19:45:00+00:00,640,8,1,1,1,1,0,2.21875,A_<14d,2,1.001564945226917,8
SMALL_CAP_VOLUME_BOS,PYTHUSDT,15m,SMALL_CAP,2026-09-29T02:15:00+00:00,2026-10-03T12:00:00+00:00,2026-09-29T02:15:00+00:00,2026-10-03T12:00:00+00:00,424,7,1,1,1,1,0,4.40625,A_<14d,4,1.0023640661938533,7
SMALL_CAP_VOLUME_BOS,PYTHUSDT,1h,SMALL_CAP,2026-09-22T21:00:00+00:00,2026-10-03T11:00:00+00:00,2026-09-22T21:00:00+00:00,2026-10-03T11:00:00+00:00,255,2,0,0,0,0,0,10.583333333333334,A_<14d,11,1.0039370078740157,2
SMALL_CAP_VOLUME_BOS,RAVEUSDT,5m,SMALL_CAP,2026-09-30T14:30:00+00:00,2026-10-03T12:40:00+00:00,2026-09-30T14:30:00+00:00,2026-10-03T12:40:00+00:00,843,4,1,1,1,1,0,2.923611111111111,A_<14d,3,1.001187648456057,4
SMALL_CAP_VOLUME_BOS,RAVEUSDT,15m,SMALL_CAP,2026-09-29T04:45:00+00:00,2026-10-03T12:30:00+00:00,2026-09-29T04:45:00+00:00,2026-10-03T12:30:00+00:00,416,5,0,0,0,0,0,4.322916666666667,A_<14d,4,1.002409638554217,5
SMALL_CAP_VOLUME_BOS,RAVEUSDT,1h,SMALL_CAP,2026-09-22T22:00:00+00:00,2026-10-03T11:00:00+00:00,2026-09-22T22:00:00+00:00,2026-10-03T11:00:00+00:00,254,3,0,0,0,0,0,10.541666666666666,A_<14d,11,1.0039525691699605,3
MID_CAP_FVG_DISCOUNT,RENDERUSDT,5m,MID_CAP,2026-09-30T14:30:00+00:00,2026-10-03T12:40:00+00:00,2026-09-30T14:30:00+00:00,2026-10-03T12:40:00+00:00,843,80,12,43,12,4,1,2.923611111111111,A_<14d,3,1.001187648456057,80
SMALL_CAP_VOLUME_BOS,RENDERUSDT,5m,SMALL_CAP,2026-09-30T14:30:00+00:00,2026-10-03T12:40:00+00:00,2026-09-30T14:30:00+00:00,2026-10-03T12:40:00+00:00,843,3,1,1,1,1,0,2.923611111111111,A_<14d,3,1.001187648456057,3
MID_CAP_FVG_DISCOUNT,RENDERUSDT,15m,MID_CAP,2026-09-29T02:15:00+00:00,2026-10-03T12:30:00+00:00,2026-09-29T02:15:00+00:00,2026-10-03T12:30:00+00:00,426,40,2,19,2,2,0,4.427083333333333,A_<14d,4,1.0023529411764707,40
SMALL_CAP_VOLUME_BOS,RENDERUSDT,15m,SMALL_CAP,2026-09-29T02:15:00+00:00,2026-10-03T12:30:00+00:00,2026-09-29T02:15:00+00:00,2026-10-03T12:30:00+00:00,426,3,0,0,0,0,0,4.427083333333333,A_<14d,4,1.0023529411764707,3
MID_CAP_FVG_DISCOUNT,RENDERUSDT,1h,MID_CAP,2026-09-22T21:00:00+00:00,2026-10-03T11:00:00+00:00,2026-09-22T21:00:00+00:00,2026-10-03T11:00:00+00:00,255,22,6,8,6,2,1,10.583333333333334,A_<14d,11,1.0039370078740157,22
SMALL_CAP_VOLUME_BOS,RENDERUSDT,1h,SMALL_CAP,2026-09-22T21:00:00+00:00,2026-10-03T11:00:00+00:00,2026-09-22T21:00:00+00:00,2026-10-03T11:00:00+00:00,255,1,0,0,0,0,0,10.583333333333334,A_<14d,11,1.0039370078740157,1
SMALL_CAP_VOLUME_BOS,ROSEUSDT,5m,SMALL_CAP,2026-09-30T14:55:00+00:00,2026-10-03T12:25:00+00:00,2026-09-30T14:55:00+00:00,2026-10-03T12:25:00+00:00,835,7,2,2,2,2,0,2.8958333333333335,A_<14d,3,1.001199040767386,7
SMALL_CAP_VOLUME_BOS,ROSEUSDT,15m,SMALL_CAP,2026-09-29T04:45:00+00:00,2026-10-03T12:15:00+00:00,2026-09-29T04:45:00+00:00,2026-10-03T12:15:00+00:00,415,3,1,1,1,1,0,4.3125,A_<14d,4,1.002415458937198,3
SMALL_CAP_VOLUME_BOS,ROSEUSDT,1h,SMALL_CAP,2026-09-22T23:00:00+00:00,2026-10-03T11:00:00+00:00,2026-09-22T23:00:00+00:00,2026-10-03T11:00:00+00:00,253,1,0,0,0,0,0,10.5,A_<14d,11,1.003968253968254,1
SMALL_CAP_VOLUME_BOS,RUNEUSDT,5m,SMALL_CAP,2026-09-30T14:30:00+00:00,2026-10-03T12:20:00+00:00,2026-09-30T14:30:00+00:00,2026-10-03T12:20:00+00:00,800,3,1,1,1,1,0,2.9097222222222223,A_<14d,3,0.954653937947494,3
SMALL_CAP_VOLUME_BOS,RUNEUSDT,15m,SMALL_CAP,2026-09-29T02:15:00+00:00,2026-10-03T12:00:00+00:00,2026-09-29T02:15:00+00:00,2026-10-03T12:00:00+00:00,419,4,0,0,0,0,0,4.40625,A_<14d,4,0.9905437352245863,4
SMALL_CAP_VOLUME_BOS,RUNEUSDT,1h,SMALL_CAP,2026-09-22T21:00:00+00:00,2026-10-03T11:00:00+00:00,2026-09-22T21:00:00+00:00,2026-10-03T11:00:00+00:00,255,8,1,1,1,0,1,10.583333333333334,A_<14d,11,1.0039370078740157,8
SMALL_CAP_VOLUME_BOS,SEIUSDT,5m,SMALL_CAP,2026-09-30T14:30:00+00:00,2026-10-03T12:20:00+00:00,2026-09-30T14:30:00+00:00,2026-10-03T12:20:00+00:00,836,6,1,1,1,1,0,2.9097222222222223,A_<14d,3,0.9976133651551312,6
SMALL_CAP_VOLUME_BOS,SEIUSDT,15m,SMALL_CAP,2026-09-29T02:15:00+00:00,2026-10-03T12:00:00+00:00,2026-09-29T02:15:00+00:00,2026-10-03T12:00:00+00:00,424,1,0,0,0,0,0,4.40625,A_<14d,4,1.0023640661938533,1
SMALL_CAP_VOLUME_BOS,SEIUSDT,1h,SMALL_CAP,2026-09-22T21:00:00+00:00,2026-10-03T11:00:00+00:00,2026-09-22T21:00:00+00:00,2026-10-03T11:00:00+00:00,255,3,0,0,0,0,0,10.583333333333334,A_<14d,11,1.0039370078740157,3
MID_CAP_FVG_DISCOUNT,SKYUSDT,5m,MID_CAP,2026-09-30T14:30:00+00:00,2026-10-03T12:20:00+00:00,2026-09-30T14:30:00+00:00,2026-10-03T12:20:00+00:00,452,49,23,23,23,4,1,2.9097222222222223,A_<14d,3,0.5393794749403341,49
MID_CAP_FVG_DISCOUNT,SKYUSDT,15m,MID_CAP,2026-09-29T02:15:00+00:00,2026-10-03T12:00:00+00:00,2026-09-29T02:15:00+00:00,2026-10-03T12:00:00+00:00,420,55,21,21,21,9,1,4.40625,A_<14d,4,0.9929078014184397,55
MID_CAP_FVG_DISCOUNT,SKYUSDT,1h,MID_CAP,2026-09-22T21:00:00+00:00,2026-10-03T11:00:00+00:00,2026-09-22T21:00:00+00:00,2026-10-03T11:00:00+00:00,255,30,15,15,15,6,1,10.583333333333334,A_<14d,11,1.0039370078740157,30
SMALL_CAP_VOLUME_BOS,SNXUSDT,5m,SMALL_CAP,2026-09-30T14:50:00+00:00,2026-10-03T12:55:00+00:00,2026-09-30T14:50:00+00:00,2026-10-03T12:55:00+00:00,779,11,1,1,1,1,0,2.920138888888889,A_<14d,3,0.9262782401902497,11
SMALL_CAP_VOLUME_BOS,SNXUSDT,15m,SMALL_CAP,2026-09-29T04:45:00+00:00,2026-10-03T12:45:00+00:00,2026-09-29T04:45:00+00:00,2026-10-03T12:45:00+00:00,417,1,0,0,0,0,0,4.333333333333333,A_<14d,4,1.0024038461538463,1
SMALL_CAP_VOLUME_BOS,SNXUSDT,1h,SMALL_CAP,2026-09-22T23:00:00+00:00,2026-10-03T12:00:00+00:00,2026-09-22T23:00:00+00:00,2026-10-03T12:00:00+00:00,254,0,0,0,0,0,0,10.541666666666666,A_<14d,11,1.0039525691699605,0
LARGE_CAP_SWEEP_CHOCH,SOLUSDT,5m,LARGE_CAP,2026-01-06T12:55:00+00:00,2026-10-03T13:13:30+00:00,2026-01-06T12:55:00+00:00,2026-10-03T13:10:00+00:00,77718,2017,663,663,663,433,0,270.0128472222222,E_180d_plus,271,0.9994123222017471,2017
LARGE_CAP_SWEEP_CHOCH,SOLUSDT,15m,LARGE_CAP,2025-10-04T00:00:00+00:00,2026-10-03T13:13:30+00:00,2025-10-03T09:00:00+00:00,2026-10-03T13:00:00+00:00,35053,952,302,302,302,216,1,364.55104166666666,E_180d_plus,366,1.0016029991227795,952
LARGE_CAP_SWEEP_CHOCH,SOLUSDT,1h,LARGE_CAP,2025-10-04T00:00:00+00:00,2026-10-03T12:00:00+00:00,2025-10-01T12:00:00+00:00,2026-10-03T12:00:00+00:00,8809,237,69,69,69,39,1,364.5,E_180d_plus,365,1.0069730224051212,237
SMALL_CAP_VOLUME_BOS,SPKUSDT,5m,SMALL_CAP,2026-09-30T14:30:00+00:00,2026-10-03T12:20:00+00:00,2026-09-30T14:30:00+00:00,2026-10-03T12:20:00+00:00,839,18,3,3,3,2,0,2.9097222222222223,A_<14d,3,1.0011933174224343,18
SMALL_CAP_VOLUME_BOS,SPKUSDT,15m,SMALL_CAP,2026-09-29T04:45:00+00:00,2026-10-03T12:00:00+00:00,2026-09-29T04:45:00+00:00,2026-10-03T12:00:00+00:00,414,8,2,2,2,2,0,4.302083333333333,A_<14d,4,1.0024213075060533,8
SMALL_CAP_VOLUME_BOS,SPKUSDT,1h,SMALL_CAP,2026-09-22T22:00:00+00:00,2026-10-03T11:00:00+00:00,2026-09-22T22:00:00+00:00,2026-10-03T11:00:00+00:00,254,7,1,1,1,1,0,10.541666666666666,A_<14d,11,1.0039525691699605,7
SMALL_CAP_VOLUME_BOS,STRKUSDT,5m,SMALL_CAP,2026-09-30T14:30:00+00:00,2026-10-02T09:45:00+00:00,2026-09-30T14:30:00+00:00,2026-10-02T09:45:00+00:00,520,5,0,0,0,0,0,1.8020833333333333,A_<14d,2,1.001926782273603,5
SMALL_CAP_VOLUME_BOS,STRKUSDT,15m,SMALL_CAP,2026-09-29T02:15:00+00:00,2026-10-03T12:00:00+00:00,2026-09-29T02:15:00+00:00,2026-10-03T12:00:00+00:00,424,4,0,0,0,0,0,4.40625,A_<14d,4,1.0023640661938533,4
SMALL_CAP_VOLUME_BOS,STRKUSDT,1h,SMALL_CAP,2026-09-22T21:00:00+00:00,2026-10-03T11:00:00+00:00,2026-09-22T21:00:00+00:00,2026-10-03T11:00:00+00:00,255,0,0,0,0,0,0,10.583333333333334,A_<14d,11,1.0039370078740157,0
SMALL_CAP_VOLUME_BOS,STXUSDT,5m,SMALL_CAP,2026-09-30T14:30:00+00:00,2026-10-03T12:20:00+00:00,2026-09-30T14:30:00+00:00,2026-10-03T12:20:00+00:00,839,7,0,0,0,0,0,2.9097222222222223,A_<14d,3,1.0011933174224343,7
SMALL_CAP_VOLUME_BOS,STXUSDT,15m,SMALL_CAP,2026-09-29T02:15:00+00:00,2026-10-03T12:00:00+00:00,2026-09-29T02:15:00+00:00,2026-10-03T12:00:00+00:00,424,6,1,1,1,1,0,4.40625,A_<14d,4,1.0023640661938533,6
SMALL_CAP_VOLUME_BOS,STXUSDT,1h,SMALL_CAP,2026-09-22T21:00:00+00:00,2026-10-03T11:00:00+00:00,2026-09-22T21:00:00+00:00,2026-10-03T11:00:00+00:00,255,8,1,1,1,1,0,10.583333333333334,A_<14d,11,1.0039370078740157,8
MID_CAP_FVG_DISCOUNT,SUIUSDT,5m,MID_CAP,2026-08-19T19:30:00+00:00,2026-10-03T13:14:50+00:00,2026-08-19T19:30:00+00:00,2026-10-03T13:10:00+00:00,12371,1390,692,692,692,368,1,44.73946759259259,C_30_90d,46,0.9601111372684965,1390
MID_CAP_FVG_DISCOUNT,SUIUSDT,15m,MID_CAP,2026-05-27T02:15:00+00:00,2026-10-03T13:14:50+00:00,2026-05-27T02:15:00+00:00,2026-10-03T13:00:00+00:00,12267,1243,651,651,651,348,0,129.4582175925926,D_90_180d,130,0.9870462638542573,1243
LARGE_CAP_SWEEP_CHOCH,SUIUSDT,1h,LARGE_CAP,2025-10-04T00:00:00+00:00,2026-10-03T11:00:00+00:00,2025-10-01T12:00:00+00:00,2026-10-03T11:00:00+00:00,8808,262,1,74,1,1,0,364.4583333333333,E_180d_plus,365,1.0069738195952898,262
MID_CAP_FVG_DISCOUNT,SUIUSDT,1h,MID_CAP,2025-10-04T00:00:00+00:00,2026-10-03T11:00:00+00:00,2025-10-01T12:00:00+00:00,2026-10-03T11:00:00+00:00,8808,764,420,430,420,234,1,364.4583333333333,E_180d_plus,365,1.0069738195952898,764
SMALL_CAP_VOLUME_BOS,SUSHIUSDT,5m,SMALL_CAP,2026-09-30T14:30:00+00:00,2026-10-03T12:25:00+00:00,2026-09-30T14:30:00+00:00,2026-10-03T12:25:00+00:00,798,4,1,1,1,1,0,2.9131944444444446,A_<14d,3,0.9511323003575686,4
SMALL_CAP_VOLUME_BOS,SUSHIUSDT,15m,SMALL_CAP,2026-09-29T02:15:00+00:00,2026-10-03T12:15:00+00:00,2026-09-29T02:15:00+00:00,2026-10-03T12:15:00+00:00,422,6,0,0,0,0,0,4.416666666666667,A_<14d,4,0.9952830188679245,6
SMALL_CAP_VOLUME_BOS,SUSHIUSDT,1h,SMALL_CAP,2026-09-22T21:00:00+00:00,2026-10-03T11:00:00+00:00,2026-09-22T21:00:00+00:00,2026-10-03T11:00:00+00:00,255,2,0,0,0,0,0,10.583333333333334,A_<14d,11,1.0039370078740157,2
LARGE_CAP_SWEEP_CHOCH,TRXUSDT,5m,LARGE_CAP,2026-01-06T12:55:00+00:00,2026-10-03T12:20:00+00:00,2026-01-06T12:55:00+00:00,2026-10-03T12:20:00+00:00,77754,1762,563,563,563,437,1,269.97569444444446,E_180d_plus,270,1.0000128612400807,1762
LARGE_CAP_SWEEP_CHOCH,TRXUSDT,15m,LARGE_CAP,2026-09-29T02:15:00+00:00,2026-10-03T12:00:00+00:00,2026-09-29T02:15:00+00:00,2026-10-03T12:00:00+00:00,416,6,3,3,3,3,0,4.40625,A_<14d,4,0.983451536643026,6
LARGE_CAP_SWEEP_CHOCH,TRXUSDT,1h,LARGE_CAP,2026-09-22T21:00:00+00:00,2026-10-03T11:00:00+00:00,2026-09-22T21:00:00+00:00,2026-10-03T11:00:00+00:00,255,3,2,2,2,1,1,10.583333333333334,A_<14d,11,1.0039370078740157,3
SMALL_CAP_VOLUME_BOS,TUSDT,5m,SMALL_CAP,2026-09-30T14:55:00+00:00,2026-10-03T06:10:00+00:00,2026-09-30T14:55:00+00:00,2026-10-03T06:10:00+00:00,760,3,1,1,1,1,0,2.6354166666666665,A_<14d,3,1.0013175230566536,3
SMALL_CAP_VOLUME_BOS,TUSDT,15m,SMALL_CAP,2026-09-29T04:45:00+00:00,2026-10-03T12:00:00+00:00,2026-09-29T04:45:00+00:00,2026-10-03T12:00:00+00:00,414,2,0,0,0,0,0,4.302083333333333,A_<14d,4,1.0024213075060533,2
SMALL_CAP_VOLUME_BOS,TUSDT,1h,SMALL_CAP,2026-09-22T23:00:00+00:00,2026-10-03T11:00:00+00:00,2026-09-22T23:00:00+00:00,2026-10-03T11:00:00+00:00,253,2,0,0,0,0,0,10.5,A_<14d,11,1.003968253968254,2
SMALL_CAP_VOLUME_BOS,USELESSUSDT,5m,SMALL_CAP,2026-09-30T14:30:00+00:00,2026-10-03T12:20:00+00:00,2026-09-30T14:30:00+00:00,2026-10-03T12:20:00+00:00,466,5,2,2,2,1,1,2.9097222222222223,A_<14d,3,0.5560859188544153,5
SMALL_CAP_VOLUME_BOS,USELESSUSDT,15m,SMALL_CAP,2026-09-29T02:15:00+00:00,2026-10-03T12:00:00+00:00,2026-09-29T02:15:00+00:00,2026-10-03T12:00:00+00:00,424,5,2,2,2,1,1,4.40625,A_<14d,4,1.0023640661938533,5
SMALL_CAP_VOLUME_BOS,USELESSUSDT,1h,SMALL_CAP,2026-09-22T21:00:00+00:00,2026-10-03T11:00:00+00:00,2026-09-22T21:00:00+00:00,2026-10-03T11:00:00+00:00,255,2,0,0,0,0,0,10.583333333333334,A_<14d,11,1.0039370078740157,2
MID_CAP_FVG_DISCOUNT,VETUSDT,5m,MID_CAP,2026-01-06T12:55:00+00:00,2026-10-03T12:20:00+00:00,2026-01-06T12:55:00+00:00,2026-10-03T12:20:00+00:00,77754,9077,404,4915,404,198,0,269.97569444444446,E_180d_plus,270,1.0000128612400807,9077
SMALL_CAP_VOLUME_BOS,VETUSDT,5m,SMALL_CAP,2026-01-06T12:55:00+00:00,2026-10-03T12:20:00+00:00,2026-01-06T12:55:00+00:00,2026-10-03T12:20:00+00:00,77754,909,140,148,140,125,0,269.97569444444446,E_180d_plus,270,1.0000128612400807,909
SMALL_CAP_VOLUME_BOS,VETUSDT,15m,SMALL_CAP,2026-09-29T04:45:00+00:00,2026-10-03T12:00:00+00:00,2026-09-29T04:45:00+00:00,2026-10-03T12:00:00+00:00,414,2,0,0,0,0,0,4.302083333333333,A_<14d,4,1.0024213075060533,2
SMALL_CAP_VOLUME_BOS,VETUSDT,1h,SMALL_CAP,2026-09-22T22:00:00+00:00,2026-10-03T11:00:00+00:00,2026-09-22T22:00:00+00:00,2026-10-03T11:00:00+00:00,254,1,0,0,0,0,0,10.541666666666666,A_<14d,11,1.0039525691699605,1
MID_CAP_FVG_DISCOUNT,WLFIUSDT,5m,MID_CAP,2026-09-30T14:30:00+00:00,2026-10-03T12:20:00+00:00,2026-09-30T14:30:00+00:00,2026-10-03T12:20:00+00:00,839,75,40,40,40,21,1,2.9097222222222223,A_<14d,3,1.0011933174224343,75
MID_CAP_FVG_DISCOUNT,WLFIUSDT,15m,MID_CAP,2026-09-29T02:15:00+00:00,2026-10-03T12:00:00+00:00,2026-09-29T02:15:00+00:00,2026-10-03T12:00:00+00:00,424,32,17,17,17,11,0,4.40625,A_<14d,4,1.0023640661938533,32
MID_CAP_FVG_DISCOUNT,WLFIUSDT,1h,MID_CAP,2026-09-22T21:00:00+00:00,2026-10-03T11:00:00+00:00,2026-09-22T21:00:00+00:00,2026-10-03T11:00:00+00:00,255,21,14,14,14,6,0,10.583333333333334,A_<14d,11,1.0039370078740157,21
SMALL_CAP_VOLUME_BOS,WUSDT,5m,SMALL_CAP,2026-09-30T14:30:00+00:00,2026-10-02T09:45:00+00:00,2026-09-30T14:30:00+00:00,2026-10-02T09:45:00+00:00,520,7,1,1,1,0,1,1.8020833333333333,A_<14d,2,1.001926782273603,7
SMALL_CAP_VOLUME_BOS,WUSDT,15m,SMALL_CAP,2026-09-29T04:45:00+00:00,2026-10-03T12:00:00+00:00,2026-09-29T04:45:00+00:00,2026-10-03T12:00:00+00:00,414,3,0,0,0,0,0,4.302083333333333,A_<14d,4,1.0024213075060533,3
SMALL_CAP_VOLUME_BOS,WUSDT,1h,SMALL_CAP,2026-09-22T22:00:00+00:00,2026-10-03T11:00:00+00:00,2026-09-22T22:00:00+00:00,2026-10-03T11:00:00+00:00,254,4,0,0,0,0,0,10.541666666666666,A_<14d,11,1.0039525691699605,4
LARGE_CAP_SWEEP_CHOCH,XMRUSDT,5m,LARGE_CAP,2026-01-06T12:55:00+00:00,2026-10-03T12:55:00+00:00,2026-01-06T12:55:00+00:00,2026-10-03T12:55:00+00:00,77761,2436,62,687,62,48,0,270.0,E_180d_plus,270,1.0000128600823046,2436
MID_CAP_FVG_DISCOUNT,XMRUSDT,5m,MID_CAP,2026-01-06T12:55:00+00:00,2026-10-03T12:55:00+00:00,2026-01-06T12:55:00+00:00,2026-10-03T12:55:00+00:00,77761,8989,4216,4654,4216,2216,0,270.0,E_180d_plus,270,1.0000128600823046,8989
LARGE_CAP_SWEEP_CHOCH,XMRUSDT,15m,LARGE_CAP,2026-09-29T02:15:00+00:00,2026-10-03T12:45:00+00:00,2026-09-29T02:15:00+00:00,2026-10-03T12:45:00+00:00,427,7,3,3,3,3,0,4.4375,A_<14d,4,1.0023474178403755,7
LARGE_CAP_SWEEP_CHOCH,XMRUSDT,1h,LARGE_CAP,2026-09-22T21:00:00+00:00,2026-10-03T12:00:00+00:00,2026-09-22T21:00:00+00:00,2026-10-03T12:00:00+00:00,256,6,1,1,1,0,1,10.625,A_<14d,11,1.003921568627451,6
LARGE_CAP_SWEEP_CHOCH,XRPUSDT,5m,LARGE_CAP,2026-01-06T12:55:00+00:00,2026-10-03T13:14:20+00:00,2026-01-06T12:55:00+00:00,2026-10-03T13:10:00+00:00,77709,2244,658,658,658,462,1,270.0134259259259,E_180d_plus,271,0.9992944452350621,2244
LARGE_CAP_SWEEP_CHOCH,XRPUSDT,15m,LARGE_CAP,2026-05-27T02:15:00+00:00,2026-10-03T13:14:20+00:00,2026-05-27T02:15:00+00:00,2026-10-03T13:00:00+00:00,12407,390,105,105,105,71,1,129.45787037037036,D_90_180d,130,0.9983138372629449,390
LARGE_CAP_SWEEP_CHOCH,XRPUSDT,1h,LARGE_CAP,2025-10-04T00:00:00+00:00,2026-10-03T12:00:00+00:00,2025-10-01T12:00:00+00:00,2026-10-03T12:00:00+00:00,8809,315,78,78,78,40,0,364.5,E_180d_plus,365,1.0069730224051212,315
SMALL_CAP_VOLUME_BOS,XTZUSDT,5m,SMALL_CAP,2026-01-06T12:55:00+00:00,2026-10-03T12:55:00+00:00,2026-01-06T12:55:00+00:00,2026-10-03T12:55:00+00:00,77761,838,147,147,147,144,0,270.0,E_180d_plus,270,1.0000128600823046,838
SMALL_CAP_VOLUME_BOS,XTZUSDT,15m,SMALL_CAP,2026-09-29T04:45:00+00:00,2026-10-03T12:45:00+00:00,2026-09-29T04:45:00+00:00,2026-10-03T12:45:00+00:00,417,3,0,0,0,0,0,4.333333333333333,A_<14d,4,1.0024038461538463,3
SMALL_CAP_VOLUME_BOS,XTZUSDT,1h,SMALL_CAP,2026-09-22T23:00:00+00:00,2026-10-03T12:00:00+00:00,2026-09-22T23:00:00+00:00,2026-10-03T12:00:00+00:00,254,0,0,0,0,0,0,10.541666666666666,A_<14d,11,1.0039525691699605,0
