label,trade_id,entry_time,exit_time,direction,entry_price,stop_price,target_price,exit_reason,bars_held,realized_R,gross_pnl,fees,net_pnl,attribution,attribution_note,in_original,in_corrected,in_final
final,final-t1,2025-12-18T08:00:00+00:00,2025-12-18T13:00:00+00:00,LONG,86934.9,86514.12781409571,87925.8,TP1,5,2.3549560384331736,22.79636831698222,-1.60911855,21.18724976698222,new_because_of_complete_4h_coverage,Absent from original; present after full 4h coverage,False,True,True
final,final-t2,2025-12-18T14:00:00+00:00,2025-12-18T17:00:00+00:00,LONG,88325.4,85672.18317582486,93653.6,SL,3,-1.0,-20.0,-0.52463886,-20.52463886,new_because_of_complete_4h_coverage,Absent from original; present after full 4h coverage,False,True,True
final,final-t3,2026-01-05T14:00:00+00:00,2026-01-06T17:00:00+00:00,LONG,93390.0,92276.03312135214,95980.1,SL,27,-1.0,-20.0,-1.33336842,-21.33336842,new_because_of_complete_4h_coverage,Absent from original; present after full 4h coverage,False,True,True
final,final-t4,2026-03-04T15:00:00+00:00,2026-03-05T15:00:00+00:00,LONG,73339.7,71339.40927242508,78111.0,SL,24,-1.0,-20.0,-0.57863232,-20.57863232,new_because_of_complete_4h_coverage,Absent from original; present after full 4h coverage,False,True,True
final,final-t5,2026-03-15T09:00:00+00:00,2026-03-15T12:00:00+00:00,LONG,71751.3,71589.42306811533,72300.0,SL,3,-1.0,-4.512167218842732,-1.5981951300000001,-6.110362348842733,new_because_of_complete_4h_coverage,Absent from original; present after full 4h coverage,False,True,True
final,final-t6,2026-03-15T21:00:00+00:00,2026-03-16T03:00:00+00:00,LONG,72074.6,71515.03621904943,73539.1,TP1,6,2.6172172857795544,40.63844960638005,-1.6162553800000001,39.02219422638005,new_because_of_complete_4h_coverage,Absent from original; present after full 4h coverage,False,True,True
final,final-t7,2026-03-16T04:00:00+00:00,2026-03-16T07:00:00+00:00,LONG,73799.5,73417.90221821179,76920.7,SL,3,-1.0,-10.341473364676144,-1.5958634100000002,-11.937336774676144,new_because_of_complete_4h_coverage,Absent from original; present after full 4h coverage,False,True,True
final,final-t8,2026-03-16T22:00:00+00:00,2026-03-16T23:00:00+00:00,LONG,74718.9,74204.90547514964,76920.7,SL,1,-1.0,-13.758085968887391,-1.5944967700000001,-15.352582738887392,new_because_of_complete_4h_coverage,Absent from original; present after full 4h coverage,False,True,True
final,final-t9,2026-03-17T00:00:00+00:00,2026-03-17T03:00:00+00:00,LONG,75283.9,74435.52431275658,78111.0,SL,3,-1.0,-20.0,-1.41182192,-21.41182192,new_because_of_complete_4h_coverage,Absent from original; present after full 4h coverage,False,True,True
final,final-t10,2026-04-05T22:00:00+00:00,2026-04-07T22:00:00+00:00,LONG,68313.0,67249.83401529647,70555.0,TP1,48,2.108795834570636,42.175916691412716,-1.0449393699999998,41.130977321412715,new_because_of_complete_4h_coverage,Absent from original; present after full 4h coverage,False,True,True
final,final-t11,2026-05-05T13:00:00+00:00,2026-05-05T14:00:00+00:00,LONG,81278.3,81051.41398229601,83300.0,SL,1,-1.0,-5.582942007989578,-1.59776682,-7.180708827989578,new_because_of_complete_4h_coverage,Absent from original; present after full 4h coverage,False,True,True
final,final-t12,2026-05-05T15:00:00+00:00,2026-05-05T16:00:00+00:00,LONG,81488.7,81095.2720561634,83300.0,SL,1,-1.0,-9.65601227744686,-1.5961376,-11.252149877446861,new_because_of_complete_4h_coverage,Absent from original; present after full 4h coverage,False,True,True
final,final-t13,2026-06-13T21:00:00+00:00,2026-06-14T14:00:00+00:00,LONG,64435.2,64136.53280869149,65994.7,SL,17,-1.0,-9.27031160944665,-1.5962918799999999,-10.86660348944665,new_because_of_complete_4h_coverage,Absent from original; present after full 4h coverage,False,True,True
final,final-t14,2026-07-01T13:00:00+00:00,2026-07-02T13:00:00+00:00,LONG,59463.1,58407.23314882281,61783.4,TP1,24,2.1975308699322182,43.95061739864437,-0.91864992,43.03196747864437,changed_because_htf_state_changed,Appeared only under closed-HTF (forming HTF blocked or state differed),False,False,True
final,final-t15,2026-08-04T18:00:00+00:00,2026-08-05T13:00:00+00:00,LONG,64270.7,63866.19691377002,65084.6,SL,19,-1.0,-12.587480336451149,-1.5949650100000001,-14.18244534645115,unchanged,"Present in original, corrected, and final",True,True,True
final,final-t16,2026-08-20T16:00:00+00:00,2026-08-21T01:00:00+00:00,LONG,72805.9,72016.80359623213,74444.0,TP1,9,2.0759187244780564,41.51837448956113,-1.49284573,40.02552875956113,unchanged,"Present in original, corrected, and final",True,True,True
final,final-t17,2026-08-21T02:00:00+00:00,2026-09-03T19:00:00+00:00,LONG,74410.6,70947.62051809487,81587.9,TP1,329,2.0725794182446187,41.45158836489238,-0.36037984,41.09120852489238,unchanged,"Present in original, corrected, and final",True,True,True
final,final-t18,2026-09-18T03:00:00+00:00,2026-09-18T09:00:00+00:00,LONG,77349.0,76866.59432508235,78314.9,TP1,6,2.0022567109412113,24.975112800423904,-1.60999005,23.365122750423904,unchanged,"Present in original, corrected, and final",True,True,True
final,final-t19,2026-09-18T10:00:00+00:00,2026-09-18T12:00:00+00:00,LONG,78246.8,77973.88016131721,78831.8,SL,2,-1.0,-6.975872206474693,-1.59720965,-8.573081856474694,unchanged,"Present in original, corrected, and final",True,True,True
final,final-t20,2026-09-18T13:00:00+00:00,2026-09-21T09:00:00+00:00,LONG,80046.5,77817.98072682723,84599.0,TP1,68,2.042836270165411,40.85672540330822,-0.59104897,40.265676433308215,unchanged,"Present in original, corrected, and final",True,True,True
final,final-t21,2026-09-21T10:00:00+00:00,,LONG,84400.1,80403.04438867704,92455.4,OPEN,,,,,,unchanged,"Present in original, corrected, and final",True,True,True
