event_id,symbol,timeframe,backtest_entry,live_signal_price,paper_entry,absolute_difference,difference_pct,live_vs_backtest_bps,bucket,entry_price_status,entry_price_label,price_source,signal_time,paper_entry_time,paper_opened
BTCUSDT-15m-211-2646185b,BTCUSDT,15m,96125.3,96125.3,96125.3,0.0,0.0,0.0,0-0.02%,VALID,,candle_close,2025-01-02T09:00:00.004658+00:00,2025-01-02T09:00:00.016075+00:00,True
BTCUSDT-15m-212-06ee14cc,BTCUSDT,15m,96191.5,96191.5,96191.5,0.0,0.0,0.0,0-0.02%,VALID,,candle_close,2025-01-02T09:15:00.007701+00:00,2025-01-02T09:15:00.017599+00:00,True
BTCUSDT-15m-213-aa4e09c1,BTCUSDT,15m,96376.7,96376.7,96376.7,0.0,0.0,0.0,0-0.02%,VALID,,candle_close,2025-01-02T09:30:00.008822+00:00,2025-01-02T09:30:00.020429+00:00,True
BTCUSDT-15m-214-c59d2711,BTCUSDT,15m,96329.9,96329.9,96329.9,0.0,0.0,0.0,0-0.02%,VALID,,candle_close,2025-01-02T09:45:00.007003+00:00,2025-01-02T09:45:00.015510+00:00,True
BTCUSDT-15m-215-9e0af17b,BTCUSDT,15m,96722.0,96722.0,96722.0,0.0,0.0,0.0,0-0.02%,VALID,,candle_close,2025-01-02T10:00:00.006997+00:00,2025-01-02T10:00:00.019124+00:00,True
BTCUSDT-15m-216-d2f7ca0a,BTCUSDT,15m,96583.3,96583.3,96583.3,0.0,0.0,0.0,0-0.02%,VALID,,candle_close,2025-01-02T10:15:00.007051+00:00,2025-01-02T10:15:00.015516+00:00,True
BTCUSDT-15m-217-1cecca6c,BTCUSDT,15m,96670.1,96670.1,96670.1,0.0,0.0,0.0,0-0.02%,VALID,,candle_close,2025-01-02T10:30:00.008514+00:00,2025-01-02T10:30:00.020789+00:00,True
BTCUSDT-15m-244-805ffb61,BTCUSDT,15m,97520.4,97520.4,97520.4,0.0,0.0,0.0,0-0.02%,VALID,,candle_close,2025-01-02T17:15:00.013080+00:00,2025-01-02T17:15:00.030971+00:00,True
ETHUSDT-15m-208-cbd9e45e,ETHUSDT,15m,3432.39,3432.39,3432.39,0.0,0.0,0.0,0-0.02%,VALID,,candle_close,2025-01-02T08:15:00.008765+00:00,2025-01-02T08:15:00.020231+00:00,True
ETHUSDT-15m-211-ee0b46b4,ETHUSDT,15m,3437.99,3437.99,3437.99,0.0,0.0,0.0,0-0.02%,VALID,,candle_close,2025-01-02T09:00:00.009194+00:00,2025-01-02T09:00:00.021683+00:00,True
ETHUSDT-15m-212-4e1136e8,ETHUSDT,15m,3441.32,3441.32,3441.32,0.0,0.0,0.0,0-0.02%,VALID,,candle_close,2025-01-02T09:15:00.009091+00:00,2025-01-02T09:15:00.021937+00:00,True
ETHUSDT-15m-213-74c7545b,ETHUSDT,15m,3445.31,3445.31,3445.31,0.0,0.0,0.0,0-0.02%,VALID,,candle_close,2025-01-02T09:30:00.004836+00:00,2025-01-02T09:30:00.015728+00:00,True
ETHUSDT-15m-214-e14abfa4,ETHUSDT,15m,3442.0,3442.0,3442.0,0.0,0.0,0.0,0-0.02%,VALID,,candle_close,2025-01-02T09:45:00.008349+00:00,2025-01-02T09:45:00.016636+00:00,True
ETHUSDT-15m-215-f76db290,ETHUSDT,15m,3467.87,3467.87,3467.87,0.0,0.0,0.0,0-0.02%,VALID,,candle_close,2025-01-02T10:00:00.009249+00:00,2025-01-02T10:00:00.019690+00:00,True
ETHUSDT-15m-216-40a8098b,ETHUSDT,15m,3458.64,3458.64,3458.64,0.0,0.0,0.0,0-0.02%,VALID,,candle_close,2025-01-02T10:15:00.008463+00:00,2025-01-02T10:15:00.019963+00:00,True
ETHUSDT-15m-217-8c286ef8,ETHUSDT,15m,3470.57,3470.57,3470.57,0.0,0.0,0.0,0-0.02%,VALID,,candle_close,2025-01-02T10:30:00.010040+00:00,2025-01-02T10:30:00.018714+00:00,True
ETHUSDT-15m-218-71d79bce,ETHUSDT,15m,3467.63,3467.63,3467.63,0.0,0.0,0.0,0-0.02%,VALID,,candle_close,2025-01-02T10:45:00.005983+00:00,2025-01-02T10:45:00.018278+00:00,True
ETHUSDT-15m-219-7d4cda15,ETHUSDT,15m,3468.68,3468.68,3468.68,0.0,0.0,0.0,0-0.02%,VALID,,candle_close,2025-01-02T11:00:00.008021+00:00,2025-01-02T11:00:00.018845+00:00,True
ETHUSDT-15m-224-ed8a2fe2,ETHUSDT,15m,3477.21,3477.21,3477.21,0.0,0.0,0.0,0-0.02%,VALID,,candle_close,2025-01-02T12:15:00.008732+00:00,2025-01-02T12:15:00.018127+00:00,True
SOLUSDT-15m-292-7870e928,SOLUSDT,15m,208.45,208.45,208.45,0.0,0.0,0.0,0-0.02%,VALID,,candle_close,2025-01-03T05:15:00.010766+00:00,2025-01-03T05:15:00.022535+00:00,True
SOLUSDT-15m-293-f1eaab51,SOLUSDT,15m,208.39,208.39,208.39,0.0,0.0,0.0,0-0.02%,VALID,,candle_close,2025-01-03T05:30:00.011072+00:00,2025-01-03T05:30:00.018365+00:00,True
SOLUSDT-15m-294-a40143cd,SOLUSDT,15m,208.68,208.68,208.68,0.0,0.0,0.0,0-0.02%,VALID,,candle_close,2025-01-03T05:45:00.010958+00:00,2025-01-03T05:45:00.022191+00:00,True
SOLUSDT-15m-295-f0eea1fb,SOLUSDT,15m,208.78,208.78,208.78,0.0,0.0,0.0,0-0.02%,VALID,,candle_close,2025-01-03T06:00:00.011350+00:00,2025-01-03T06:00:00.022788+00:00,True
SOLUSDT-15m-296-6d4b774c,SOLUSDT,15m,209.27,209.27,209.27,0.0,0.0,0.0,0-0.02%,VALID,,candle_close,2025-01-03T06:15:00.009509+00:00,2025-01-03T06:15:00.022204+00:00,True
SOLUSDT-15m-297-95dd3c23,SOLUSDT,15m,209.39,209.39,209.39,0.0,0.0,0.0,0-0.02%,VALID,,candle_close,2025-01-03T06:30:00.010384+00:00,2025-01-03T06:30:00.019467+00:00,True
SOLUSDT-15m-298-27f69a4b,SOLUSDT,15m,209.26,209.26,209.26,0.0,0.0,0.0,0-0.02%,VALID,,candle_close,2025-01-03T06:45:00.010236+00:00,2025-01-03T06:45:00.022621+00:00,True
SOLUSDT-15m-308-66c37b4b,SOLUSDT,15m,211.79,211.79,211.79,0.0,0.0,0.0,0-0.02%,VALID,,candle_close,2025-01-03T09:15:00.009935+00:00,2025-01-03T09:15:00.024160+00:00,True
SOLUSDT-15m-309-fbdb77ef,SOLUSDT,15m,211.54,211.54,211.54,0.0,0.0,0.0,0-0.02%,VALID,,candle_close,2025-01-03T09:30:00.009945+00:00,2025-01-03T09:30:00.023502+00:00,True
SOLUSDT-15m-310-1c9ce19e,SOLUSDT,15m,210.92,210.92,210.92,0.0,0.0,0.0,0-0.02%,VALID,,candle_close,2025-01-03T09:45:00.007972+00:00,2025-01-03T09:45:00.020144+00:00,True
SOLUSDT-15m-311-8efa4a4a,SOLUSDT,15m,211.08,211.08,211.08,0.0,0.0,0.0,0-0.02%,VALID,,candle_close,2025-01-03T10:00:00.011177+00:00,2025-01-03T10:00:00.025216+00:00,True
SOLUSDT-15m-319-b54652e9,SOLUSDT,15m,214.39,214.39,214.39,0.0,0.0,0.0,0-0.02%,VALID,,candle_close,2025-01-03T12:00:00.010685+00:00,2025-01-03T12:00:00.023639+00:00,True
SOLUSDT-15m-320-ccf3ab01,SOLUSDT,15m,214.48,214.48,214.48,0.0,0.0,0.0,0-0.02%,VALID,,candle_close,2025-01-03T12:15:00.009844+00:00,2025-01-03T12:15:00.020831+00:00,True
SOLUSDT-15m-321-b64b0115,SOLUSDT,15m,214.09,214.09,214.09,0.0,0.0,0.0,0-0.02%,VALID,,candle_close,2025-01-03T12:30:00.010471+00:00,2025-01-03T12:30:00.024194+00:00,True
SOLUSDT-15m-329-afe785d3,SOLUSDT,15m,215.22,215.22,215.22,0.0,0.0,0.0,0-0.02%,VALID,,candle_close,2025-01-03T14:30:00.011523+00:00,2025-01-03T14:30:00.026771+00:00,True
SOLUSDT-15m-330-fd06dc2b,SOLUSDT,15m,217.97,217.97,217.97,0.0,0.0,0.0,0-0.02%,VALID,,candle_close,2025-01-03T14:45:00.009780+00:00,2025-01-03T14:45:00.023246+00:00,True
SOLUSDT-15m-331-88405511,SOLUSDT,15m,218.16,218.16,218.16,0.0,0.0,0.0,0-0.02%,VALID,,candle_close,2025-01-03T15:00:00.013850+00:00,2025-01-03T15:00:00.028616+00:00,True
SOLUSDT-15m-332-64403d87,SOLUSDT,15m,217.42,217.42,217.42,0.0,0.0,0.0,0-0.02%,VALID,,candle_close,2025-01-03T15:15:00.010772+00:00,2025-01-03T15:15:00.023010+00:00,True
SOLUSDT-15m-338-902caec3,SOLUSDT,15m,219.0,219.0,219.0,0.0,0.0,0.0,0-0.02%,VALID,,candle_close,2025-01-03T16:45:00.011688+00:00,2025-01-03T16:45:00.026201+00:00,True
