event_id,symbol,timeframe,signal_latency_ms,alert_generation_latency_ms,telegram_latency_ms,paper_entry_latency_ms,total_signal_to_entry_ms,candle_close_to_signal_ms,signal_to_trade_plan_ms,trade_plan_to_alert_ms,alert_to_paper_entry_ms,candle_close_to_paper_entry_ms,candle_open_time,candle_close_time,live_frame_received_at,signal_detected_at,trade_plan_created_at,alert_generated_at,telegram_sent_at,paper_entry_at
BTCUSDT-15m-211-2646185b,BTCUSDT,15m,4,0,,11,11,4,11,0,0,16,2025-01-02T08:45:00+00:00,2025-01-02T09:00:00+00:00,2025-01-02T09:00:00+00:00,2025-01-02T09:00:00.004658+00:00,2025-01-02T09:00:00.015975+00:00,2025-01-02T09:00:00.016285+00:00,,2025-01-02T09:00:00.016075+00:00
BTCUSDT-15m-212-06ee14cc,BTCUSDT,15m,7,0,,9,9,7,9,0,0,17,2025-01-02T09:00:00+00:00,2025-01-02T09:15:00+00:00,2025-01-02T09:15:00+00:00,2025-01-02T09:15:00.007701+00:00,2025-01-02T09:15:00.017529+00:00,2025-01-02T09:15:00.017670+00:00,,2025-01-02T09:15:00.017599+00:00
BTCUSDT-15m-213-aa4e09c1,BTCUSDT,15m,8,0,,11,11,8,11,0,0,20,2025-01-02T09:15:00+00:00,2025-01-02T09:30:00+00:00,2025-01-02T09:30:00+00:00,2025-01-02T09:30:00.008822+00:00,2025-01-02T09:30:00.020267+00:00,2025-01-02T09:30:00.020511+00:00,,2025-01-02T09:30:00.020429+00:00
BTCUSDT-15m-214-c59d2711,BTCUSDT,15m,7,0,,8,8,7,8,0,0,15,2025-01-02T09:30:00+00:00,2025-01-02T09:45:00+00:00,2025-01-02T09:45:00+00:00,2025-01-02T09:45:00.007003+00:00,2025-01-02T09:45:00.015462+00:00,2025-01-02T09:45:00.015572+00:00,,2025-01-02T09:45:00.015510+00:00
BTCUSDT-15m-215-9e0af17b,BTCUSDT,15m,6,0,,12,12,6,12,0,0,19,2025-01-02T09:45:00+00:00,2025-01-02T10:00:00+00:00,2025-01-02T10:00:00+00:00,2025-01-02T10:00:00.006997+00:00,2025-01-02T10:00:00.019071+00:00,2025-01-02T10:00:00.019171+00:00,,2025-01-02T10:00:00.019124+00:00
BTCUSDT-15m-216-d2f7ca0a,BTCUSDT,15m,7,0,,8,8,7,8,0,0,15,2025-01-02T10:00:00+00:00,2025-01-02T10:15:00+00:00,2025-01-02T10:15:00+00:00,2025-01-02T10:15:00.007051+00:00,2025-01-02T10:15:00.015443+00:00,2025-01-02T10:15:00.015575+00:00,,2025-01-02T10:15:00.015516+00:00
BTCUSDT-15m-217-1cecca6c,BTCUSDT,15m,8,0,,12,12,8,12,0,0,20,2025-01-02T10:15:00+00:00,2025-01-02T10:30:00+00:00,2025-01-02T10:30:00+00:00,2025-01-02T10:30:00.008514+00:00,2025-01-02T10:30:00.020712+00:00,2025-01-02T10:30:00.020843+00:00,,2025-01-02T10:30:00.020789+00:00
BTCUSDT-15m-244-805ffb61,BTCUSDT,15m,13,0,,17,17,13,17,0,0,30,2025-01-02T17:00:00+00:00,2025-01-02T17:15:00+00:00,2025-01-02T17:15:00+00:00,2025-01-02T17:15:00.013080+00:00,2025-01-02T17:15:00.030893+00:00,2025-01-02T17:15:00.031054+00:00,,2025-01-02T17:15:00.030971+00:00
ETHUSDT-15m-208-cbd9e45e,ETHUSDT,15m,8,0,,11,11,8,11,0,0,20,2025-01-02T08:00:00+00:00,2025-01-02T08:15:00+00:00,2025-01-02T08:15:00+00:00,2025-01-02T08:15:00.008765+00:00,2025-01-02T08:15:00.020160+00:00,2025-01-02T08:15:00.020301+00:00,,2025-01-02T08:15:00.020231+00:00
ETHUSDT-15m-211-ee0b46b4,ETHUSDT,15m,9,0,,12,12,9,12,0,0,21,2025-01-02T08:45:00+00:00,2025-01-02T09:00:00+00:00,2025-01-02T09:00:00+00:00,2025-01-02T09:00:00.009194+00:00,2025-01-02T09:00:00.021612+00:00,2025-01-02T09:00:00.021757+00:00,,2025-01-02T09:00:00.021683+00:00
ETHUSDT-15m-212-4e1136e8,ETHUSDT,15m,9,0,,12,12,9,12,0,0,21,2025-01-02T09:00:00+00:00,2025-01-02T09:15:00+00:00,2025-01-02T09:15:00+00:00,2025-01-02T09:15:00.009091+00:00,2025-01-02T09:15:00.021872+00:00,2025-01-02T09:15:00.022005+00:00,,2025-01-02T09:15:00.021937+00:00
ETHUSDT-15m-213-74c7545b,ETHUSDT,15m,4,0,,10,10,4,10,0,0,15,2025-01-02T09:15:00+00:00,2025-01-02T09:30:00+00:00,2025-01-02T09:30:00+00:00,2025-01-02T09:30:00.004836+00:00,2025-01-02T09:30:00.015655+00:00,2025-01-02T09:30:00.015797+00:00,,2025-01-02T09:30:00.015728+00:00
ETHUSDT-15m-214-e14abfa4,ETHUSDT,15m,8,0,,8,8,8,8,0,0,16,2025-01-02T09:30:00+00:00,2025-01-02T09:45:00+00:00,2025-01-02T09:45:00+00:00,2025-01-02T09:45:00.008349+00:00,2025-01-02T09:45:00.016577+00:00,2025-01-02T09:45:00.016710+00:00,,2025-01-02T09:45:00.016636+00:00
ETHUSDT-15m-215-f76db290,ETHUSDT,15m,9,0,,10,10,9,10,0,0,19,2025-01-02T09:45:00+00:00,2025-01-02T10:00:00+00:00,2025-01-02T10:00:00+00:00,2025-01-02T10:00:00.009249+00:00,2025-01-02T10:00:00.019580+00:00,2025-01-02T10:00:00.019766+00:00,,2025-01-02T10:00:00.019690+00:00
ETHUSDT-15m-216-40a8098b,ETHUSDT,15m,8,0,,11,11,8,11,0,0,19,2025-01-02T10:00:00+00:00,2025-01-02T10:15:00+00:00,2025-01-02T10:15:00+00:00,2025-01-02T10:15:00.008463+00:00,2025-01-02T10:15:00.019897+00:00,2025-01-02T10:15:00.020027+00:00,,2025-01-02T10:15:00.019963+00:00
ETHUSDT-15m-217-8c286ef8,ETHUSDT,15m,10,0,,8,8,10,8,0,0,18,2025-01-02T10:15:00+00:00,2025-01-02T10:30:00+00:00,2025-01-02T10:30:00+00:00,2025-01-02T10:30:00.010040+00:00,2025-01-02T10:30:00.018638+00:00,2025-01-02T10:30:00.018787+00:00,,2025-01-02T10:30:00.018714+00:00
ETHUSDT-15m-218-71d79bce,ETHUSDT,15m,5,0,,12,12,5,12,0,0,18,2025-01-02T10:30:00+00:00,2025-01-02T10:45:00+00:00,2025-01-02T10:45:00+00:00,2025-01-02T10:45:00.005983+00:00,2025-01-02T10:45:00.018207+00:00,2025-01-02T10:45:00.018348+00:00,,2025-01-02T10:45:00.018278+00:00
ETHUSDT-15m-219-7d4cda15,ETHUSDT,15m,8,0,,10,10,8,10,0,0,18,2025-01-02T10:45:00+00:00,2025-01-02T11:00:00+00:00,2025-01-02T11:00:00+00:00,2025-01-02T11:00:00.008021+00:00,2025-01-02T11:00:00.018790+00:00,2025-01-02T11:00:00.018891+00:00,,2025-01-02T11:00:00.018845+00:00
ETHUSDT-15m-224-ed8a2fe2,ETHUSDT,15m,8,0,,9,9,8,9,0,0,18,2025-01-02T12:00:00+00:00,2025-01-02T12:15:00+00:00,2025-01-02T12:15:00+00:00,2025-01-02T12:15:00.008732+00:00,2025-01-02T12:15:00.018053+00:00,2025-01-02T12:15:00.018308+00:00,,2025-01-02T12:15:00.018127+00:00
SOLUSDT-15m-292-7870e928,SOLUSDT,15m,10,0,,11,11,10,11,0,0,22,2025-01-03T05:00:00+00:00,2025-01-03T05:15:00+00:00,2025-01-03T05:15:00+00:00,2025-01-03T05:15:00.010766+00:00,2025-01-03T05:15:00.022475+00:00,2025-01-03T05:15:00.022598+00:00,,2025-01-03T05:15:00.022535+00:00
SOLUSDT-15m-293-f1eaab51,SOLUSDT,15m,11,0,,7,7,11,7,0,0,18,2025-01-03T05:15:00+00:00,2025-01-03T05:30:00+00:00,2025-01-03T05:30:00+00:00,2025-01-03T05:30:00.011072+00:00,2025-01-03T05:30:00.018293+00:00,2025-01-03T05:30:00.018436+00:00,,2025-01-03T05:30:00.018365+00:00
SOLUSDT-15m-294-a40143cd,SOLUSDT,15m,10,0,,11,11,10,11,0,0,22,2025-01-03T05:30:00+00:00,2025-01-03T05:45:00+00:00,2025-01-03T05:45:00+00:00,2025-01-03T05:45:00.010958+00:00,2025-01-03T05:45:00.022127+00:00,2025-01-03T05:45:00.022252+00:00,,2025-01-03T05:45:00.022191+00:00
SOLUSDT-15m-295-f0eea1fb,SOLUSDT,15m,11,0,,11,11,11,11,0,0,22,2025-01-03T05:45:00+00:00,2025-01-03T06:00:00+00:00,2025-01-03T06:00:00+00:00,2025-01-03T06:00:00.011350+00:00,2025-01-03T06:00:00.022725+00:00,2025-01-03T06:00:00.022858+00:00,,2025-01-03T06:00:00.022788+00:00
SOLUSDT-15m-296-6d4b774c,SOLUSDT,15m,9,0,,12,12,9,12,0,0,22,2025-01-03T06:00:00+00:00,2025-01-03T06:15:00+00:00,2025-01-03T06:15:00+00:00,2025-01-03T06:15:00.009509+00:00,2025-01-03T06:15:00.022153+00:00,2025-01-03T06:15:00.022269+00:00,,2025-01-03T06:15:00.022204+00:00
SOLUSDT-15m-297-95dd3c23,SOLUSDT,15m,10,0,,9,9,10,9,0,0,19,2025-01-03T06:15:00+00:00,2025-01-03T06:30:00+00:00,2025-01-03T06:30:00+00:00,2025-01-03T06:30:00.010384+00:00,2025-01-03T06:30:00.019410+00:00,2025-01-03T06:30:00.019532+00:00,,2025-01-03T06:30:00.019467+00:00
SOLUSDT-15m-298-27f69a4b,SOLUSDT,15m,10,0,,12,12,10,12,0,0,22,2025-01-03T06:30:00+00:00,2025-01-03T06:45:00+00:00,2025-01-03T06:45:00+00:00,2025-01-03T06:45:00.010236+00:00,2025-01-03T06:45:00.022580+00:00,2025-01-03T06:45:00.022665+00:00,,2025-01-03T06:45:00.022621+00:00
SOLUSDT-15m-308-66c37b4b,SOLUSDT,15m,9,0,,14,14,9,14,0,0,24,2025-01-03T09:00:00+00:00,2025-01-03T09:15:00+00:00,2025-01-03T09:15:00+00:00,2025-01-03T09:15:00.009935+00:00,2025-01-03T09:15:00.024093+00:00,2025-01-03T09:15:00.024226+00:00,,2025-01-03T09:15:00.024160+00:00
SOLUSDT-15m-309-fbdb77ef,SOLUSDT,15m,9,0,,13,13,9,13,0,0,23,2025-01-03T09:15:00+00:00,2025-01-03T09:30:00+00:00,2025-01-03T09:30:00+00:00,2025-01-03T09:30:00.009945+00:00,2025-01-03T09:30:00.023449+00:00,2025-01-03T09:30:00.023549+00:00,,2025-01-03T09:30:00.023502+00:00
SOLUSDT-15m-310-1c9ce19e,SOLUSDT,15m,7,0,,12,12,7,12,0,0,20,2025-01-03T09:30:00+00:00,2025-01-03T09:45:00+00:00,2025-01-03T09:45:00+00:00,2025-01-03T09:45:00.007972+00:00,2025-01-03T09:45:00.020077+00:00,2025-01-03T09:45:00.020208+00:00,,2025-01-03T09:45:00.020144+00:00
SOLUSDT-15m-311-8efa4a4a,SOLUSDT,15m,11,0,,14,14,11,13,0,0,25,2025-01-03T09:45:00+00:00,2025-01-03T10:00:00+00:00,2025-01-03T10:00:00+00:00,2025-01-03T10:00:00.011177+00:00,2025-01-03T10:00:00.025146+00:00,2025-01-03T10:00:00.025282+00:00,,2025-01-03T10:00:00.025216+00:00
SOLUSDT-15m-319-b54652e9,SOLUSDT,15m,10,0,,12,12,10,12,0,0,23,2025-01-03T11:45:00+00:00,2025-01-03T12:00:00+00:00,2025-01-03T12:00:00+00:00,2025-01-03T12:00:00.010685+00:00,2025-01-03T12:00:00.023536+00:00,2025-01-03T12:00:00.023715+00:00,,2025-01-03T12:00:00.023639+00:00
SOLUSDT-15m-320-ccf3ab01,SOLUSDT,15m,9,0,,10,10,9,10,0,0,20,2025-01-03T12:00:00+00:00,2025-01-03T12:15:00+00:00,2025-01-03T12:15:00+00:00,2025-01-03T12:15:00.009844+00:00,2025-01-03T12:15:00.020754+00:00,2025-01-03T12:15:00.020904+00:00,,2025-01-03T12:15:00.020831+00:00
SOLUSDT-15m-321-b64b0115,SOLUSDT,15m,10,0,,13,13,10,13,0,0,24,2025-01-03T12:15:00+00:00,2025-01-03T12:30:00+00:00,2025-01-03T12:30:00+00:00,2025-01-03T12:30:00.010471+00:00,2025-01-03T12:30:00.024119+00:00,2025-01-03T12:30:00.024266+00:00,,2025-01-03T12:30:00.024194+00:00
SOLUSDT-15m-329-afe785d3,SOLUSDT,15m,11,0,,15,15,11,15,0,0,26,2025-01-03T14:15:00+00:00,2025-01-03T14:30:00+00:00,2025-01-03T14:30:00+00:00,2025-01-03T14:30:00.011523+00:00,2025-01-03T14:30:00.026700+00:00,2025-01-03T14:30:00.026840+00:00,,2025-01-03T14:30:00.026771+00:00
SOLUSDT-15m-330-fd06dc2b,SOLUSDT,15m,9,0,,13,13,9,13,0,0,23,2025-01-03T14:30:00+00:00,2025-01-03T14:45:00+00:00,2025-01-03T14:45:00+00:00,2025-01-03T14:45:00.009780+00:00,2025-01-03T14:45:00.023179+00:00,2025-01-03T14:45:00.023319+00:00,,2025-01-03T14:45:00.023246+00:00
SOLUSDT-15m-331-88405511,SOLUSDT,15m,13,0,,14,14,13,14,0,0,28,2025-01-03T14:45:00+00:00,2025-01-03T15:00:00+00:00,2025-01-03T15:00:00+00:00,2025-01-03T15:00:00.013850+00:00,2025-01-03T15:00:00.028555+00:00,2025-01-03T15:00:00.028680+00:00,,2025-01-03T15:00:00.028616+00:00
SOLUSDT-15m-332-64403d87,SOLUSDT,15m,10,0,,12,12,10,12,0,0,23,2025-01-03T15:00:00+00:00,2025-01-03T15:15:00+00:00,2025-01-03T15:15:00+00:00,2025-01-03T15:15:00.010772+00:00,2025-01-03T15:15:00.022941+00:00,2025-01-03T15:15:00.023070+00:00,,2025-01-03T15:15:00.023010+00:00
SOLUSDT-15m-338-902caec3,SOLUSDT,15m,11,0,,14,14,11,14,0,0,26,2025-01-03T16:30:00+00:00,2025-01-03T16:45:00+00:00,2025-01-03T16:45:00+00:00,2025-01-03T16:45:00.011688+00:00,2025-01-03T16:45:00.026153+00:00,2025-01-03T16:45:00.026245+00:00,,2025-01-03T16:45:00.026201+00:00
