event_id,symbol,timeframe,timestamp,parity_result,live_status,backtest_status,live_direction,backtest_direction,live_entry,backtest_entry,live_sl,backtest_sl,live_tp,backtest_tp,live_rr,backtest_rr,reason,production_approved,telegram_eligible,future_data_detected
BTCUSDT-15m-211-2646185b,BTCUSDT,15m,2025-01-02T09:00:00.004658+00:00,LIVE_BACKTEST_MATCH,LONG_ENTRY_CANDIDATE,LONG_ENTRY_CANDIDATE,LONG,LONG,96125.3,96125.3,95856.08051564402,95856.08051564402,96663.73896871197,96663.73896871197,4.0,4.0,,False,False,False
BTCUSDT-15m-212-06ee14cc,BTCUSDT,15m,2025-01-02T09:15:00.007701+00:00,LIVE_BACKTEST_MATCH,LONG_ENTRY_CANDIDATE,LONG_ENTRY_CANDIDATE,LONG,LONG,96191.5,96191.5,95959.39619309801,95959.39619309801,96655.70761380397,96655.70761380397,4.0,4.0,,False,False,False
BTCUSDT-15m-213-aa4e09c1,BTCUSDT,15m,2025-01-02T09:30:00.008822+00:00,LIVE_BACKTEST_MATCH,LONG_ENTRY_CANDIDATE,LONG_ENTRY_CANDIDATE,LONG,LONG,96376.7,96376.7,96136.1321793053,96136.1321793053,96857.83564138938,96857.83564138938,4.0,4.0,,False,False,False
BTCUSDT-15m-214-c59d2711,BTCUSDT,15m,2025-01-02T09:45:00.007003+00:00,LIVE_BACKTEST_MATCH,LONG_ENTRY_CANDIDATE,LONG_ENTRY_CANDIDATE,LONG,LONG,96329.9,96329.9,95561.35559506921,95561.35559506921,97866.98880986156,97866.98880986156,4.0,4.0,,False,False,False
BTCUSDT-15m-215-9e0af17b,BTCUSDT,15m,2025-01-02T10:00:00.006997+00:00,LIVE_BACKTEST_MATCH,LONG_ENTRY_CANDIDATE,LONG_ENTRY_CANDIDATE,LONG,LONG,96722.0,96722.0,96202.76590970712,96202.76590970712,97760.46818058577,97760.46818058577,4.0,4.0,,False,False,False
BTCUSDT-15m-216-d2f7ca0a,BTCUSDT,15m,2025-01-02T10:15:00.007051+00:00,LIVE_BACKTEST_MATCH,LONG_ENTRY_CANDIDATE,LONG_ENTRY_CANDIDATE,LONG,LONG,96583.3,96583.3,95557.52691615661,95557.52691615661,98634.84616768679,98634.84616768679,4.0,4.0,,False,False,False
BTCUSDT-15m-217-1cecca6c,BTCUSDT,15m,2025-01-02T10:30:00.008514+00:00,LIVE_BACKTEST_MATCH,LONG_ENTRY_CANDIDATE,LONG_ENTRY_CANDIDATE,LONG,LONG,96670.1,96670.1,96495.03356500257,96495.03356500257,97020.23286999488,97020.23286999488,4.0,4.0,,False,False,False
BTCUSDT-15m-244-805ffb61,BTCUSDT,15m,2025-01-02T17:15:00.013080+00:00,LIVE_BACKTEST_MATCH,LONG_ENTRY_CANDIDATE,LONG_ENTRY_CANDIDATE,LONG,LONG,97520.4,97520.4,96981.45757296756,96981.45757296756,98598.28485406487,98598.28485406487,4.0,4.0,,False,False,False
ETHUSDT-15m-208-cbd9e45e,ETHUSDT,15m,2025-01-02T08:15:00.008765+00:00,LIVE_BACKTEST_MATCH,LONG_ENTRY_CANDIDATE,LONG_ENTRY_CANDIDATE,LONG,LONG,3432.39,3432.39,3417.632773786977,3417.632773786977,3461.9044524260457,3461.9044524260457,4.0,4.0,,False,False,False
ETHUSDT-15m-211-ee0b46b4,ETHUSDT,15m,2025-01-02T09:00:00.009194+00:00,LIVE_BACKTEST_MATCH,LONG_ENTRY_CANDIDATE,LONG_ENTRY_CANDIDATE,LONG,LONG,3437.99,3437.99,3420.1365597704043,3420.1365597704043,3473.6968804591907,3473.6968804591907,4.0,4.0,,False,False,False
ETHUSDT-15m-212-4e1136e8,ETHUSDT,15m,2025-01-02T09:15:00.009091+00:00,LIVE_BACKTEST_MATCH,LONG_ENTRY_CANDIDATE,LONG_ENTRY_CANDIDATE,LONG,LONG,3441.32,3441.32,3431.7166626439466,3431.7166626439466,3460.5266747121073,3460.5266747121073,4.0,4.0,,False,False,False
ETHUSDT-15m-213-74c7545b,ETHUSDT,15m,2025-01-02T09:30:00.004836+00:00,LIVE_BACKTEST_MATCH,LONG_ENTRY_CANDIDATE,LONG_ENTRY_CANDIDATE,LONG,LONG,3445.31,3445.31,3436.594758169379,3436.594758169379,3462.740483661242,3462.740483661242,4.0,4.0,,False,False,False
ETHUSDT-15m-214-e14abfa4,ETHUSDT,15m,2025-01-02T09:45:00.008349+00:00,LIVE_BACKTEST_MATCH,LONG_ENTRY_CANDIDATE,LONG_ENTRY_CANDIDATE,LONG,LONG,3442.0,3442.0,3399.7737040144234,3399.7737040144234,3526.452591971153,3526.452591971153,4.0,4.0,,False,False,False
ETHUSDT-15m-215-f76db290,ETHUSDT,15m,2025-01-02T10:00:00.009249+00:00,LIVE_BACKTEST_MATCH,LONG_ENTRY_CANDIDATE,LONG_ENTRY_CANDIDATE,LONG,LONG,3467.87,3467.87,3436.5402965848216,3436.5402965848216,3530.5294068303565,3530.5294068303565,4.0,4.0,,False,False,False
ETHUSDT-15m-216-40a8098b,ETHUSDT,15m,2025-01-02T10:15:00.008463+00:00,LIVE_BACKTEST_MATCH,LONG_ENTRY_CANDIDATE,LONG_ENTRY_CANDIDATE,LONG,LONG,3458.64,3458.64,3399.4035611144773,3399.4035611144773,3577.112877771045,3577.112877771045,4.0,4.0,,False,False,False
ETHUSDT-15m-217-8c286ef8,ETHUSDT,15m,2025-01-02T10:30:00.010040+00:00,LIVE_BACKTEST_MATCH,LONG_ENTRY_CANDIDATE,LONG_ENTRY_CANDIDATE,LONG,LONG,3470.57,3470.57,3456.052878177729,3456.052878177729,3499.6042436445427,3499.6042436445427,4.0,4.0,,False,False,False
ETHUSDT-15m-218-71d79bce,ETHUSDT,15m,2025-01-02T10:45:00.005983+00:00,LIVE_BACKTEST_MATCH,LONG_ENTRY_CANDIDATE,LONG_ENTRY_CANDIDATE,LONG,LONG,3467.63,3467.63,3399.3975297364627,3399.3975297364627,3604.094940527075,3604.094940527075,4.0,4.0,,False,False,False
ETHUSDT-15m-219-7d4cda15,ETHUSDT,15m,2025-01-02T11:00:00.008021+00:00,LIVE_BACKTEST_MATCH,LONG_ENTRY_CANDIDATE,LONG_ENTRY_CANDIDATE,LONG,LONG,3468.68,3468.68,3460.7817061838578,3460.7817061838578,3484.476587632284,3484.476587632284,4.0,4.0,,False,False,False
ETHUSDT-15m-224-ed8a2fe2,ETHUSDT,15m,2025-01-02T12:15:00.008732+00:00,LIVE_BACKTEST_MATCH,LONG_ENTRY_CANDIDATE,LONG_ENTRY_CANDIDATE,LONG,LONG,3477.21,3477.21,3468.320273636214,3468.320273636214,3494.989452727572,3494.989452727572,4.0,4.0,,False,False,False
SOLUSDT-15m-292-7870e928,SOLUSDT,15m,2025-01-03T05:15:00.010766+00:00,LIVE_BACKTEST_MATCH,LONG_ENTRY_CANDIDATE,LONG_ENTRY_CANDIDATE,LONG,LONG,208.45,208.45,206.8144974409762,206.8144974409762,211.72100511804757,211.72100511804757,4.0,4.0,,False,False,False
SOLUSDT-15m-293-f1eaab51,SOLUSDT,15m,2025-01-03T05:30:00.011072+00:00,LIVE_BACKTEST_MATCH,LONG_ENTRY_CANDIDATE,LONG_ENTRY_CANDIDATE,LONG,LONG,208.39,208.39,205.86531905233505,205.86531905233505,213.43936189532985,213.43936189532985,4.0,4.0,,False,False,False
SOLUSDT-15m-294-a40143cd,SOLUSDT,15m,2025-01-03T05:45:00.010958+00:00,LIVE_BACKTEST_MATCH,LONG_ENTRY_CANDIDATE,LONG_ENTRY_CANDIDATE,LONG,LONG,208.68,208.68,207.9485105485968,207.9485105485968,210.47,210.47,4.0,4.0,,False,False,False
SOLUSDT-15m-295-f0eea1fb,SOLUSDT,15m,2025-01-03T06:00:00.011350+00:00,LIVE_BACKTEST_MATCH,LONG_ENTRY_CANDIDATE,LONG_ENTRY_CANDIDATE,LONG,LONG,208.78,208.78,208.1427597951256,208.1427597951256,210.47,210.47,4.0,4.0,,False,False,False
SOLUSDT-15m-296-6d4b774c,SOLUSDT,15m,2025-01-03T06:15:00.009509+00:00,LIVE_BACKTEST_MATCH,LONG_ENTRY_CANDIDATE,LONG_ENTRY_CANDIDATE,LONG,LONG,209.27,209.27,208.1174198097595,208.1174198097595,211.57516038048104,211.57516038048104,4.0,4.0,,False,False,False
SOLUSDT-15m-297-95dd3c23,SOLUSDT,15m,2025-01-03T06:30:00.010384+00:00,LIVE_BACKTEST_MATCH,LONG_ENTRY_CANDIDATE,LONG_ENTRY_CANDIDATE,LONG,LONG,209.39,209.39,208.41317553763383,208.41317553763383,211.3436489247323,211.3436489247323,4.0,4.0,,False,False,False
SOLUSDT-15m-298-27f69a4b,SOLUSDT,15m,2025-01-03T06:45:00.010236+00:00,LIVE_BACKTEST_MATCH,LONG_ENTRY_CANDIDATE,LONG_ENTRY_CANDIDATE,LONG,LONG,209.26,209.26,205.8556629992314,205.8556629992314,216.06867400153715,216.06867400153715,4.0,4.0,,False,False,False
SOLUSDT-15m-308-66c37b4b,SOLUSDT,15m,2025-01-03T09:15:00.009935+00:00,LIVE_BACKTEST_MATCH,LONG_ENTRY_CANDIDATE,LONG_ENTRY_CANDIDATE,LONG,LONG,211.79,211.79,208.73128062887332,208.73128062887332,217.90743874225333,217.90743874225333,4.0,4.0,,False,False,False
SOLUSDT-15m-309-fbdb77ef,SOLUSDT,15m,2025-01-03T09:30:00.009945+00:00,LIVE_BACKTEST_MATCH,LONG_ENTRY_CANDIDATE,LONG_ENTRY_CANDIDATE,LONG,LONG,211.54,211.54,206.68761772681094,206.68761772681094,221.2447645463781,221.2447645463781,4.0,4.0,,False,False,False
SOLUSDT-15m-310-1c9ce19e,SOLUSDT,15m,2025-01-03T09:45:00.007972+00:00,LIVE_BACKTEST_MATCH,LONG_ENTRY_CANDIDATE,LONG_ENTRY_CANDIDATE,LONG,LONG,210.92,210.92,206.69164503203874,206.69164503203874,219.3767099359225,219.3767099359225,4.0,4.0,,False,False,False
SOLUSDT-15m-311-8efa4a4a,SOLUSDT,15m,2025-01-03T10:00:00.011177+00:00,LIVE_BACKTEST_MATCH,LONG_ENTRY_CANDIDATE,LONG_ENTRY_CANDIDATE,LONG,LONG,211.08,211.08,210.4459561011788,210.4459561011788,212.34808779764242,212.34808779764242,4.0,4.0,,False,False,False
SOLUSDT-15m-319-b54652e9,SOLUSDT,15m,2025-01-03T12:00:00.010685+00:00,LIVE_BACKTEST_MATCH,LONG_ENTRY_CANDIDATE,LONG_ENTRY_CANDIDATE,LONG,LONG,214.39,214.39,212.25105949041605,212.25105949041605,218.66788101916785,218.66788101916785,4.0,4.0,,False,False,False
SOLUSDT-15m-320-ccf3ab01,SOLUSDT,15m,2025-01-03T12:15:00.009844+00:00,LIVE_BACKTEST_MATCH,LONG_ENTRY_CANDIDATE,LONG_ENTRY_CANDIDATE,LONG,LONG,214.48,214.48,213.28012666967206,213.28012666967206,216.87974666065585,216.87974666065585,4.0,4.0,,False,False,False
SOLUSDT-15m-321-b64b0115,SOLUSDT,15m,2025-01-03T12:30:00.010471+00:00,LIVE_BACKTEST_MATCH,LONG_ENTRY_CANDIDATE,LONG_ENTRY_CANDIDATE,LONG,LONG,214.09,214.09,209.9729747646955,209.9729747646955,222.32405047060902,222.32405047060902,4.0,4.0,,False,False,False
SOLUSDT-15m-329-afe785d3,SOLUSDT,15m,2025-01-03T14:30:00.011523+00:00,LIVE_BACKTEST_MATCH,LONG_ENTRY_CANDIDATE,LONG_ENTRY_CANDIDATE,LONG,LONG,215.22,215.22,213.65287804820653,213.65287804820653,218.35424390358693,218.35424390358693,4.0,4.0,,False,False,False
SOLUSDT-15m-330-fd06dc2b,SOLUSDT,15m,2025-01-03T14:45:00.009780+00:00,LIVE_BACKTEST_MATCH,LONG_ENTRY_CANDIDATE,LONG_ENTRY_CANDIDATE,LONG,LONG,217.97,217.97,214.34438675904892,214.34438675904892,225.22122648190216,225.22122648190216,4.0,4.0,,False,False,False
SOLUSDT-15m-331-88405511,SOLUSDT,15m,2025-01-03T15:00:00.013850+00:00,LIVE_BACKTEST_MATCH,LONG_ENTRY_CANDIDATE,LONG_ENTRY_CANDIDATE,LONG,LONG,218.16,218.16,216.58307341911686,216.58307341911686,221.31385316176627,221.31385316176627,4.0,4.0,,False,False,False
SOLUSDT-15m-332-64403d87,SOLUSDT,15m,2025-01-03T15:15:00.010772+00:00,LIVE_BACKTEST_MATCH,LONG_ENTRY_CANDIDATE,LONG_ENTRY_CANDIDATE,LONG,LONG,217.42,217.42,211.63413960346566,211.63413960346566,228.99172079306865,228.99172079306865,4.0,4.0,,False,False,False
SOLUSDT-15m-338-902caec3,SOLUSDT,15m,2025-01-03T16:45:00.011688+00:00,LIVE_BACKTEST_MATCH,LONG_ENTRY_CANDIDATE,LONG_ENTRY_CANDIDATE,LONG,LONG,219.0,219.0,217.82496121238606,217.82496121238606,221.35007757522789,221.35007757522789,4.0,4.0,,False,False,False
