event_id,symbol,timeframe,parity_result,as_of_index,future_data_detected,signal_after_close,telegram_status,paper_opened,entry_price_status
BTCUSDT-15m-211-2646185b,BTCUSDT,15m,LIVE_BACKTEST_MATCH,211,False,True,blocked,True,VALID
BTCUSDT-15m-212-06ee14cc,BTCUSDT,15m,LIVE_BACKTEST_MATCH,212,False,True,blocked,True,VALID
BTCUSDT-15m-213-aa4e09c1,BTCUSDT,15m,LIVE_BACKTEST_MATCH,213,False,True,blocked,True,VALID
BTCUSDT-15m-214-c59d2711,BTCUSDT,15m,LIVE_BACKTEST_MATCH,214,False,True,blocked,True,VALID
BTCUSDT-15m-215-9e0af17b,BTCUSDT,15m,LIVE_BACKTEST_MATCH,215,False,True,blocked,True,VALID
BTCUSDT-15m-216-d2f7ca0a,BTCUSDT,15m,LIVE_BACKTEST_MATCH,216,False,True,blocked,True,VALID
BTCUSDT-15m-217-1cecca6c,BTCUSDT,15m,LIVE_BACKTEST_MATCH,217,False,True,blocked,True,VALID
BTCUSDT-15m-244-805ffb61,BTCUSDT,15m,LIVE_BACKTEST_MATCH,244,False,True,blocked,True,VALID
ETHUSDT-15m-208-cbd9e45e,ETHUSDT,15m,LIVE_BACKTEST_MATCH,208,False,True,blocked,True,VALID
ETHUSDT-15m-211-ee0b46b4,ETHUSDT,15m,LIVE_BACKTEST_MATCH,211,False,True,blocked,True,VALID
ETHUSDT-15m-212-4e1136e8,ETHUSDT,15m,LIVE_BACKTEST_MATCH,212,False,True,blocked,True,VALID
ETHUSDT-15m-213-74c7545b,ETHUSDT,15m,LIVE_BACKTEST_MATCH,213,False,True,blocked,True,VALID
ETHUSDT-15m-214-e14abfa4,ETHUSDT,15m,LIVE_BACKTEST_MATCH,214,False,True,blocked,True,VALID
ETHUSDT-15m-215-f76db290,ETHUSDT,15m,LIVE_BACKTEST_MATCH,215,False,True,blocked,True,VALID
ETHUSDT-15m-216-40a8098b,ETHUSDT,15m,LIVE_BACKTEST_MATCH,216,False,True,blocked,True,VALID
ETHUSDT-15m-217-8c286ef8,ETHUSDT,15m,LIVE_BACKTEST_MATCH,217,False,True,blocked,True,VALID
ETHUSDT-15m-218-71d79bce,ETHUSDT,15m,LIVE_BACKTEST_MATCH,218,False,True,blocked,True,VALID
ETHUSDT-15m-219-7d4cda15,ETHUSDT,15m,LIVE_BACKTEST_MATCH,219,False,True,blocked,True,VALID
ETHUSDT-15m-224-ed8a2fe2,ETHUSDT,15m,LIVE_BACKTEST_MATCH,224,False,True,blocked,True,VALID
SOLUSDT-15m-292-7870e928,SOLUSDT,15m,LIVE_BACKTEST_MATCH,292,False,True,blocked,True,VALID
SOLUSDT-15m-293-f1eaab51,SOLUSDT,15m,LIVE_BACKTEST_MATCH,293,False,True,blocked,True,VALID
SOLUSDT-15m-294-a40143cd,SOLUSDT,15m,LIVE_BACKTEST_MATCH,294,False,True,blocked,True,VALID
SOLUSDT-15m-295-f0eea1fb,SOLUSDT,15m,LIVE_BACKTEST_MATCH,295,False,True,blocked,True,VALID
SOLUSDT-15m-296-6d4b774c,SOLUSDT,15m,LIVE_BACKTEST_MATCH,296,False,True,blocked,True,VALID
SOLUSDT-15m-297-95dd3c23,SOLUSDT,15m,LIVE_BACKTEST_MATCH,297,False,True,blocked,True,VALID
SOLUSDT-15m-298-27f69a4b,SOLUSDT,15m,LIVE_BACKTEST_MATCH,298,False,True,blocked,True,VALID
SOLUSDT-15m-308-66c37b4b,SOLUSDT,15m,LIVE_BACKTEST_MATCH,308,False,True,blocked,True,VALID
SOLUSDT-15m-309-fbdb77ef,SOLUSDT,15m,LIVE_BACKTEST_MATCH,309,False,True,blocked,True,VALID
SOLUSDT-15m-310-1c9ce19e,SOLUSDT,15m,LIVE_BACKTEST_MATCH,310,False,True,blocked,True,VALID
SOLUSDT-15m-311-8efa4a4a,SOLUSDT,15m,LIVE_BACKTEST_MATCH,311,False,True,blocked,True,VALID
SOLUSDT-15m-319-b54652e9,SOLUSDT,15m,LIVE_BACKTEST_MATCH,319,False,True,blocked,True,VALID
SOLUSDT-15m-320-ccf3ab01,SOLUSDT,15m,LIVE_BACKTEST_MATCH,320,False,True,blocked,True,VALID
SOLUSDT-15m-321-b64b0115,SOLUSDT,15m,LIVE_BACKTEST_MATCH,321,False,True,blocked,True,VALID
SOLUSDT-15m-329-afe785d3,SOLUSDT,15m,LIVE_BACKTEST_MATCH,329,False,True,blocked,True,VALID
SOLUSDT-15m-330-fd06dc2b,SOLUSDT,15m,LIVE_BACKTEST_MATCH,330,False,True,blocked,True,VALID
SOLUSDT-15m-331-88405511,SOLUSDT,15m,LIVE_BACKTEST_MATCH,331,False,True,blocked,True,VALID
SOLUSDT-15m-332-64403d87,SOLUSDT,15m,LIVE_BACKTEST_MATCH,332,False,True,blocked,True,VALID
SOLUSDT-15m-338-902caec3,SOLUSDT,15m,LIVE_BACKTEST_MATCH,338,False,True,blocked,True,VALID
