group_field,group,total_bars,candidate_or_signal_bars,accepted_entries,rejected_bars,trade_rate,signal_rate
regime_1h,CHOPPY,395,1,1,394,0.002532,0.002532
regime_1h,BULL_TREND,301,0,0,301,0.0,0.0
regime_1h,HIGH_VOLATILITY_TREND,172,4,4,168,0.023256,0.023256
regime_1h,TRANSITION,114,2,2,112,0.017544,0.017544
regime_1h,HIGH_VOLATILITY_RANGE,84,0,0,84,0.0,0.0
regime_1h,UNKNOWN,53,0,0,53,0.0,0.0
regime_1h,LOW_VOLATILITY_COMPRESSION,42,1,1,41,0.02381,0.02381
regime_1h,BEAR_TREND,26,2,2,24,0.076923,0.076923
regime_1h,RANGE,13,0,0,13,0.0,0.0
regime_4h,CHOPPY,432,6,6,426,0.013889,0.013889
regime_4h,BULL_TREND,324,0,0,324,0.0,0.0
regime_4h,HIGH_VOLATILITY_TREND,248,4,4,244,0.016129,0.016129
regime_4h,TRANSITION,76,0,0,76,0.0,0.0
regime_4h,HIGH_VOLATILITY_RANGE,44,0,0,44,0.0,0.0
regime_4h,LOW_VOLATILITY_COMPRESSION,28,0,0,28,0.0,0.0
regime_4h,BEAR_TREND,20,0,0,20,0.0,0.0
regime_4h,UNKNOWN,16,0,0,16,0.0,0.0
regime_4h,RANGE,12,0,0,12,0.0,0.0
mtf_alignment,TIMEFRAME_CONFLICT,557,4,4,553,0.007181,0.007181
mtf_alignment,RANGE_ALIGNED,216,2,2,214,0.009259,0.009259
mtf_alignment,VOLATILITY_ALIGNED,106,4,4,102,0.037736,0.037736
mtf_alignment,BULLISH_HIGHER_TIMEFRAME_BUT_15M_WEAK,91,0,0,91,0.0,0.0
mtf_alignment,1H_15M_BULLISH_AGAINST_4H,81,0,0,81,0.0,0.0
mtf_alignment,1H_15M_BEARISH_AGAINST_4H,48,0,0,48,0.0,0.0
mtf_alignment,FULL_BULL_ALIGNMENT,30,0,0,30,0.0,0.0
mtf_alignment,INSUFFICIENT_DATA,30,0,0,30,0.0,0.0
mtf_alignment,BEARISH_HIGHER_TIMEFRAME_BUT_15M_WEAK,15,0,0,15,0.0,0.0
mtf_alignment,TRANSITION_ALIGNED,15,0,0,15,0.0,0.0
mtf_alignment,FULL_BEAR_ALIGNMENT,11,0,0,11,0.0,0.0
research_label,NO_TRADE_CHOPPY,610,5,5,605,0.008197,0.008197
research_label,TIMEFRAME_CONFLICT_AVOID,174,0,0,174,0.0,0.0
research_label,NONE,163,4,4,159,0.02454,0.02454
research_label,TRANSITION_WAIT,96,0,0,96,0.0,0.0
research_label,PULLBACK_OR_WAIT,46,0,0,46,0.0,0.0
research_label,TREND_FOLLOWING_CANDIDATE,46,0,0,46,0.0,0.0
research_label,MEAN_REVERSION_CANDIDATE,42,1,1,41,0.02381,0.02381
research_label,BREAKOUT_CANDIDATE,22,0,0,22,0.0,0.0
research_label,SHORT_TREND_FOLLOWING_CANDIDATE,1,0,0,1,0.0,0.0
