category_field,category,count,percentage_of_all_rows,unique_executed_trades
regime_4h,BULL_TREND,733,66.6364,2
regime_4h,HIGH_VOLATILITY_TREND,268,24.3636,1
regime_4h,UNKNOWN,95,8.6364,0
regime_4h,LOW_VOLATILITY_COMPRESSION,4,0.3636,0
regime_1h,HIGH_VOLATILITY_TREND,1100,100.0,3
regime_15m,HIGH_VOLATILITY_TREND,1100,100.0,3
market_regime,HIGH_VOLATILITY_TREND,1100,100.0,3
mtf_alignment,TIMEFRAME_CONFLICT,809,73.5455,2
mtf_alignment,VOLATILITY_ALIGNED,268,24.3636,1
mtf_alignment,INSUFFICIENT_DATA,23,2.0909,0
research_label,TIMEFRAME_CONFLICT_AVOID,805,73.1818,2
research_label,NONE,291,26.4545,1
research_label,BREAKOUT_CANDIDATE,4,0.3636,0
final_strategy_decision,NO_ENTRY,1097,99.7273,0
final_strategy_decision,ACCEPTED,3,0.2727,3
rejection_reason,NO_STRATEGY_ENTRY_AT_BAR,1079,98.0909,0
rejection_reason,POSITION_ACTIVE_NOT_NEW_ENTRY,18,1.6364,0
rejection_reason,MISSING,3,0.2727,3
entry_attribution_type,NO_ENTRY,1079,98.0909,0
entry_attribution_type,POSITION_ACTIVE,18,1.6364,0
entry_attribution_type,EXECUTION_BAR,3,0.2727,3
15m_status,OK,1100,100.0,3
