grain,period,bars,dominant_market_regime,dominant_mtf_alignment,entries,wins,losses,sum_R,average_R
day,2026-08-16,13,UNKNOWN,INSUFFICIENT_DATA,0,N/A,N/A,N/A,N/A
day,2026-08-17,24,UNKNOWN,INSUFFICIENT_DATA,0,N/A,N/A,N/A,N/A
day,2026-08-18,24,HIGH_VOLATILITY_TREND,TIMEFRAME_CONFLICT,0,N/A,N/A,N/A,N/A
day,2026-08-19,24,BULL_TREND,TIMEFRAME_CONFLICT,0,N/A,N/A,N/A,N/A
day,2026-08-20,24,HIGH_VOLATILITY_TREND,VOLATILITY_ALIGNED,2,2,0,4.0,2.0
day,2026-08-21,24,HIGH_VOLATILITY_TREND,VOLATILITY_ALIGNED,2,2,0,4.0,2.0
day,2026-08-22,24,HIGH_VOLATILITY_TREND,TIMEFRAME_CONFLICT,0,N/A,N/A,N/A,N/A
day,2026-08-23,24,CHOPPY,TIMEFRAME_CONFLICT,0,N/A,N/A,N/A,N/A
day,2026-08-24,24,BULL_TREND,TIMEFRAME_CONFLICT,0,N/A,N/A,N/A,N/A
day,2026-08-25,24,CHOPPY,TIMEFRAME_CONFLICT,0,N/A,N/A,N/A,N/A
day,2026-08-26,24,CHOPPY,TIMEFRAME_CONFLICT,0,N/A,N/A,N/A,N/A
day,2026-08-27,24,BULL_TREND,TIMEFRAME_CONFLICT,0,N/A,N/A,N/A,N/A
day,2026-08-28,24,BULL_TREND,TIMEFRAME_CONFLICT,0,N/A,N/A,N/A,N/A
day,2026-08-29,24,CHOPPY,RANGE_ALIGNED,0,N/A,N/A,N/A,N/A
day,2026-08-30,24,LOW_VOLATILITY_COMPRESSION,RANGE_ALIGNED,0,N/A,N/A,N/A,N/A
day,2026-08-31,24,CHOPPY,RANGE_ALIGNED,0,N/A,N/A,N/A,N/A
day,2026-09-01,24,CHOPPY,RANGE_ALIGNED,0,N/A,N/A,N/A,N/A
day,2026-09-02,24,CHOPPY,TIMEFRAME_CONFLICT,0,N/A,N/A,N/A,N/A
day,2026-09-03,24,CHOPPY,RANGE_ALIGNED,0,N/A,N/A,N/A,N/A
day,2026-09-04,24,BULL_TREND,TIMEFRAME_CONFLICT,0,N/A,N/A,N/A,N/A
day,2026-09-05,24,CHOPPY,TIMEFRAME_CONFLICT,0,N/A,N/A,N/A,N/A
day,2026-09-06,24,CHOPPY,RANGE_ALIGNED,0,N/A,N/A,N/A,N/A
day,2026-09-07,24,CHOPPY,RANGE_ALIGNED,0,N/A,N/A,N/A,N/A
day,2026-09-08,24,CHOPPY,RANGE_ALIGNED,0,N/A,N/A,N/A,N/A
day,2026-09-09,24,HIGH_VOLATILITY_RANGE,TIMEFRAME_CONFLICT,0,N/A,N/A,N/A,N/A
day,2026-09-10,24,HIGH_VOLATILITY_TREND,TIMEFRAME_CONFLICT,0,N/A,N/A,N/A,N/A
day,2026-09-11,24,HIGH_VOLATILITY_RANGE,TIMEFRAME_CONFLICT,0,N/A,N/A,N/A,N/A
day,2026-09-12,24,CHOPPY,RANGE_ALIGNED,0,N/A,N/A,N/A,N/A
day,2026-09-13,24,CHOPPY,RANGE_ALIGNED,0,N/A,N/A,N/A,N/A
day,2026-09-14,24,CHOPPY,RANGE_ALIGNED,0,N/A,N/A,N/A,N/A
day,2026-09-15,24,HIGH_VOLATILITY_TREND,TIMEFRAME_CONFLICT,0,N/A,N/A,N/A,N/A
day,2026-09-16,24,HIGH_VOLATILITY_TREND,VOLATILITY_ALIGNED,0,N/A,N/A,N/A,N/A
day,2026-09-17,24,CHOPPY,RANGE_ALIGNED,0,N/A,N/A,N/A,N/A
day,2026-09-18,24,TRANSITION,TIMEFRAME_CONFLICT,6,4,2,6.004513,1.000752
day,2026-09-19,24,BULL_TREND,TIMEFRAME_CONFLICT,0,N/A,N/A,N/A,N/A
day,2026-09-20,24,BULL_TREND,TIMEFRAME_CONFLICT,0,N/A,N/A,N/A,N/A
day,2026-09-21,24,HIGH_VOLATILITY_TREND,VOLATILITY_ALIGNED,0,N/A,N/A,N/A,N/A
day,2026-09-22,24,BULL_TREND,VOLATILITY_ALIGNED,0,N/A,N/A,N/A,N/A
day,2026-09-23,24,BULL_TREND,TIMEFRAME_CONFLICT,0,N/A,N/A,N/A,N/A
day,2026-09-24,24,TRANSITION,TIMEFRAME_CONFLICT,0,N/A,N/A,N/A,N/A
day,2026-09-25,24,CHOPPY,TIMEFRAME_CONFLICT,0,N/A,N/A,N/A,N/A
day,2026-09-26,24,CHOPPY,TIMEFRAME_CONFLICT,0,N/A,N/A,N/A,N/A
day,2026-09-27,24,BULL_TREND,TIMEFRAME_CONFLICT,0,N/A,N/A,N/A,N/A
day,2026-09-28,24,CHOPPY,TIMEFRAME_CONFLICT,0,N/A,N/A,N/A,N/A
day,2026-09-29,24,CHOPPY,RANGE_ALIGNED,0,N/A,N/A,N/A,N/A
day,2026-09-30,24,CHOPPY,TIMEFRAME_CONFLICT,0,N/A,N/A,N/A,N/A
day,2026-10-01,24,CHOPPY,TIMEFRAME_CONFLICT,0,N/A,N/A,N/A,N/A
day,2026-10-02,24,BULL_TREND,BULLISH_HIGHER_TIMEFRAME_BUT_15M_WEAK,0,N/A,N/A,N/A,N/A
day,2026-10-03,24,BULL_TREND,TIMEFRAME_CONFLICT,0,N/A,N/A,N/A,N/A
day,2026-10-04,24,BULL_TREND,1H_15M_BULLISH_AGAINST_4H,0,N/A,N/A,N/A,N/A
day,2026-10-05,11,BULL_TREND,1H_15M_BULLISH_AGAINST_4H,0,N/A,N/A,N/A,N/A
week,2026-W33,13,UNKNOWN,INSUFFICIENT_DATA,0,N/A,N/A,N/A,N/A
week,2026-W34,168,HIGH_VOLATILITY_TREND,TIMEFRAME_CONFLICT,4,4,0,8.0,2.0
week,2026-W35,168,BULL_TREND,TIMEFRAME_CONFLICT,0,N/A,N/A,N/A,N/A
week,2026-W36,168,CHOPPY,TIMEFRAME_CONFLICT,0,N/A,N/A,N/A,N/A
week,2026-W37,168,CHOPPY,TIMEFRAME_CONFLICT,0,N/A,N/A,N/A,N/A
week,2026-W38,168,BULL_TREND,TIMEFRAME_CONFLICT,6,4,2,6.004513,1.000752
week,2026-W39,168,CHOPPY,TIMEFRAME_CONFLICT,0,N/A,N/A,N/A,N/A
week,2026-W40,168,CHOPPY,TIMEFRAME_CONFLICT,0,N/A,N/A,N/A,N/A
week,2026-W41,11,BULL_TREND,1H_15M_BULLISH_AGAINST_4H,0,N/A,N/A,N/A,N/A
month,2026-08,373,CHOPPY,TIMEFRAME_CONFLICT,4,4,0,8.0,2.0
month,2026-09,720,CHOPPY,TIMEFRAME_CONFLICT,6,4,2,6.004513,1.000752
month,2026-10,107,BULL_TREND,TIMEFRAME_CONFLICT,0,N/A,N/A,N/A,N/A
quarter,2026-Q3,1093,CHOPPY,TIMEFRAME_CONFLICT,10,8,2,14.004513,1.400451
quarter,2026-Q4,107,BULL_TREND,TIMEFRAME_CONFLICT,0,N/A,N/A,N/A,N/A
year,2026,1200,CHOPPY,TIMEFRAME_CONFLICT,10,8,2,14.004513,1.400451
