variant,partition,direction,trade_id,signal_time,entry_time,exit_time,entry_price,stop_price,target_price,exit_reason,bars_held,gross_R,fees_R,net_R,lookahead_status,selected_4h_open_time,selected_4h_close_time,selected_4h_is_closed,decision_time,ambiguity
A3_LONG_ONLY,TRAIN,LONG,A3-E1-S1-T2.0-1,2022-10-16T23:00:00+00:00,2022-10-16T22:00:00+00:00,2022-10-19T22:00:00+00:00,19289.8,18966.0,19937.399999999998,TIME,72,-0.47498455836936265,0.04765855466337256,-0.5226431130327353,PASS,2022-10-16T16:00:00+00:00,2022-10-16T20:00:00+00:00,True,2022-10-16T23:00:00+00:00,NONE
A3_LONG_ONLY,TRAIN,LONG,A3-E1-S1-T2.0-5,2022-11-18T07:00:00+00:00,2022-11-18T06:00:00+00:00,2022-11-20T21:00:00+00:00,16786.0,16403.3,17551.4,SL,63,-1.0,0.035089626339169,-1.035089626339169,PASS,2022-11-17T20:00:00+00:00,2022-11-18T00:00:00+00:00,True,2022-11-18T07:00:00+00:00,NONE
A3_LONG_ONLY,TRAIN,LONG,A3-E1-S1-T2.0-9,2023-01-19T20:00:00+00:00,2023-01-19T19:00:00+00:00,2023-01-20T20:00:00+00:00,21090.0,20621.1,22027.800000000003,TP,25,2.0,0.03598208573256547,1.9640179142674346,PASS,2023-01-19T12:00:00+00:00,2023-01-19T16:00:00+00:00,True,2023-01-19T20:00:00+00:00,NONE
A3_LONG_ONLY,TRAIN,LONG,A3-E1-S1-T2.0-10,2023-01-29T04:00:00+00:00,2023-01-29T03:00:00+00:00,2023-01-29T19:00:00+00:00,23190.0,22870.8,23828.4,TP,16,2.0,0.058120300751879565,1.9418796992481204,PASS,2023-01-28T20:00:00+00:00,2023-01-29T00:00:00+00:00,True,2023-01-29T04:00:00+00:00,NONE
A3_LONG_ONLY,TRAIN,LONG,A3-E1-S1-T2.0-12,2023-02-11T23:00:00+00:00,2023-02-11T22:00:00+00:00,2023-02-13T09:00:00+00:00,21812.7,21600.0,22238.100000000002,SL,35,-1.0,0.08204118476727758,-1.0820411847672775,PASS,2023-02-11T16:00:00+00:00,2023-02-11T20:00:00+00:00,True,2023-02-11T23:00:00+00:00,NONE
A3_LONG_ONLY,TRAIN,LONG,A3-E1-S1-T2.0-13,2023-02-26T04:00:00+00:00,2023-02-26T03:00:00+00:00,2023-03-01T03:00:00+00:00,23201.8,22700.0,24205.399999999998,TIME,72,0.45795137504981986,0.03698971701873262,0.42096165803108726,PASS,2023-02-25T20:00:00+00:00,2023-02-26T00:00:00+00:00,True,2023-02-26T04:00:00+00:00,NONE
A3_LONG_ONLY,TRAIN,LONG,A3-E1-S1-T2.0-14,2023-03-05T05:00:00+00:00,2023-03-05T04:00:00+00:00,2023-03-07T15:00:00+00:00,22428.6,22147.5,22990.799999999996,SL,59,-1.0,0.06383094983991494,-1.063830949839915,PASS,2023-03-04T20:00:00+00:00,2023-03-05T00:00:00+00:00,True,2023-03-05T05:00:00+00:00,NONE
A3_LONG_ONLY,TRAIN,LONG,A3-E1-S1-T2.0-15,2023-03-19T17:00:00+00:00,2023-03-19T16:00:00+00:00,2023-03-22T16:00:00+00:00,27914.9,26790.0,30164.700000000004,TIME,72,0.6415681393901645,0.019852360209796405,0.6217157791803681,PASS,2023-03-19T12:00:00+00:00,2023-03-19T16:00:00+00:00,True,2023-03-19T17:00:00+00:00,NONE
A3_LONG_ONLY,TRAIN,LONG,A3-E1-S1-T2.0-16,2023-03-26T18:00:00+00:00,2023-03-26T17:00:00+00:00,2023-03-27T14:00:00+00:00,27825.9,27131.8,29214.100000000006,SL,21,-1.0,0.03207134418671651,-1.0320713441867164,PASS,2023-03-26T08:00:00+00:00,2023-03-26T12:00:00+00:00,True,2023-03-26T18:00:00+00:00,NONE
A3_LONG_ONLY,TRAIN,LONG,A3-E1-S1-T2.0-17,2023-04-08T06:00:00+00:00,2023-04-08T05:00:00+00:00,2023-04-10T16:00:00+00:00,28132.0,27755.0,28886.0,TP,59,2.0,0.05969655172413793,1.940303448275862,PASS,2023-04-08T00:00:00+00:00,2023-04-08T04:00:00+00:00,True,2023-04-08T06:00:00+00:00,NONE
A3_LONG_ONLY,TRAIN,LONG,A3-E1-S1-T2.0-18,2023-04-23T00:00:00+00:00,2023-04-22T23:00:00+00:00,2023-04-24T08:00:00+00:00,27807.2,27166.0,29089.600000000002,SL,33,-1.0,0.034693948845913876,-1.034693948845914,PASS,2023-04-22T16:00:00+00:00,2023-04-22T20:00:00+00:00,True,2023-04-23T00:00:00+00:00,NONE
A3_LONG_ONLY,TRAIN,LONG,A3-E1-S1-T2.0-19,2023-05-20T20:00:00+00:00,2023-05-20T19:00:00+00:00,2023-05-21T11:00:00+00:00,27054.3,26813.2,27536.499999999996,SL,16,-1.0,0.08976955620074713,-1.0897695562007472,PASS,2023-05-20T12:00:00+00:00,2023-05-20T16:00:00+00:00,True,2023-05-20T20:00:00+00:00,NONE
A3_LONG_ONLY,TRAIN,LONG,A3-E1-S1-T2.0-20,2023-06-25T07:00:00+00:00,2023-06-25T06:00:00+00:00,2023-06-26T01:00:00+00:00,30863.7,30222.0,32147.100000000002,SL,19,-1.0,0.038477419354838664,-1.0384774193548387,PASS,2023-06-25T00:00:00+00:00,2023-06-25T04:00:00+00:00,True,2023-06-25T07:00:00+00:00,NONE
A3_LONG_ONLY,TRAIN,LONG,A3-E1-S1-T2.0-21,2023-07-16T18:00:00+00:00,2023-07-16T17:00:00+00:00,2023-07-17T10:00:00+00:00,30365.5,30050.0,30996.5,SL,17,-1.0,0.07699651347068145,-1.0769965134706814,PASS,2023-07-16T08:00:00+00:00,2023-07-16T12:00:00+00:00,True,2023-07-16T18:00:00+00:00,NONE
A3_LONG_ONLY,TRAIN,LONG,A3-E1-S1-T2.0-22,2023-07-22T01:00:00+00:00,2023-07-22T00:00:00+00:00,2023-07-22T23:00:00+00:00,29968.7,29705.9,30494.3,SL,23,-1.0,0.09122891933028945,-1.0912289193302895,PASS,2023-07-21T12:00:00+00:00,2023-07-21T16:00:00+00:00,True,2023-07-22T01:00:00+00:00,NONE
A3_LONG_ONLY,TRAIN,LONG,A3-E1-S1-T2.0-23,2023-07-23T23:00:00+00:00,2023-07-23T22:00:00+00:00,2023-07-24T09:00:00+00:00,30004.4,29602.2,30808.800000000003,SL,11,-1.0,0.059680556936847234,-1.0596805569368473,PASS,2023-07-23T12:00:00+00:00,2023-07-23T16:00:00+00:00,True,2023-07-23T23:00:00+00:00,NONE
A3_LONG_ONLY,TRAIN,LONG,A3-E1-S1-T2.0-24,2023-07-28T17:00:00+00:00,2023-07-28T16:00:00+00:00,2023-07-30T20:00:00+00:00,29346.8,29065.5,29909.399999999998,SL,52,-1.0,0.08346050479914705,-1.083460504799147,PASS,2023-07-28T08:00:00+00:00,2023-07-28T12:00:00+00:00,True,2023-07-28T17:00:00+00:00,NONE
A3_LONG_ONLY,TRAIN,LONG,A3-E1-S1-T2.0-26,2023-08-27T20:00:00+00:00,2023-08-27T19:00:00+00:00,2023-08-28T05:00:00+00:00,26112.1,25955.6,26425.1,SL,10,-1.0,0.13348038338658147,-1.1334803833865814,PASS,2023-08-27T08:00:00+00:00,2023-08-27T12:00:00+00:00,True,2023-08-27T20:00:00+00:00,NONE
A3_LONG_ONLY,TRAIN,LONG,A3-E1-S1-T2.0-28,2023-10-01T09:00:00+00:00,2023-10-01T08:00:00+00:00,2023-10-01T22:00:00+00:00,27122.1,26890.4,27585.499999999993,TP,14,2.0,0.09364557617609094,1.906354423823909,PASS,2023-10-01T00:00:00+00:00,2023-10-01T04:00:00+00:00,True,2023-10-01T09:00:00+00:00,NONE
A3_LONG_ONLY,TRAIN,LONG,A3-E1-S1-T2.0-29,2023-10-15T20:00:00+00:00,2023-10-15T19:00:00+00:00,2023-10-16T05:00:00+00:00,27030.1,26790.4,27509.499999999993,TP,10,2.0,0.09021309970796938,1.9097869002920307,PASS,2023-10-15T12:00:00+00:00,2023-10-15T16:00:00+00:00,True,2023-10-15T20:00:00+00:00,NONE
A3_LONG_ONLY,TRAIN,LONG,A3-E1-S1-T2.0-30,2023-10-29T14:00:00+00:00,2023-10-29T13:00:00+00:00,2023-11-01T13:00:00+00:00,34393.9,33933.0,35315.700000000004,TIME,72,0.4747233673247883,0.059698676502494934,0.4150246908222934,PASS,2023-10-29T08:00:00+00:00,2023-10-29T12:00:00+00:00,True,2023-10-29T14:00:00+00:00,NONE
A3_LONG_ONLY,TRAIN,LONG,A3-E1-S1-T2.0-31,2023-11-05T04:00:00+00:00,2023-11-05T03:00:00+00:00,2023-11-05T21:00:00+00:00,35292.1,34571.6,36733.1,SL,18,-1.0,0.03918623178348369,-1.0391862317834837,PASS,2023-11-04T16:00:00+00:00,2023-11-04T20:00:00+00:00,True,2023-11-05T04:00:00+00:00,NONE
A3_LONG_ONLY,TRAIN,LONG,A3-E1-S1-T2.0-32,2023-11-24T11:00:00+00:00,2023-11-24T10:00:00+00:00,2023-11-27T10:00:00+00:00,37611.2,36856.3,39120.999999999985,TIME,72,-0.6771757848721699,0.03985820638495196,-0.7170339912571219,PASS,2023-11-24T04:00:00+00:00,2023-11-24T08:00:00+00:00,True,2023-11-24T11:00:00+00:00,NONE
A3_LONG_ONLY,TRAIN,LONG,A3-E1-S1-T2.0-33,2023-12-01T06:00:00+00:00,2023-12-01T05:00:00+00:00,2023-12-02T19:00:00+00:00,38106.6,37442.9,39433.99999999999,TP,38,2.0,0.04593231881874361,1.9540676811812563,PASS,2023-12-01T00:00:00+00:00,2023-12-01T04:00:00+00:00,True,2023-12-01T06:00:00+00:00,NONE
A3_LONG_ONLY,TRAIN,LONG,A3-E1-S1-T2.0-35,2023-12-30T18:00:00+00:00,2023-12-30T17:00:00+00:00,2024-01-02T00:00:00+00:00,42522.0,41283.2,44999.600000000006,TP,55,2.0,0.02746012269938644,1.9725398773006135,PASS,2023-12-30T12:00:00+00:00,2023-12-30T16:00:00+00:00,True,2023-12-30T18:00:00+00:00,NONE
A3_LONG_ONLY,TRAIN,LONG,A3-E1-S1-T2.0-36,2024-01-07T15:00:00+00:00,2024-01-07T14:00:00+00:00,2024-01-07T23:00:00+00:00,44405.0,43645.0,45925.0,SL,9,-1.0,0.0467421052631579,-1.0467421052631578,PASS,2024-01-07T08:00:00+00:00,2024-01-07T12:00:00+00:00,True,2024-01-07T15:00:00+00:00,NONE
A3_LONG_ONLY,TRAIN,LONG,A3-E1-S1-T2.0-38,2024-01-28T02:00:00+00:00,2024-01-28T01:00:00+00:00,2024-01-30T01:00:00+00:00,42074.4,41360.1,43503.00000000001,TP,48,2.0,0.047122385552288766,1.9528776144477111,PASS,2024-01-27T16:00:00+00:00,2024-01-27T20:00:00+00:00,True,2024-01-28T02:00:00+00:00,NONE
A3_LONG_ONLY,TRAIN,LONG,A3-E1-S1-T2.0-41,2024-03-08T18:00:00+00:00,2024-03-08T17:00:00+00:00,2024-03-11T08:00:00+00:00,68402.2,66800.0,71606.59999999999,TP,63,2.0,0.03415413806016734,1.9658458619398327,PASS,2024-03-08T08:00:00+00:00,2024-03-08T12:00:00+00:00,True,2024-03-08T18:00:00+00:00,NONE
A3_LONG_ONLY,TRAIN,LONG,A3-E1-S1-T2.0-44,2024-04-18T14:00:00+00:00,2024-04-18T13:00:00+00:00,2024-04-19T02:00:00+00:00,62759.5,59625.0,69028.5,SL,13,-1.0,0.016017738076248206,-1.0160177380762483,PASS,2024-04-18T08:00:00+00:00,2024-04-18T12:00:00+00:00,True,2024-04-18T14:00:00+00:00,NONE
A3_LONG_ONLY,TRAIN,LONG,A3-E1-S1-T2.0-45,2024-04-20T17:00:00+00:00,2024-04-20T16:00:00+00:00,2024-04-23T16:00:00+00:00,64708.9,62910.0,68306.70000000001,TIME,72,1.1198510200678142,0.028777097114903533,1.0910739229529107,PASS,2024-04-20T12:00:00+00:00,2024-04-20T16:00:00+00:00,True,2024-04-20T17:00:00+00:00,NONE
A3_LONG_ONLY,TRAIN,LONG,A3-E1-S1-T2.0-46,2024-04-28T06:00:00+00:00,2024-04-28T05:00:00+00:00,2024-04-29T02:00:00+00:00,63921.0,62650.0,66463.0,SL,21,-1.0,0.04023351691581432,-1.0402335169158143,PASS,2024-04-27T20:00:00+00:00,2024-04-28T00:00:00+00:00,True,2024-04-28T06:00:00+00:00,NONE
A3_LONG_ONLY,TRAIN,LONG,A3-E1-S1-T2.0-47,2024-05-04T14:00:00+00:00,2024-05-04T13:00:00+00:00,2024-05-07T13:00:00+00:00,63704.9,61313.5,68487.70000000001,TIME,72,-0.21468595801622528,0.021311332273981756,-0.23599729029020705,PASS,2024-05-04T04:00:00+00:00,2024-05-04T08:00:00+00:00,True,2024-05-04T14:00:00+00:00,NONE
A3_LONG_ONLY,TRAIN,LONG,A3-E1-S1-T2.0-48,2024-05-11T17:00:00+00:00,2024-05-11T16:00:00+00:00,2024-05-13T08:00:00+00:00,61160.0,60416.6,62646.8,TP,40,2.0,0.06581651869787451,1.9341834813021255,PASS,2024-05-11T12:00:00+00:00,2024-05-11T16:00:00+00:00,True,2024-05-11T17:00:00+00:00,NONE
A3_LONG_ONLY,TRAIN,LONG,A3-E1-S1-T2.0-50,2024-06-09T17:00:00+00:00,2024-06-09T16:00:00+00:00,2024-06-11T01:00:00+00:00,69642.2,69160.0,70606.59999999999,SL,33,-1.0,0.11554077146412348,-1.1155407714641234,PASS,2024-06-09T08:00:00+00:00,2024-06-09T12:00:00+00:00,True,2024-06-09T17:00:00+00:00,NONE
A3_LONG_ONLY,TRAIN,LONG,A3-E1-S1-T2.0-51,2024-06-16T13:00:00+00:00,2024-06-16T12:00:00+00:00,2024-06-17T09:00:00+00:00,66577.0,65801.0,68129.0,SL,21,-1.0,0.06863608247422681,-1.0686360824742267,PASS,2024-06-16T04:00:00+00:00,2024-06-16T08:00:00+00:00,True,2024-06-16T13:00:00+00:00,NONE
A3_LONG_ONLY,TRAIN,LONG,A3-E1-S1-T2.0-54,2024-07-11T12:00:00+00:00,2024-07-11T11:00:00+00:00,2024-07-12T01:00:00+00:00,58754.1,57030.0,62202.299999999996,SL,14,-1.0,0.027262502175047876,-1.0272625021750479,PASS,2024-07-11T04:00:00+00:00,2024-07-11T08:00:00+00:00,True,2024-07-11T12:00:00+00:00,NONE
A3_LONG_ONLY,TRAIN,LONG,A3-E1-S1-T2.0-55,2024-07-12T17:00:00+00:00,2024-07-12T16:00:00+00:00,2024-07-14T21:00:00+00:00,58089.8,56500.1,61269.20000000001,TP,53,2.0,0.02923308800402584,1.970766911995974,PASS,2024-07-12T12:00:00+00:00,2024-07-12T16:00:00+00:00,True,2024-07-12T17:00:00+00:00,NONE
A3_LONG_ONLY,TRAIN,LONG,A3-E1-S1-T2.0-56,2024-07-20T19:00:00+00:00,2024-07-20T18:00:00+00:00,2024-07-21T18:00:00+00:00,67429.1,66159.1,69969.1,SL,24,-1.0,0.04247502362204725,-1.0424750236220472,PASS,2024-07-20T12:00:00+00:00,2024-07-20T16:00:00+00:00,True,2024-07-20T19:00:00+00:00,NONE
A3_LONG_ONLY,TRAIN,LONG,A3-E1-S1-T2.0-57,2024-07-26T16:00:00+00:00,2024-07-26T15:00:00+00:00,2024-07-29T15:00:00+00:00,67528.0,64357.5,73869.0,TIME,72,0.17006781264784643,0.017039079009619935,0.1530287336382265,PASS,2024-07-26T08:00:00+00:00,2024-07-26T12:00:00+00:00,True,2024-07-26T16:00:00+00:00,NONE
A3_LONG_ONLY,TRAIN,LONG,A3-E1-S1-T2.0-60,2024-09-07T14:00:00+00:00,2024-09-07T13:00:00+00:00,2024-09-10T13:00:00+00:00,54521.9,52510.8,58544.1,TIME,72,1.0860225747103576,0.0216883894386157,1.0643341852717418,PASS,2024-09-07T08:00:00+00:00,2024-09-07T12:00:00+00:00,True,2024-09-07T14:00:00+00:00,NONE
A3_LONG_ONLY,TRAIN,LONG,A3-E1-S1-T2.0-63,2024-10-06T15:00:00+00:00,2024-10-06T14:00:00+00:00,2024-10-09T14:00:00+00:00,62679.7,61671.9,64695.29999999999,SL,72,-1.0,0.0497556658067079,-1.049755665806708,PASS,2024-10-06T08:00:00+00:00,2024-10-06T12:00:00+00:00,True,2024-10-06T15:00:00+00:00,NONE
A3_LONG_ONLY,TRAIN,LONG,A3-E1-S1-T2.0-64,2024-10-11T14:00:00+00:00,2024-10-11T13:00:00+00:00,2024-10-14T13:00:00+00:00,61649.9,58900.0,67149.70000000001,TIME,72,1.2619004327430077,0.017935168551583686,1.243965264191424,PASS,2024-10-11T08:00:00+00:00,2024-10-11T12:00:00+00:00,True,2024-10-11T14:00:00+00:00,NONE
A3_LONG_ONLY,TRAIN,LONG,A3-E1-S1-T2.0-66,2024-10-27T19:00:00+00:00,2024-10-27T18:00:00+00:00,2024-10-28T10:00:00+00:00,67536.6,66909.4,68791.00000000003,TP,16,2.0,0.08614362244897801,1.913856377551022,PASS,2024-10-27T08:00:00+00:00,2024-10-27T12:00:00+00:00,True,2024-10-27T19:00:00+00:00,NONE
A3_LONG_ONLY,TRAIN,LONG,A3-E1-S1-T2.0-67,2024-11-29T13:00:00+00:00,2024-11-29T12:00:00+00:00,2024-12-02T12:00:00+00:00,96988.9,94768.0,101430.69999999998,TIME,72,-0.8802737628889212,0.034936791390877665,-0.9152105542797989,PASS,2024-11-29T08:00:00+00:00,2024-11-29T12:00:00+00:00,True,2024-11-29T13:00:00+00:00,NONE
A3_LONG_ONLY,TRAIN,LONG,A3-E1-S1-T2.0-69,2024-12-14T03:00:00+00:00,2024-12-14T02:00:00+00:00,2024-12-16T16:00:00+00:00,101994.5,99446.4,107090.70000000001,TP,62,2.0,0.03202213413916244,1.9679778658608376,PASS,2024-12-13T20:00:00+00:00,2024-12-14T00:00:00+00:00,True,2024-12-14T03:00:00+00:00,NONE
A3_LONG_ONLY,TRAIN,LONG,A3-E1-S1-T2.0-72,2025-01-12T18:00:00+00:00,2025-01-12T17:00:00+00:00,2025-01-13T06:00:00+00:00,95088.0,93661.1,97941.79999999999,SL,13,-1.0,0.05331165463592425,-1.0533116546359242,PASS,2025-01-12T12:00:00+00:00,2025-01-12T16:00:00+00:00,True,2025-01-12T18:00:00+00:00,NONE
A3_LONG_ONLY,TRAIN,LONG,A3-E1-S1-T2.0-74,2025-02-07T14:00:00+00:00,2025-02-07T13:00:00+00:00,2025-02-07T20:00:00+00:00,98787.9,95613.5,105136.69999999998,SL,7,-1.0,0.024896144153225854,-1.0248961441532258,PASS,2025-02-07T08:00:00+00:00,2025-02-07T12:00:00+00:00,True,2025-02-07T14:00:00+00:00,NONE
A3_LONG_ONLY,TRAIN,LONG,A3-E1-S1-T2.0-75,2025-02-09T04:00:00+00:00,2025-02-09T03:00:00+00:00,2025-02-09T21:00:00+00:00,97278.4,95600.0,100635.19999999998,SL,18,-1.0,0.04636720686367986,-1.0463672068636798,PASS,2025-02-08T20:00:00+00:00,2025-02-09T00:00:00+00:00,True,2025-02-09T04:00:00+00:00,NONE
A3_LONG_ONLY,VALIDATION,LONG,A3-E1-S1-T2.0-79,2025-03-14T12:00:00+00:00,2025-03-14T11:00:00+00:00,2025-03-17T11:00:00+00:00,83202.8,79903.4,89801.60000000002,TIME,72,0.08249984845729416,0.020174043765533074,0.06232580469176109,PASS,2025-03-14T04:00:00+00:00,2025-03-14T08:00:00+00:00,True,2025-03-14T12:00:00+00:00,NONE
A3_LONG_ONLY,VALIDATION,LONG,A3-E1-S1-T2.0-81,2025-04-11T13:00:00+00:00,2025-04-11T12:00:00+00:00,2025-04-14T12:00:00+00:00,82075.9,78416.0,89395.69999999998,TIME,72,0.8262520833902579,0.017940577611410175,0.8083115057788477,PASS,2025-04-11T04:00:00+00:00,2025-04-11T08:00:00+00:00,True,2025-04-11T13:00:00+00:00,NONE
A3_LONG_ONLY,VALIDATION,LONG,A3-E1-S1-T2.0-83,2025-04-19T06:00:00+00:00,2025-04-19T05:00:00+00:00,2025-04-20T10:00:00+00:00,85046.5,84260.0,86619.5,SL,29,-1.0,0.0865062937062937,-1.0865062937062937,PASS,2025-04-19T00:00:00+00:00,2025-04-19T04:00:00+00:00,True,2025-04-19T06:00:00+00:00,NONE
A3_LONG_ONLY,VALIDATION,LONG,A3-E1-S1-T2.0-84,2025-04-25T15:00:00+00:00,2025-04-25T14:00:00+00:00,2025-04-28T14:00:00+00:00,95338.4,92625.0,100765.19999999998,TIME,72,-0.3576693447335454,0.028108911328960037,-0.38577825606250543,PASS,2025-04-25T08:00:00+00:00,2025-04-25T12:00:00+00:00,True,2025-04-25T15:00:00+00:00,NONE
A3_LONG_ONLY,VALIDATION,LONG,A3-E1-S1-T2.0-87,2025-05-18T08:00:00+00:00,2025-05-18T07:00:00+00:00,2025-05-18T23:00:00+00:00,103893.0,102591.0,106497.0,TP,16,2.0,0.06383594470046083,1.9361640552995392,PASS,2025-05-18T00:00:00+00:00,2025-05-18T04:00:00+00:00,True,2025-05-18T08:00:00+00:00,NONE
A3_LONG_ONLY,VALIDATION,LONG,A3-E1-S1-T2.0-89,2025-06-01T20:00:00+00:00,2025-06-01T19:00:00+00:00,2025-06-02T13:00:00+00:00,105075.2,103704.1,107817.39999999998,SL,18,-1.0,0.061308555174677655,-1.0613085551746777,PASS,2025-06-01T12:00:00+00:00,2025-06-01T16:00:00+00:00,True,2025-06-01T20:00:00+00:00,NONE
A3_LONG_ONLY,VALIDATION,LONG,A3-E1-S1-T2.0-90,2025-06-07T14:00:00+00:00,2025-06-07T13:00:00+00:00,2025-06-09T21:00:00+00:00,105550.5,103800.1,109051.29999999999,TP,56,2.0,0.04824063071298006,1.9517593692870199,PASS,2025-06-07T08:00:00+00:00,2025-06-07T12:00:00+00:00,True,2025-06-07T14:00:00+00:00,NONE
A3_LONG_ONLY,VALIDATION,LONG,A3-E1-S1-T2.0-91,2025-06-15T05:00:00+00:00,2025-06-15T04:00:00+00:00,2025-06-16T18:00:00+00:00,105510.0,104225.4,108079.20000000001,TP,38,2.0,0.06570761326482923,1.9342923867351707,PASS,2025-06-14T20:00:00+00:00,2025-06-15T00:00:00+00:00,True,2025-06-15T05:00:00+00:00,NONE
A3_LONG_ONLY,VALIDATION,LONG,A3-E1-S1-T2.0-93,2025-06-25T12:00:00+00:00,2025-06-25T11:00:00+00:00,2025-06-28T11:00:00+00:00,107136.3,104890.0,111628.90000000001,TIME,72,0.0819124782976449,0.03815565151582598,0.04375682678181893,PASS,2025-06-25T04:00:00+00:00,2025-06-25T08:00:00+00:00,True,2025-06-25T12:00:00+00:00,NONE
A3_LONG_ONLY,VALIDATION,LONG,A3-E1-S1-T2.0-94,2025-06-29T10:00:00+00:00,2025-06-29T09:00:00+00:00,2025-06-30T14:00:00+00:00,107852.1,107039.8,109476.70000000001,SL,29,-1.0,0.10621898313430961,-1.1062189831343097,PASS,2025-06-29T04:00:00+00:00,2025-06-29T08:00:00+00:00,True,2025-06-29T10:00:00+00:00,NONE
A3_LONG_ONLY,VALIDATION,LONG,A3-E1-S1-T2.0-95,2025-07-06T19:00:00+00:00,2025-07-06T18:00:00+00:00,2025-07-07T18:00:00+00:00,108424.0,107743.4,109785.20000000001,SL,24,-1.0,0.1274451954158085,-1.1274451954158085,PASS,2025-07-06T08:00:00+00:00,2025-07-06T12:00:00+00:00,True,2025-07-06T19:00:00+00:00,NONE
A3_LONG_ONLY,VALIDATION,LONG,A3-E1-S1-T2.0-96,2025-07-13T14:00:00+00:00,2025-07-13T13:00:00+00:00,2025-07-14T03:00:00+00:00,118550.0,116960.0,121730.0,TP,14,2.0,0.059647798742138367,1.9403522012578616,PASS,2025-07-13T08:00:00+00:00,2025-07-13T12:00:00+00:00,True,2025-07-13T14:00:00+00:00,NONE
A3_LONG_ONLY,VALIDATION,LONG,A3-E1-S1-T2.0-97,2025-07-20T15:00:00+00:00,2025-07-20T14:00:00+00:00,2025-07-20T22:00:00+00:00,118433.0,117245.9,120807.20000000001,SL,8,-1.0,0.07981332659422083,-1.079813326594221,PASS,2025-07-20T08:00:00+00:00,2025-07-20T12:00:00+00:00,True,2025-07-20T15:00:00+00:00,NONE
A3_LONG_ONLY,VALIDATION,LONG,A3-E1-S1-T2.0-98,2025-07-26T13:00:00+00:00,2025-07-26T12:00:00+00:00,2025-07-29T12:00:00+00:00,117885.0,114846.1,123962.79999999999,TIME,72,0.3218598835104833,0.031033597683372334,0.29082628582711095,PASS,2025-07-26T04:00:00+00:00,2025-07-26T08:00:00+00:00,True,2025-07-26T13:00:00+00:00,NONE
A3_LONG_ONLY,VALIDATION,LONG,A3-E1-S1-T2.0-99,2025-08-03T13:00:00+00:00,2025-08-03T12:00:00+00:00,2025-08-06T12:00:00+00:00,113957.0,111850.0,118171.0,TIME,72,-0.04000949216896199,0.04326796392975795,-0.08327745609871995,PASS,2025-08-03T04:00:00+00:00,2025-08-03T08:00:00+00:00,True,2025-08-03T13:00:00+00:00,NONE
A3_LONG_ONLY,VALIDATION,LONG,A3-E1-S1-T2.0-100,2025-08-17T08:00:00+00:00,2025-08-17T07:00:00+00:00,2025-08-18T00:00:00+00:00,117949.9,117089.7,119670.29999999999,SL,17,-1.0,0.10969532666821707,-1.109695326668217,PASS,2025-08-17T00:00:00+00:00,2025-08-17T04:00:00+00:00,True,2025-08-17T08:00:00+00:00,NONE
A3_LONG_ONLY,VALIDATION,LONG,A3-E1-S1-T2.0-106,2025-10-26T14:00:00+00:00,2025-10-26T13:00:00+00:00,2025-10-29T13:00:00+00:00,113669.4,111094.4,118819.4,TIME,72,-0.3280388349514552,0.03531476504854369,-0.3633535999999989,PASS,2025-10-26T08:00:00+00:00,2025-10-26T12:00:00+00:00,True,2025-10-26T14:00:00+00:00,NONE
A3_LONG_ONLY,VALIDATION,LONG,A3-E1-S1-T2.0-107,2025-11-02T07:00:00+00:00,2025-11-02T06:00:00+00:00,2025-11-02T22:00:00+00:00,110610.0,109654.5,112521.0,SL,16,-1.0,0.09260910518053375,-1.0926091051805338,PASS,2025-11-02T00:00:00+00:00,2025-11-02T04:00:00+00:00,True,2025-11-02T07:00:00+00:00,NONE
A3_LONG_ONLY,VALIDATION,LONG,A3-E1-S1-T2.0-109,2025-11-23T10:00:00+00:00,2025-11-23T09:00:00+00:00,2025-11-26T09:00:00+00:00,86348.2,83456.0,92132.59999999999,TIME,72,0.15617868750432112,0.02388443399488281,0.1322942535094383,PASS,2025-11-23T00:00:00+00:00,2025-11-23T04:00:00+00:00,True,2025-11-23T10:00:00+00:00,NONE
A3_LONG_ONLY,VALIDATION,LONG,A3-E1-S1-T2.0-110,2025-11-30T17:00:00+00:00,2025-11-30T16:00:00+00:00,2025-12-01T00:00:00+00:00,91789.4,90092.7,95182.79999999999,SL,8,-1.0,0.04327902398774098,-1.043279023987741,PASS,2025-11-30T08:00:00+00:00,2025-11-30T12:00:00+00:00,True,2025-11-30T17:00:00+00:00,NONE
A3_LONG_ONLY,OOS,LONG,A3-E1-S1-T2.0-112,2025-12-21T10:00:00+00:00,2025-12-21T09:00:00+00:00,2025-12-21T13:00:00+00:00,88868.0,87698.5,91207.0,SL,4,-1.0,0.060790423257802484,-1.0607904232578025,PASS,2025-12-21T04:00:00+00:00,2025-12-21T08:00:00+00:00,True,2025-12-21T10:00:00+00:00,NONE
A3_LONG_ONLY,OOS,LONG,A3-E1-S1-T2.0-113,2025-12-25T18:00:00+00:00,2025-12-25T17:00:00+00:00,2025-12-25T23:00:00+00:00,88096.2,87219.0,89850.59999999999,SL,6,-1.0,0.08034309165526703,-1.080343091655267,PASS,2025-12-25T12:00:00+00:00,2025-12-25T16:00:00+00:00,True,2025-12-25T18:00:00+00:00,NONE
A3_LONG_ONLY,OOS,LONG,A3-E1-S1-T2.0-114,2026-01-01T19:00:00+00:00,2026-01-01T18:00:00+00:00,2026-01-02T10:00:00+00:00,88165.3,87508.4,89479.10000000002,TP,16,2.0,0.1073713502816244,1.8926286497183755,PASS,2026-01-01T12:00:00+00:00,2026-01-01T16:00:00+00:00,True,2026-01-01T19:00:00+00:00,NONE
A3_LONG_ONLY,OOS,LONG,A3-E1-S1-T2.0-115,2026-01-11T15:00:00+00:00,2026-01-11T14:00:00+00:00,2026-01-11T20:00:00+00:00,91074.8,90358.5,92507.40000000001,SL,6,-1.0,0.10171693424542749,-1.1017169342454274,PASS,2026-01-11T08:00:00+00:00,2026-01-11T12:00:00+00:00,True,2026-01-11T15:00:00+00:00,NONE
A3_LONG_ONLY,OOS,LONG,A3-E1-S1-T2.0-119,2026-02-08T11:00:00+00:00,2026-02-08T10:00:00+00:00,2026-02-11T04:00:00+00:00,70231.1,67870.2,74952.90000000002,SL,66,-1.0,0.023798077004532084,-1.023798077004532,PASS,2026-02-08T04:00:00+00:00,2026-02-08T08:00:00+00:00,True,2026-02-08T11:00:00+00:00,NONE
A3_LONG_ONLY,OOS,LONG,A3-E1-S1-T2.0-121,2026-02-21T18:00:00+00:00,2026-02-21T17:00:00+00:00,2026-02-22T14:00:00+00:00,68408.8,67437.6,70351.2,SL,21,-1.0,0.05634991762767727,-1.0563499176276774,PASS,2026-02-21T08:00:00+00:00,2026-02-21T12:00:00+00:00,True,2026-02-21T18:00:00+00:00,NONE
A3_LONG_ONLY,OOS,LONG,A3-E1-S1-T2.0-123,2026-03-13T13:00:00+00:00,2026-03-13T12:00:00+00:00,2026-03-16T12:00:00+00:00,72735.3,69303.8,79598.3,TIME,72,0.3190150080139872,0.016957085822526596,0.3020579221914606,PASS,2026-03-13T04:00:00+00:00,2026-03-13T08:00:00+00:00,True,2026-03-13T13:00:00+00:00,NONE
A3_LONG_ONLY,OOS,LONG,A3-E1-S1-T2.0-125,2026-04-04T12:00:00+00:00,2026-04-04T11:00:00+00:00,2026-04-05T06:00:00+00:00,67128.9,66600.0,68186.69999999998,SL,19,-1.0,0.10153737946681904,-1.101537379466819,PASS,2026-04-04T04:00:00+00:00,2026-04-04T08:00:00+00:00,True,2026-04-04T12:00:00+00:00,NONE
A3_LONG_ONLY,OOS,LONG,A3-E1-S1-T2.0-126,2026-04-11T21:00:00+00:00,2026-04-11T20:00:00+00:00,2026-04-12T01:00:00+00:00,73252.9,72451.9,74854.9,SL,5,-1.0,0.07316144818976279,-1.073161448189763,PASS,2026-04-11T12:00:00+00:00,2026-04-11T16:00:00+00:00,True,2026-04-11T21:00:00+00:00,NONE
A3_LONG_ONLY,OOS,LONG,A3-E1-S1-T2.0-129,2026-04-26T07:00:00+00:00,2026-04-26T06:00:00+00:00,2026-04-27T15:00:00+00:00,77963.2,77100.0,79689.59999999999,SL,33,-1.0,0.0722550509731235,-1.0722550509731235,PASS,2026-04-26T00:00:00+00:00,2026-04-26T04:00:00+00:00,True,2026-04-26T07:00:00+00:00,NONE
A3_LONG_ONLY,OOS,LONG,A3-E1-S1-T2.0-130,2026-05-02T23:00:00+00:00,2026-05-02T22:00:00+00:00,2026-05-04T03:00:00+00:00,78793.2,77979.3,80420.99999999999,TP,29,2.0,0.07744754883892425,1.9225524511610756,PASS,2026-05-02T16:00:00+00:00,2026-05-02T20:00:00+00:00,True,2026-05-02T23:00:00+00:00,NONE
A3_LONG_ONLY,OOS,LONG,A3-E1-S1-T2.0-134,2026-06-07T07:00:00+00:00,2026-06-07T06:00:00+00:00,2026-06-10T06:00:00+00:00,62080.1,60146.0,65948.29999999999,TIME,72,-0.3327645933509121,0.02567813453285768,-0.35844272788376974,PASS,2026-06-07T00:00:00+00:00,2026-06-07T04:00:00+00:00,True,2026-06-07T07:00:00+00:00,NONE
A3_LONG_ONLY,OOS,LONG,A3-E1-S1-T2.0-135,2026-06-11T12:00:00+00:00,2026-06-11T11:00:00+00:00,2026-06-14T11:00:00+00:00,63078.0,61068.6,67096.8,TIME,72,0.713496566139144,0.02511316810988353,0.6883833980292605,PASS,2026-06-11T04:00:00+00:00,2026-06-11T08:00:00+00:00,True,2026-06-11T12:00:00+00:00,NONE
A3_LONG_ONLY,OOS,LONG,A3-E1-S1-T2.0-137,2026-06-20T01:00:00+00:00,2026-06-20T00:00:00+00:00,2026-06-23T00:00:00+00:00,63496.8,62237.2,66016.00000000001,TIME,72,0.4942838996506793,0.04032823118450283,0.45395566846617647,PASS,2026-06-19T20:00:00+00:00,2026-06-20T00:00:00+00:00,True,2026-06-20T01:00:00+00:00,NONE
A3_LONG_ONLY,OOS,LONG,A3-E1-S1-T2.0-138,2026-06-27T17:00:00+00:00,2026-06-27T16:00:00+00:00,2026-06-28T16:00:00+00:00,60785.0,59556.0,63243.0,SL,24,-1.0,0.03956712774613507,-1.0395671277461351,PASS,2026-06-27T12:00:00+00:00,2026-06-27T16:00:00+00:00,True,2026-06-27T17:00:00+00:00,NONE
A3_LONG_ONLY,OOS,LONG,A3-E1-S1-T2.0-139,2026-07-04T02:00:00+00:00,2026-07-04T01:00:00+00:00,2026-07-07T01:00:00+00:00,62450.0,61229.0,64892.0,TIME,72,1.117936117936118,0.04091728091728092,1.0770188370188372,PASS,2026-07-03T16:00:00+00:00,2026-07-03T20:00:00+00:00,True,2026-07-04T02:00:00+00:00,NONE
A3_LONG_ONLY,OOS,LONG,A3-E1-S1-T2.0-140,2026-07-11T21:00:00+00:00,2026-07-11T20:00:00+00:00,2026-07-12T06:00:00+00:00,64353.2,63619.9,65819.79999999999,SL,10,-1.0,0.07020668212191505,-1.0702066821219152,PASS,2026-07-11T08:00:00+00:00,2026-07-11T12:00:00+00:00,True,2026-07-11T21:00:00+00:00,NONE
A3_LONG_ONLY,OOS,LONG,A3-E1-S1-T2.0-141,2026-07-18T18:00:00+00:00,2026-07-18T17:00:00+00:00,2026-07-20T06:00:00+00:00,64450.0,63859.6,65630.8,SL,37,-1.0,0.08733062330623285,-1.0873306233062328,PASS,2026-07-18T12:00:00+00:00,2026-07-18T16:00:00+00:00,True,2026-07-18T18:00:00+00:00,NONE
A3_LONG_ONLY,OOS,LONG,A3-E1-S1-T2.0-142,2026-07-25T23:00:00+00:00,2026-07-25T22:00:00+00:00,2026-07-27T06:00:00+00:00,64377.6,63760.5,65611.79999999999,TP,32,1.9999999999999882,0.08345824015556655,1.9165417598444217,PASS,2026-07-25T12:00:00+00:00,2026-07-25T16:00:00+00:00,True,2026-07-25T23:00:00+00:00,NONE
A3_LONG_ONLY,OOS,LONG,A3-E1-S1-T2.0-144,2026-08-07T13:00:00+00:00,2026-08-07T12:00:00+00:00,2026-08-10T12:00:00+00:00,65259.1,64128.3,67520.69999999998,TIME,72,-0.3721259285461596,0.04616844711708543,-0.41829437566324507,PASS,2026-08-07T08:00:00+00:00,2026-08-07T12:00:00+00:00,True,2026-08-07T13:00:00+00:00,NONE
A3_LONG_ONLY,OOS,LONG,A3-E1-S1-T2.0-145,2026-08-27T12:00:00+00:00,2026-08-27T11:00:00+00:00,2026-08-28T16:00:00+00:00,79440.1,77600.0,83120.30000000002,SL,29,-1.0,0.034537296886038696,-1.0345372968860387,PASS,2026-08-27T04:00:00+00:00,2026-08-27T08:00:00+00:00,True,2026-08-27T12:00:00+00:00,NONE
A3_LONG_ONLY,OOS,LONG,A3-E1-S1-T2.0-146,2026-08-29T17:00:00+00:00,2026-08-29T16:00:00+00:00,2026-08-30T23:00:00+00:00,77989.1,77210.8,79545.70000000001,SL,31,-1.0,0.08016353591160193,-1.080163535911602,PASS,2026-08-29T08:00:00+00:00,2026-08-29T12:00:00+00:00,True,2026-08-29T17:00:00+00:00,NONE
A3_LONG_ONLY,OOS,LONG,A3-E1-S1-T2.0-147,2026-09-05T22:00:00+00:00,2026-09-05T21:00:00+00:00,2026-09-06T14:00:00+00:00,79872.4,79405.2,80806.79999999999,SL,17,-1.0,0.13676780821917894,-1.136767808219179,PASS,2026-09-05T12:00:00+00:00,2026-09-05T16:00:00+00:00,True,2026-09-05T22:00:00+00:00,NONE
A3_LONG_ONLY,OOS,LONG,A3-E1-S1-T2.0-148,2026-09-18T09:00:00+00:00,2026-09-18T08:00:00+00:00,2026-09-21T08:00:00+00:00,78229.0,75975.0,82737.0,TP,72,2.0,0.027765394853593615,1.9722346051464064,PASS,2026-09-18T04:00:00+00:00,2026-09-18T08:00:00+00:00,True,2026-09-18T09:00:00+00:00,NONE
A3_LONG_ONLY,OOS,LONG,A3-E1-S1-T2.0-149,2026-09-27T09:00:00+00:00,2026-09-27T08:00:00+00:00,2026-09-28T01:00:00+00:00,84753.4,83778.4,86703.4,SL,17,-1.0,0.06954125128205127,-1.0695412512820512,PASS,2026-09-27T04:00:00+00:00,2026-09-27T08:00:00+00:00,True,2026-09-27T09:00:00+00:00,NONE
