variant,partition,direction,trades,wins,losses,win_rate,gross_R,fees_R,net_R,average_R,median_R,profit_factor,maximum_drawdown_R,longest_losing_streak,average_hold_bars,average_hold_hours,sample_size_label
A3,TRAIN,COMBINED,77,33,44,0.42857142857142855,7.172718365975665,3.988549795366369,3.1841685706092955,0.0413528385793415,-1.018603739466927,1.0713780166528253,11.16341564547939,10,38.79220779220779,38.79220779220779,PRELIMINARY
A3,TRAIN,LONG,48,20,28,0.4166666666666667,4.964964657787119,2.442532865764013,2.5224317920231067,0.052550662333814724,-0.9656141461780237,1.09079331738305,8.802750395631637,8,39.854166666666664,39.854166666666664,EXPLORATORY_ONLY
A3,TRAIN,SHORT,29,13,16,0.4482758620689655,2.207753708188545,1.5460169296023563,0.6617367785861886,0.022818509606420297,-1.0256172939844115,1.0393240152426968,12.313930094203704,4,37.03448275862069,37.03448275862069,EXPLORATORY_ONLY
A3,VALIDATION,COMBINED,34,19,15,0.5588235294117647,14.736903838034323,1.7638390841954794,12.973064753838843,0.3815607280540836,0.09731002910059969,2.0052175022127363,2.275271800826304,3,41.205882352941174,41.205882352941174,EXPLORATORY_ONLY
A3,VALIDATION,LONG,20,9,11,0.45,0.7429853093060388,1.1821877421604967,-0.43920243285445826,-0.021960121642722912,-0.22331552804935942,0.9539585590286545,4.6422192764851395,4,42.45,42.45,EXPLORATORY_ONLY
A3,VALIDATION,SHORT,14,10,4,0.7142857142857143,13.993918528728283,0.5816513420349827,13.4122671866933,0.9580190847638071,1.9405782352875374,4.984105287071115,2.078761347198996,2,39.42857142857143,39.42857142857143,INSUFFICIENT_SAMPLE
A3,OOS,COMBINED,38,18,20,0.47368421052631576,4.252729944343939,2.146779069495366,2.1059508748485727,0.055419759864436126,-0.3883685517735074,1.1055340288472129,5.930898257651271,4,39.6578947368421,39.6578947368421,EXPLORATORY_ONLY
A3,OOS,LONG,25,8,17,0.32,-5.060158930157155,1.5792715297074114,-6.639430459864567,-0.26557721839458265,-1.0395671277461351,0.6063143954878556,7.542123813728923,4,36.24,36.24,EXPLORATORY_ONLY
A3,OOS,SHORT,13,10,3,0.7692307692307693,9.312888874501095,0.5675075397879547,8.745381334713139,0.6727216411317799,0.6049150069114725,3.829873031606647,1.0531090246695118,1,46.23076923076923,46.23076923076923,INSUFFICIENT_SAMPLE
