t,health_last_ms,screener_last_ms,chart_15m_last_ms,chart_1h_last_ms,coin_last_ms,event_loop_lag_ms,backfill_queue,backfill_running,backlog_state,rest_rpm,cpu_percent,rss_mb
0.0,,,,,,23.31,0,0,STABLE_BACKLOG,32,89.3,373.17
12.7,1026.3768000004347,7627.938699995866,53.83530000108294,143.41399999830173,,1360.52,0,,,86,95.2,458.71
23.6,1021.2969000058365,6446.075500003644,284.27649999503046,248.08800000027986,3459.458099998301,1032.42,73,,,148,94.9,523.41
35.4,964.2459000024246,6446.075500003644,519.0681000021868,76.69440000609029,365.225499997905,98.77,315,0,GROWING,191,92.0,533.15
48.4,393.45440000033705,3517.439100003685,528.8332999989507,19.468500002403744,365.225499997905,544.03,249,,,269,94.7,576.84
59.7,123.5956000018632,3783.3270999981323,82.66290000028675,49.28539999673376,989.7410999983549,9.49,207,,,320,96.9,575.98
70.6,107.90480000287062,4608.291099997587,688.8499999986379,44.37740000139456,141.20429999456974,30.04,207,1,GROWING,354,96.3,572.79
83.4,278.42790000431705,7512.2763000035775,165.59090000373544,47.802900000533555,184.20989999867743,17.77,207,,,342,94.9,574.79
94.4,141.7003000024124,6167.878300002485,80.3068999957759,70.91389999550302,184.20989999867743,34.41,207,,,352,94.1,576.44
105.2,55.474700006016064,6405.213699996239,620.0447000010172,46.65759999625152,341.9212000007974,0.0,207,0,GROWING,336,94.7,573.57
118.0,55.32060000405181,6773.214699998789,1072.1552000031807,193.16740000067512,301.827700001013,90.22,209,,,286,93.0,573.02
128.9,114.99969999567838,5549.646300001768,41.049900006328244,59.91760000324575,90.92970000347123,0.0,209,,,244,95.0,573.7
139.8,345.39400000358,4260.783500001708,208.3423000003677,31.81390000099782,90.92970000347123,317.87,209,0,GROWING,225,91.9,573.55
152.7,62.35040000319714,7682.53939999704,25.033900004928,13.19579999835696,2143.4273999984725,23.04,209,,,211,92.8,574.28
163.7,68.90019999991637,6234.371200000169,31.58149999944726,32.21779999876162,345.925100002205,570.01,209,,,216,92.5,574.77
174.4,458.0586999945808,6080.091399999219,245.48529999447055,989.2299999992247,164.50890000123763,389.62,209,0,BLOCKED,229,93.3,577.26
187.3,416.2868999992497,7618.32410000352,516.8130000020028,60.03440000495175,164.50890000123763,337.74,209,,,226,93.4,575.41
198.3,135.967599999276,5968.686500003969,587.5424999976531,44.78750000271248,212.7794999978505,510.68,209,,,233,93.2,578.22
209.4,97.53429999545915,6011.156200002006,373.27860000368673,1013.4637000010116,238.64250000042375,763.74,209,0,BLOCKED,241,94.4,577.81
222.4,106.59570000279928,6434.635600002366,152.9584000018076,80.9508000020287,217.60039999935543,167.61,209,,,236,94.2,577.7
233.5,56.79589999635937,6217.209199996432,481.89880000427365,47.79989999951795,217.60039999935543,0.0,209,,,226,94.4,579.33
245.0,116.14720000216039,7787.08529999858,65.78509999962989,34.7297999978764,987.7610999974422,33.21,209,0,BLOCKED,223,93.6,578.38
257.6,140.4941999935545,7690.057300002081,47.47710000083316,37.01340000407072,224.56100000272272,314.94,211,,,210,93.9,579.36
268.8,82.38839999830816,6932.216000001063,61.294099999940954,52.19750000105705,179.35749999742256,0.0,211,,,211,95.4,578.77
279.7,36.25510000711074,7026.596800002153,604.1289999993751,37.86070000205655,179.35749999742256,67.81,211,0,GROWING,213,91.9,579.35
292.7,59.10090000543278,7973.7708999964525,536.3674999971408,33.45680000347784,2163.397399999667,0.0,211,,,218,94.8,579.0
303.4,19.674999995913822,6270.850500004599,664.4648000001325,45.09590000088792,177.15290000342065,0.0,213,,,220,92.3,578.57
314.3,54.548399995837826,5491.757499999949,172.70190000272123,35.01999999571126,178.26269999932265,0.0,213,0,GROWING,212,86.6,579.82
327.8,46.359199994185474,7793.845700005477,260.78899999993155,48.778299998957664,178.26269999932265,2.4,213,,,219,92.3,580.61
338.8,139.55040000291774,6287.262899997586,284.0202999941539,23.52709999831859,3801.997800001118,0.0,213,,,237,96.3,583.45
349.7,56.91539999679662,6180.055099997844,148.11140000529122,34.703600002103485,411.0335000004852,53.46,213,0,GROWING,242,97.1,580.01
362.1,12.289300000702497,7133.422099999734,9.975299995858222,28.63410000281874,411.0335000004852,0.0,213,,,227,87.4,580.95
372.4,15.844499997911043,6161.771199993382,10.849999998754356,8.681400002387818,60.74580000131391,2.43,213,,,234,75.4,580.45
382.8,48.613799997838214,7126.544999999169,279.58220000436995,28.874600000563078,71.48289999895496,0.5,213,0,BLOCKED,235,79.9,580.48
393.9,26.854000003368128,3661.8108000038774,10.244500001135748,30.133100000966806,54.45289999624947,9.34,213,,,221,78.6,580.14
404.2,13.985300000058487,4431.223899999168,329.4605999981286,18.61070000450127,54.45289999624947,0.0,213,,,212,79.6,577.73
414.6,13.225399998191278,4364.437000003818,65.45190000178991,29.718900004809257,55.60390000027837,0.0,213,0,BLOCKED,212,74.2,581.52
425.7,27.2359000009601,3843.1368000019575,9.411099999852013,31.752299997606315,61.71100000210572,0.47,213,,,213,85.8,579.17
436.1,12.054500002705026,4563.904499998898,50.52910000085831,10.652199998730794,61.71100000210572,0.0,213,,,213,81.4,578.85
446.5,28.3629000041401,6135.664199995517,327.40970000304515,22.29539999825647,62.53840000135824,1.29,213,0,BLOCKED,217,82.7,581.39
457.5,22.797500001615845,4906.880200003798,29.694600001676008,25.37359999405453,74.85060000180965,28.51,213,,,215,86.9,579.88
467.9,20.23219999682624,5310.781000000134,27.779100004408974,49.644399994576816,74.85060000180965,0.0,213,,,218,98.6,582.2
478.3,20.42960000107996,5310.781000000134,581.8617999975686,56.42469999293098,451.197599999432,98.41,213,0,BLOCKED,227,78.1,575.96
490.1,59.68140000186395,5310.781000000134,50.621599999431055,51.46039999817731,70.02859999920474,34.58,213,,,225,87.4,577.39
500.8,15.548800001852214,5310.781000000134,11.926699997275136,28.95400000124937,86.44989999447716,0.0,213,,,226,85.3,576.44
511.3,53.20909999863943,5310.781000000134,57.73279999993974,25.073600001633167,86.44989999447716,263.19,213,0,BLOCKED,224,77.6,581.05
523.0,12.479700002586469,268.824400001904,15.628299996023998,17.41030000266619,137.85300000017742,24.68,213,,,213,84.3,578.44
533.3,30.34450000268407,387.44900000165217,26.341999997384846,29.294699997990392,80.73890000378015,0.45,213,,,209,76.4,577.74
543.7,13.686300000699703,257.69350000337,31.6439000016544,28.167199998279102,80.73890000378015,0.0,213,0,BLOCKED,208,77.7,576.18
554.8,28.31069999956526,256.8013999989489,25.20640000147978,30.273500000475906,990.8222999947611,0.0,213,,,215,80.6,579.43
565.1,30.37620000395691,388.4927999970387,11.255899997195229,30.555900004401337,93.85659999679774,0.0,213,,,214,81.3,576.48
575.8,149.84459999686806,594.2751000038697,876.5547000002698,30.370799999218434,159.0202000006684,348.43,213,0,BLOCKED,218,83.8,582.89
588.5,30.879199999617413,471.1624999981723,28.10999999928754,30.837999998766463,159.0202000006684,0.46,213,,,219,89.1,576.33
599.0,469.60240000043996,647.015199996531,14.451699993514922,27.74669999780599,129.01679999777116,0.0,213,,,219,83.2,577.54
