symbol,timeframe,cap_group,first_cap_time,last_cap_time,first_ohlcv_time,last_ohlcv_time,eligible_start,eligible_end,exclusion_reason
0GUSDT,5m,UNAVAILABLE,,,,,,,CAP_GROUP_UNAVAILABLE
0GUSDT,15m,UNAVAILABLE,,,,,,,CAP_GROUP_UNAVAILABLE
0GUSDT,1h,UNAVAILABLE,,,,,,,CAP_GROUP_UNAVAILABLE
1000000BOBUSDT,5m,UNAVAILABLE,,,,,,,CAP_GROUP_UNAVAILABLE
1000000BOBUSDT,15m,UNAVAILABLE,,,,,,,CAP_GROUP_UNAVAILABLE
1000000BOBUSDT,1h,UNAVAILABLE,,,,,,,CAP_GROUP_UNAVAILABLE
1000000MOGUSDT,5m,UNAVAILABLE,,,,,,,CAP_GROUP_UNAVAILABLE
1000000MOGUSDT,15m,UNAVAILABLE,,,,,,,CAP_GROUP_UNAVAILABLE
1000000MOGUSDT,1h,UNAVAILABLE,,,,,,,CAP_GROUP_UNAVAILABLE
1000BONKUSDT,5m,UNAVAILABLE,,,,,,,CAP_GROUP_UNAVAILABLE
1000BONKUSDT,15m,UNAVAILABLE,,,,,,,CAP_GROUP_UNAVAILABLE
1000BONKUSDT,1h,UNAVAILABLE,,,,,,,CAP_GROUP_UNAVAILABLE
1000CATUSDT,5m,UNAVAILABLE,,,,,,,CAP_GROUP_UNAVAILABLE
1000CATUSDT,15m,UNAVAILABLE,,,,,,,CAP_GROUP_UNAVAILABLE
1000CATUSDT,1h,UNAVAILABLE,,,,,,,CAP_GROUP_UNAVAILABLE
1000CHEEMSUSDT,5m,UNAVAILABLE,,,,,,,CAP_GROUP_UNAVAILABLE
1000CHEEMSUSDT,15m,UNAVAILABLE,,,,,,,CAP_GROUP_UNAVAILABLE
1000CHEEMSUSDT,1h,UNAVAILABLE,,,,,,,CAP_GROUP_UNAVAILABLE
1000FLOKIUSDT,5m,UNAVAILABLE,,,,,,,CAP_GROUP_UNAVAILABLE
1000FLOKIUSDT,15m,UNAVAILABLE,,,,,,,CAP_GROUP_UNAVAILABLE
1000FLOKIUSDT,1h,UNAVAILABLE,,,,,,,CAP_GROUP_UNAVAILABLE
1000LUNCUSDT,5m,UNAVAILABLE,,,,,,,CAP_GROUP_UNAVAILABLE
1000LUNCUSDT,15m,UNAVAILABLE,,,,,,,CAP_GROUP_UNAVAILABLE
1000LUNCUSDT,1h,UNAVAILABLE,,,,,,,CAP_GROUP_UNAVAILABLE
1000PEPEUSDT,5m,UNAVAILABLE,,,,,,,CAP_GROUP_UNAVAILABLE
1000PEPEUSDT,15m,UNAVAILABLE,,,,,,,CAP_GROUP_UNAVAILABLE
1000PEPEUSDT,1h,UNAVAILABLE,,,,,,,CAP_GROUP_UNAVAILABLE
1000RATSUSDT,5m,UNAVAILABLE,,,,,,,CAP_GROUP_UNAVAILABLE
1000RATSUSDT,15m,UNAVAILABLE,,,,,,,CAP_GROUP_UNAVAILABLE
1000RATSUSDT,1h,UNAVAILABLE,,,,,,,CAP_GROUP_UNAVAILABLE
1000SATSUSDT,5m,UNAVAILABLE,,,,,,,CAP_GROUP_UNAVAILABLE
1000SATSUSDT,15m,UNAVAILABLE,,,,,,,CAP_GROUP_UNAVAILABLE
1000SATSUSDT,1h,UNAVAILABLE,,,,,,,CAP_GROUP_UNAVAILABLE
1000SHIBUSDT,5m,UNAVAILABLE,,,,,,,CAP_GROUP_UNAVAILABLE
1000SHIBUSDT,15m,UNAVAILABLE,,,,,,,CAP_GROUP_UNAVAILABLE
1000SHIBUSDT,1h,UNAVAILABLE,,,,,,,CAP_GROUP_UNAVAILABLE
1000XECUSDT,5m,UNAVAILABLE,,,,,,,CAP_GROUP_UNAVAILABLE
1000XECUSDT,15m,UNAVAILABLE,,,,,,,CAP_GROUP_UNAVAILABLE
1000XECUSDT,1h,UNAVAILABLE,,,,,,,CAP_GROUP_UNAVAILABLE
1INCHUSDT,5m,UNAVAILABLE,,,,,,,CAP_GROUP_UNAVAILABLE
1INCHUSDT,15m,UNAVAILABLE,,,,,,,CAP_GROUP_UNAVAILABLE
1INCHUSDT,1h,UNAVAILABLE,,,,,,,CAP_GROUP_UNAVAILABLE
1MBABYDOGEUSDT,5m,UNAVAILABLE,,,,,,,CAP_GROUP_UNAVAILABLE
1MBABYDOGEUSDT,15m,UNAVAILABLE,,,,,,,CAP_GROUP_UNAVAILABLE
1MBABYDOGEUSDT,1h,UNAVAILABLE,,,,,,,CAP_GROUP_UNAVAILABLE
2ZUSDT,5m,UNAVAILABLE,,,,,,,CAP_GROUP_UNAVAILABLE
2ZUSDT,15m,UNAVAILABLE,,,,,,,CAP_GROUP_UNAVAILABLE
2ZUSDT,1h,UNAVAILABLE,,,,,,,CAP_GROUP_UNAVAILABLE
4USDT,5m,UNAVAILABLE,2025-10-04T00:00:00+00:00,2026-10-03T13:24:30+00:00,2026-09-30T14:45:00+00:00,2026-10-02T10:00:00+00:00,,,CAP_GROUP_UNAVAILABLE
4USDT,15m,UNAVAILABLE,2025-10-04T00:00:00+00:00,2026-10-03T13:24:30+00:00,2026-09-29T04:45:00+00:00,2026-10-03T12:45:00+00:00,,,CAP_GROUP_UNAVAILABLE
4USDT,1h,UNAVAILABLE,2025-10-04T00:00:00+00:00,2026-10-03T13:24:30+00:00,2026-09-22T23:00:00+00:00,2026-10-03T12:00:00+00:00,,,CAP_GROUP_UNAVAILABLE
ACEUSDT,5m,UNAVAILABLE,2025-10-04T00:00:00+00:00,2026-10-03T13:22:10+00:00,2026-09-30T14:30:00+00:00,2026-10-03T12:30:00+00:00,,,CAP_GROUP_UNAVAILABLE
ACEUSDT,15m,UNAVAILABLE,2025-10-04T00:00:00+00:00,2026-10-03T13:22:10+00:00,2026-09-29T02:15:00+00:00,2026-10-03T12:15:00+00:00,,,CAP_GROUP_UNAVAILABLE
ACEUSDT,1h,UNAVAILABLE,2025-10-04T00:00:00+00:00,2026-10-03T13:22:10+00:00,2026-09-22T21:00:00+00:00,2026-10-03T10:00:00+00:00,,,CAP_GROUP_UNAVAILABLE
ACHUSDT,5m,UNAVAILABLE,,,,,,,CAP_GROUP_UNAVAILABLE
ACHUSDT,15m,UNAVAILABLE,,,,,,,CAP_GROUP_UNAVAILABLE
ACHUSDT,1h,UNAVAILABLE,,,,,,,CAP_GROUP_UNAVAILABLE
ACTUSDT,5m,UNAVAILABLE,,,,,,,CAP_GROUP_UNAVAILABLE
ACTUSDT,15m,UNAVAILABLE,,,,,,,CAP_GROUP_UNAVAILABLE
ACTUSDT,1h,UNAVAILABLE,,,,,,,CAP_GROUP_UNAVAILABLE
ACUUSDT,5m,UNAVAILABLE,,,,,,,CAP_GROUP_UNAVAILABLE
ACUUSDT,15m,UNAVAILABLE,,,,,,,CAP_GROUP_UNAVAILABLE
ACUUSDT,1h,UNAVAILABLE,,,,,,,CAP_GROUP_UNAVAILABLE
ADAUSDT,5m,UNAVAILABLE,,,,,,,CAP_GROUP_UNAVAILABLE
ADAUSDT,15m,UNAVAILABLE,,,,,,,CAP_GROUP_UNAVAILABLE
ADAUSDT,1h,UNAVAILABLE,,,,,,,CAP_GROUP_UNAVAILABLE
AEROUSDT,5m,UNAVAILABLE,,,,,,,CAP_GROUP_UNAVAILABLE
AEROUSDT,15m,UNAVAILABLE,,,,,,,CAP_GROUP_UNAVAILABLE
AEROUSDT,1h,UNAVAILABLE,,,,,,,CAP_GROUP_UNAVAILABLE
AEVOUSDT,5m,UNAVAILABLE,,,,,,,CAP_GROUP_UNAVAILABLE
AEVOUSDT,15m,UNAVAILABLE,,,,,,,CAP_GROUP_UNAVAILABLE
AEVOUSDT,1h,UNAVAILABLE,,,,,,,CAP_GROUP_UNAVAILABLE
AGLDUSDT,5m,UNAVAILABLE,,,,,,,CAP_GROUP_UNAVAILABLE
AGLDUSDT,15m,UNAVAILABLE,,,,,,,CAP_GROUP_UNAVAILABLE
AGLDUSDT,1h,UNAVAILABLE,,,,,,,CAP_GROUP_UNAVAILABLE
AGTUSDT,5m,UNAVAILABLE,,,,,,,CAP_GROUP_UNAVAILABLE
AGTUSDT,15m,UNAVAILABLE,,,,,,,CAP_GROUP_UNAVAILABLE
AGTUSDT,1h,UNAVAILABLE,,,,,,,CAP_GROUP_UNAVAILABLE
AIAUSDT,5m,UNAVAILABLE,,,,,,,CAP_GROUP_UNAVAILABLE
AIAUSDT,15m,UNAVAILABLE,,,,,,,CAP_GROUP_UNAVAILABLE
AIAUSDT,1h,UNAVAILABLE,,,,,,,CAP_GROUP_UNAVAILABLE
AIGENSYNUSDT,5m,UNAVAILABLE,,,,,,,CAP_GROUP_UNAVAILABLE
AIGENSYNUSDT,15m,UNAVAILABLE,,,,,,,CAP_GROUP_UNAVAILABLE
AIGENSYNUSDT,1h,UNAVAILABLE,,,,,,,CAP_GROUP_UNAVAILABLE
AINUSDT,5m,UNAVAILABLE,,,,,,,CAP_GROUP_UNAVAILABLE
AINUSDT,15m,UNAVAILABLE,,,,,,,CAP_GROUP_UNAVAILABLE
AINUSDT,1h,UNAVAILABLE,,,,,,,CAP_GROUP_UNAVAILABLE
AIOTUSDT,5m,UNAVAILABLE,,,,,,,CAP_GROUP_UNAVAILABLE
AIOTUSDT,15m,UNAVAILABLE,,,,,,,CAP_GROUP_UNAVAILABLE
AIOTUSDT,1h,UNAVAILABLE,,,,,,,CAP_GROUP_UNAVAILABLE
AIOUSDT,5m,UNAVAILABLE,,,,,,,CAP_GROUP_UNAVAILABLE
AIOUSDT,15m,UNAVAILABLE,,,,,,,CAP_GROUP_UNAVAILABLE
AIOUSDT,1h,UNAVAILABLE,,,,,,,CAP_GROUP_UNAVAILABLE
AIXBTUSDT,5m,UNAVAILABLE,,,,,,,CAP_GROUP_UNAVAILABLE
AIXBTUSDT,15m,UNAVAILABLE,,,,,,,CAP_GROUP_UNAVAILABLE
AIXBTUSDT,1h,UNAVAILABLE,,,,,,,CAP_GROUP_UNAVAILABLE
AKEUSDT,5m,UNAVAILABLE,,,,,,,CAP_GROUP_UNAVAILABLE
AKEUSDT,15m,UNAVAILABLE,,,,,,,CAP_GROUP_UNAVAILABLE
AKEUSDT,1h,UNAVAILABLE,,,,,,,CAP_GROUP_UNAVAILABLE
AKTUSDT,5m,UNAVAILABLE,,,,,,,CAP_GROUP_UNAVAILABLE
AKTUSDT,15m,UNAVAILABLE,,,,,,,CAP_GROUP_UNAVAILABLE
AKTUSDT,1h,UNAVAILABLE,,,,,,,CAP_GROUP_UNAVAILABLE
ALCHUSDT,5m,UNAVAILABLE,,,,,,,CAP_GROUP_UNAVAILABLE
ALCHUSDT,15m,UNAVAILABLE,,,,,,,CAP_GROUP_UNAVAILABLE
ALCHUSDT,1h,UNAVAILABLE,,,,,,,CAP_GROUP_UNAVAILABLE
ALGOUSDT,5m,UNAVAILABLE,,,,,,,CAP_GROUP_UNAVAILABLE
ALGOUSDT,15m,UNAVAILABLE,,,,,,,CAP_GROUP_UNAVAILABLE
ALGOUSDT,1h,UNAVAILABLE,,,,,,,CAP_GROUP_UNAVAILABLE
ALICEUSDT,5m,UNAVAILABLE,,,,,,,CAP_GROUP_UNAVAILABLE
ALICEUSDT,15m,UNAVAILABLE,,,,,,,CAP_GROUP_UNAVAILABLE
ALICEUSDT,1h,UNAVAILABLE,,,,,,,CAP_GROUP_UNAVAILABLE
ALLOUSDT,5m,UNAVAILABLE,,,,,,,CAP_GROUP_UNAVAILABLE
ALLOUSDT,15m,UNAVAILABLE,,,,,,,CAP_GROUP_UNAVAILABLE
ALLOUSDT,1h,UNAVAILABLE,,,,,,,CAP_GROUP_UNAVAILABLE
ALLUSDT,5m,UNAVAILABLE,,,,,,,CAP_GROUP_UNAVAILABLE
ALLUSDT,15m,UNAVAILABLE,,,,,,,CAP_GROUP_UNAVAILABLE
ALLUSDT,1h,UNAVAILABLE,,,,,,,CAP_GROUP_UNAVAILABLE
ALPINEUSDT,5m,UNAVAILABLE,,,,,,,CAP_GROUP_UNAVAILABLE
ALPINEUSDT,15m,UNAVAILABLE,,,,,,,CAP_GROUP_UNAVAILABLE
ALPINEUSDT,1h,UNAVAILABLE,,,,,,,CAP_GROUP_UNAVAILABLE
ANIMEUSDT,5m,UNAVAILABLE,,,,,,,CAP_GROUP_UNAVAILABLE
ANIMEUSDT,15m,UNAVAILABLE,,,,,,,CAP_GROUP_UNAVAILABLE
ANIMEUSDT,1h,UNAVAILABLE,,,,,,,CAP_GROUP_UNAVAILABLE
ANKRUSDT,5m,UNAVAILABLE,,,,,,,CAP_GROUP_UNAVAILABLE
ANKRUSDT,15m,UNAVAILABLE,,,,,,,CAP_GROUP_UNAVAILABLE
ANKRUSDT,1h,UNAVAILABLE,,,,,,,CAP_GROUP_UNAVAILABLE
APEUSDT,5m,UNAVAILABLE,,,,,,,CAP_GROUP_UNAVAILABLE
APEUSDT,15m,UNAVAILABLE,,,,,,,CAP_GROUP_UNAVAILABLE
APEUSDT,1h,UNAVAILABLE,,,,,,,CAP_GROUP_UNAVAILABLE
API3USDT,5m,UNAVAILABLE,,,,,,,CAP_GROUP_UNAVAILABLE
API3USDT,15m,UNAVAILABLE,,,,,,,CAP_GROUP_UNAVAILABLE
API3USDT,1h,UNAVAILABLE,,,,,,,CAP_GROUP_UNAVAILABLE
APRUSDT,5m,UNAVAILABLE,,,,,,,CAP_GROUP_UNAVAILABLE
APRUSDT,15m,UNAVAILABLE,,,,,,,CAP_GROUP_UNAVAILABLE
APRUSDT,1h,UNAVAILABLE,,,,,,,CAP_GROUP_UNAVAILABLE
APTUSDT,5m,UNAVAILABLE,,,,,,,CAP_GROUP_UNAVAILABLE
APTUSDT,15m,UNAVAILABLE,,,,,,,CAP_GROUP_UNAVAILABLE
APTUSDT,1h,UNAVAILABLE,,,,,,,CAP_GROUP_UNAVAILABLE
ARBUSDT,5m,UNAVAILABLE,,,,,,,CAP_GROUP_UNAVAILABLE
ARBUSDT,15m,UNAVAILABLE,,,,,,,CAP_GROUP_UNAVAILABLE
ARBUSDT,1h,UNAVAILABLE,,,,,,,CAP_GROUP_UNAVAILABLE
ARCUSDT,5m,UNAVAILABLE,,,,,,,CAP_GROUP_UNAVAILABLE
ARCUSDT,15m,UNAVAILABLE,,,,,,,CAP_GROUP_UNAVAILABLE
ARCUSDT,1h,UNAVAILABLE,,,,,,,CAP_GROUP_UNAVAILABLE
ARIAUSDT,5m,UNAVAILABLE,,,,,,,CAP_GROUP_UNAVAILABLE
ARIAUSDT,15m,UNAVAILABLE,,,,,,,CAP_GROUP_UNAVAILABLE
ARIAUSDT,1h,UNAVAILABLE,,,,,,,CAP_GROUP_UNAVAILABLE
ARKUSDT,5m,UNAVAILABLE,,,,,,,CAP_GROUP_UNAVAILABLE
ARKUSDT,15m,UNAVAILABLE,,,,,,,CAP_GROUP_UNAVAILABLE
ARKUSDT,1h,UNAVAILABLE,,,,,,,CAP_GROUP_UNAVAILABLE
ARPAUSDT,5m,UNAVAILABLE,,,,,,,CAP_GROUP_UNAVAILABLE
ARPAUSDT,15m,UNAVAILABLE,,,,,,,CAP_GROUP_UNAVAILABLE
ARPAUSDT,1h,UNAVAILABLE,,,,,,,CAP_GROUP_UNAVAILABLE
ARUSDT,5m,UNAVAILABLE,,,,,,,CAP_GROUP_UNAVAILABLE
ARUSDT,15m,UNAVAILABLE,,,,,,,CAP_GROUP_UNAVAILABLE
ARUSDT,1h,UNAVAILABLE,,,,,,,CAP_GROUP_UNAVAILABLE
ARXUSDT,5m,UNAVAILABLE,,,,,,,CAP_GROUP_UNAVAILABLE
ARXUSDT,15m,UNAVAILABLE,,,,,,,CAP_GROUP_UNAVAILABLE
ARXUSDT,1h,UNAVAILABLE,,,,,,,CAP_GROUP_UNAVAILABLE
ASRUSDT,5m,UNAVAILABLE,,,,,,,CAP_GROUP_UNAVAILABLE
ASRUSDT,15m,UNAVAILABLE,,,,,,,CAP_GROUP_UNAVAILABLE
ASRUSDT,1h,UNAVAILABLE,,,,,,,CAP_GROUP_UNAVAILABLE
ASTERUSDT,5m,UNAVAILABLE,,,,,,,CAP_GROUP_UNAVAILABLE
ASTERUSDT,15m,UNAVAILABLE,,,,,,,CAP_GROUP_UNAVAILABLE
ASTERUSDT,1h,UNAVAILABLE,,,,,,,CAP_GROUP_UNAVAILABLE
ASTRUSDT,5m,UNAVAILABLE,,,,,,,CAP_GROUP_UNAVAILABLE
ASTRUSDT,15m,UNAVAILABLE,,,,,,,CAP_GROUP_UNAVAILABLE
ASTRUSDT,1h,UNAVAILABLE,,,,,,,CAP_GROUP_UNAVAILABLE
ATHUSDT,5m,UNAVAILABLE,,,,,,,CAP_GROUP_UNAVAILABLE
ATHUSDT,15m,UNAVAILABLE,,,,,,,CAP_GROUP_UNAVAILABLE
ATHUSDT,1h,UNAVAILABLE,,,,,,,CAP_GROUP_UNAVAILABLE
ATOMUSDT,5m,UNAVAILABLE,,,,,,,CAP_GROUP_UNAVAILABLE
ATOMUSDT,15m,UNAVAILABLE,,,,,,,CAP_GROUP_UNAVAILABLE
ATOMUSDT,1h,UNAVAILABLE,,,,,,,CAP_GROUP_UNAVAILABLE
ATUSDT,5m,UNAVAILABLE,,,,,,,CAP_GROUP_UNAVAILABLE
ATUSDT,15m,UNAVAILABLE,,,,,,,CAP_GROUP_UNAVAILABLE
ATUSDT,1h,UNAVAILABLE,,,,,,,CAP_GROUP_UNAVAILABLE
AUCTIONUSDT,5m,UNAVAILABLE,,,,,,,CAP_GROUP_UNAVAILABLE
AUCTIONUSDT,15m,UNAVAILABLE,,,,,,,CAP_GROUP_UNAVAILABLE
AUCTIONUSDT,1h,UNAVAILABLE,,,,,,,CAP_GROUP_UNAVAILABLE
AUSDT,5m,UNAVAILABLE,,,,,,,CAP_GROUP_UNAVAILABLE
AUSDT,15m,UNAVAILABLE,,,,,,,CAP_GROUP_UNAVAILABLE
AUSDT,1h,UNAVAILABLE,,,,,,,CAP_GROUP_UNAVAILABLE
AVAAIUSDT,5m,UNAVAILABLE,,,,,,,CAP_GROUP_UNAVAILABLE
AVAAIUSDT,15m,UNAVAILABLE,,,,,,,CAP_GROUP_UNAVAILABLE
AVAAIUSDT,1h,UNAVAILABLE,,,,,,,CAP_GROUP_UNAVAILABLE
AVAUSDT,5m,UNAVAILABLE,,,,,,,CAP_GROUP_UNAVAILABLE
AVAUSDT,15m,UNAVAILABLE,,,,,,,CAP_GROUP_UNAVAILABLE
AVAUSDT,1h,UNAVAILABLE,,,,,,,CAP_GROUP_UNAVAILABLE
AVAXUSDT,5m,UNAVAILABLE,,,,,,,CAP_GROUP_UNAVAILABLE
AVAXUSDT,15m,UNAVAILABLE,,,,,,,CAP_GROUP_UNAVAILABLE
AVAXUSDT,1h,UNAVAILABLE,,,,,,,CAP_GROUP_UNAVAILABLE
AVNTUSDT,5m,UNAVAILABLE,,,,,,,CAP_GROUP_UNAVAILABLE
AVNTUSDT,15m,UNAVAILABLE,,,,,,,CAP_GROUP_UNAVAILABLE
AVNTUSDT,1h,UNAVAILABLE,,,,,,,CAP_GROUP_UNAVAILABLE
AWEUSDT,5m,UNAVAILABLE,,,,,,,CAP_GROUP_UNAVAILABLE
AWEUSDT,15m,UNAVAILABLE,,,,,,,CAP_GROUP_UNAVAILABLE
AWEUSDT,1h,UNAVAILABLE,,,,,,,CAP_GROUP_UNAVAILABLE
AXLUSDT,5m,UNAVAILABLE,,,,,,,CAP_GROUP_UNAVAILABLE
AXLUSDT,15m,UNAVAILABLE,,,,,,,CAP_GROUP_UNAVAILABLE
AXLUSDT,1h,UNAVAILABLE,,,,,,,CAP_GROUP_UNAVAILABLE
AXSUSDT,5m,UNAVAILABLE,,,,,,,CAP_GROUP_UNAVAILABLE
AXSUSDT,15m,UNAVAILABLE,,,,,,,CAP_GROUP_UNAVAILABLE
AXSUSDT,1h,UNAVAILABLE,,,,,,,CAP_GROUP_UNAVAILABLE
AZTECUSDT,5m,UNAVAILABLE,,,,,,,CAP_GROUP_UNAVAILABLE
AZTECUSDT,15m,UNAVAILABLE,,,,,,,CAP_GROUP_UNAVAILABLE
AZTECUSDT,1h,UNAVAILABLE,,,,,,,CAP_GROUP_UNAVAILABLE
B2USDT,5m,UNAVAILABLE,,,,,,,CAP_GROUP_UNAVAILABLE
B2USDT,15m,UNAVAILABLE,,,,,,,CAP_GROUP_UNAVAILABLE
B2USDT,1h,UNAVAILABLE,,,,,,,CAP_GROUP_UNAVAILABLE
BABYUSDT,5m,UNAVAILABLE,,,,,,,CAP_GROUP_UNAVAILABLE
BABYUSDT,15m,UNAVAILABLE,,,,,,,CAP_GROUP_UNAVAILABLE
BABYUSDT,1h,UNAVAILABLE,,,,,,,CAP_GROUP_UNAVAILABLE
BANANAS31USDT,5m,UNAVAILABLE,,,,,,,CAP_GROUP_UNAVAILABLE
BANANAS31USDT,15m,UNAVAILABLE,,,,,,,CAP_GROUP_UNAVAILABLE
BANANAS31USDT,1h,UNAVAILABLE,,,,,,,CAP_GROUP_UNAVAILABLE
BANANAUSDT,5m,UNAVAILABLE,,,,,,,CAP_GROUP_UNAVAILABLE
BANANAUSDT,15m,UNAVAILABLE,,,,,,,CAP_GROUP_UNAVAILABLE
BANANAUSDT,1h,UNAVAILABLE,,,,,,,CAP_GROUP_UNAVAILABLE
BANDUSDT,5m,UNAVAILABLE,,,,,,,CAP_GROUP_UNAVAILABLE
BANDUSDT,15m,UNAVAILABLE,,,,,,,CAP_GROUP_UNAVAILABLE
BANDUSDT,1h,UNAVAILABLE,,,,,,,CAP_GROUP_UNAVAILABLE
BANKUSDT,5m,UNAVAILABLE,,,,,,,CAP_GROUP_UNAVAILABLE
BANKUSDT,15m,UNAVAILABLE,,,,,,,CAP_GROUP_UNAVAILABLE
BANKUSDT,1h,UNAVAILABLE,,,,,,,CAP_GROUP_UNAVAILABLE
BANUSDT,5m,UNAVAILABLE,,,,,,,CAP_GROUP_UNAVAILABLE
BANUSDT,15m,UNAVAILABLE,,,,,,,CAP_GROUP_UNAVAILABLE
BANUSDT,1h,UNAVAILABLE,,,,,,,CAP_GROUP_UNAVAILABLE
BARDUSDT,5m,UNAVAILABLE,,,,,,,CAP_GROUP_UNAVAILABLE
BARDUSDT,15m,UNAVAILABLE,,,,,,,CAP_GROUP_UNAVAILABLE
BARDUSDT,1h,UNAVAILABLE,,,,,,,CAP_GROUP_UNAVAILABLE
BASEDUSDT,5m,UNAVAILABLE,,,,,,,CAP_GROUP_UNAVAILABLE
BASEDUSDT,15m,UNAVAILABLE,,,,,,,CAP_GROUP_UNAVAILABLE
BASEDUSDT,1h,UNAVAILABLE,,,,,,,CAP_GROUP_UNAVAILABLE
BASUSDT,5m,UNAVAILABLE,,,,,,,CAP_GROUP_UNAVAILABLE
BASUSDT,15m,UNAVAILABLE,,,,,,,CAP_GROUP_UNAVAILABLE
BASUSDT,1h,UNAVAILABLE,,,,,,,CAP_GROUP_UNAVAILABLE
BATUSDT,5m,UNAVAILABLE,,,,,,,CAP_GROUP_UNAVAILABLE
BATUSDT,15m,UNAVAILABLE,,,,,,,CAP_GROUP_UNAVAILABLE
BATUSDT,1h,UNAVAILABLE,,,,,,,CAP_GROUP_UNAVAILABLE
BBUSDT,5m,UNAVAILABLE,,,,,,,CAP_GROUP_UNAVAILABLE
BBUSDT,15m,UNAVAILABLE,,,,,,,CAP_GROUP_UNAVAILABLE
BBUSDT,1h,UNAVAILABLE,,,,,,,CAP_GROUP_UNAVAILABLE
BCHUSDT,5m,UNAVAILABLE,,,,,,,CAP_GROUP_UNAVAILABLE
BCHUSDT,15m,UNAVAILABLE,,,,,,,CAP_GROUP_UNAVAILABLE
BCHUSDT,1h,UNAVAILABLE,,,,,,,CAP_GROUP_UNAVAILABLE
BEAMXUSDT,5m,UNAVAILABLE,,,,,,,CAP_GROUP_UNAVAILABLE
BEAMXUSDT,15m,UNAVAILABLE,,,,,,,CAP_GROUP_UNAVAILABLE
BEAMXUSDT,1h,UNAVAILABLE,,,,,,,CAP_GROUP_UNAVAILABLE
BEATUSDT,5m,UNAVAILABLE,,,,,,,CAP_GROUP_UNAVAILABLE
BEATUSDT,15m,UNAVAILABLE,,,,,,,CAP_GROUP_UNAVAILABLE
BEATUSDT,1h,UNAVAILABLE,,,,,,,CAP_GROUP_UNAVAILABLE
BELUSDT,5m,UNAVAILABLE,,,,,,,CAP_GROUP_UNAVAILABLE
BELUSDT,15m,UNAVAILABLE,,,,,,,CAP_GROUP_UNAVAILABLE
BELUSDT,1h,UNAVAILABLE,,,,,,,CAP_GROUP_UNAVAILABLE
BERAUSDT,5m,UNAVAILABLE,,,,,,,CAP_GROUP_UNAVAILABLE
BERAUSDT,15m,UNAVAILABLE,,,,,,,CAP_GROUP_UNAVAILABLE
BERAUSDT,1h,UNAVAILABLE,,,,,,,CAP_GROUP_UNAVAILABLE
BICOUSDT,5m,UNAVAILABLE,2025-10-04T00:00:00+00:00,2026-10-03T13:24:50+00:00,2026-09-30T14:50:00+00:00,2026-10-03T12:55:00+00:00,,,CAP_GROUP_UNAVAILABLE
BICOUSDT,15m,UNAVAILABLE,2025-10-04T00:00:00+00:00,2026-10-03T13:24:50+00:00,2026-09-29T04:45:00+00:00,2026-10-03T12:45:00+00:00,,,CAP_GROUP_UNAVAILABLE
BICOUSDT,1h,UNAVAILABLE,2025-10-04T00:00:00+00:00,2026-10-03T13:24:50+00:00,2026-09-22T23:00:00+00:00,2026-10-03T12:00:00+00:00,,,CAP_GROUP_UNAVAILABLE
BIGTIMEUSDT,5m,UNAVAILABLE,2025-10-04T00:00:00+00:00,2026-10-03T13:32:00+00:00,2026-09-30T14:55:00+00:00,2026-10-03T12:30:00+00:00,,,CAP_GROUP_UNAVAILABLE
BIGTIMEUSDT,15m,UNAVAILABLE,2025-10-04T00:00:00+00:00,2026-10-03T13:32:00+00:00,2026-09-29T04:45:00+00:00,2026-10-03T12:15:00+00:00,,,CAP_GROUP_UNAVAILABLE
BIGTIMEUSDT,1h,UNAVAILABLE,2025-10-04T00:00:00+00:00,2026-10-03T13:32:00+00:00,2026-09-22T23:00:00+00:00,2026-10-03T11:00:00+00:00,,,CAP_GROUP_UNAVAILABLE
BILLUSDT,5m,UNAVAILABLE,,,,,,,CAP_GROUP_UNAVAILABLE
BILLUSDT,15m,UNAVAILABLE,,,,,,,CAP_GROUP_UNAVAILABLE
BILLUSDT,1h,UNAVAILABLE,,,,,,,CAP_GROUP_UNAVAILABLE
BIOUSDT,5m,UNAVAILABLE,,,,,,,CAP_GROUP_UNAVAILABLE
BIOUSDT,15m,UNAVAILABLE,,,,,,,CAP_GROUP_UNAVAILABLE
BIOUSDT,1h,UNAVAILABLE,,,,,,,CAP_GROUP_UNAVAILABLE
BIRBUSDT,5m,UNAVAILABLE,,,,,,,CAP_GROUP_UNAVAILABLE
BIRBUSDT,15m,UNAVAILABLE,,,,,,,CAP_GROUP_UNAVAILABLE
BIRBUSDT,1h,UNAVAILABLE,,,,,,,CAP_GROUP_UNAVAILABLE
BLESSUSDT,5m,UNAVAILABLE,,,,,,,CAP_GROUP_UNAVAILABLE
BLESSUSDT,15m,UNAVAILABLE,,,,,,,CAP_GROUP_UNAVAILABLE
BLESSUSDT,1h,UNAVAILABLE,,,,,,,CAP_GROUP_UNAVAILABLE
BLUAIUSDT,5m,UNAVAILABLE,,,,,,,CAP_GROUP_UNAVAILABLE
BLUAIUSDT,15m,UNAVAILABLE,,,,,,,CAP_GROUP_UNAVAILABLE
BLUAIUSDT,1h,UNAVAILABLE,,,,,,,CAP_GROUP_UNAVAILABLE
BMTUSDT,5m,UNAVAILABLE,,,,,,,CAP_GROUP_UNAVAILABLE
BMTUSDT,15m,UNAVAILABLE,,,,,,,CAP_GROUP_UNAVAILABLE
BMTUSDT,1h,UNAVAILABLE,,,,,,,CAP_GROUP_UNAVAILABLE
BNTUSDT,5m,UNAVAILABLE,,,,,,,CAP_GROUP_UNAVAILABLE
BNTUSDT,15m,UNAVAILABLE,,,,,,,CAP_GROUP_UNAVAILABLE
BNTUSDT,1h,UNAVAILABLE,,,,,,,CAP_GROUP_UNAVAILABLE
BOMEUSDT,5m,UNAVAILABLE,,,,,,,CAP_GROUP_UNAVAILABLE
BOMEUSDT,15m,UNAVAILABLE,,,,,,,CAP_GROUP_UNAVAILABLE
BOMEUSDT,1h,UNAVAILABLE,,,,,,,CAP_GROUP_UNAVAILABLE
BRETTUSDT,5m,UNAVAILABLE,,,,,,,CAP_GROUP_UNAVAILABLE
BRETTUSDT,15m,UNAVAILABLE,,,,,,,CAP_GROUP_UNAVAILABLE
BRETTUSDT,1h,UNAVAILABLE,,,,,,,CAP_GROUP_UNAVAILABLE
BREVUSDT,5m,UNAVAILABLE,,,,,,,CAP_GROUP_UNAVAILABLE
BREVUSDT,15m,UNAVAILABLE,,,,,,,CAP_GROUP_UNAVAILABLE
BREVUSDT,1h,UNAVAILABLE,,,,,,,CAP_GROUP_UNAVAILABLE
BROCCOLI714USDT,5m,UNAVAILABLE,,,,,,,CAP_GROUP_UNAVAILABLE
BROCCOLI714USDT,15m,UNAVAILABLE,,,,,,,CAP_GROUP_UNAVAILABLE
BROCCOLI714USDT,1h,UNAVAILABLE,,,,,,,CAP_GROUP_UNAVAILABLE
BROCCOLIF3BUSDT,5m,UNAVAILABLE,,,,,,,CAP_GROUP_UNAVAILABLE
BROCCOLIF3BUSDT,15m,UNAVAILABLE,,,,,,,CAP_GROUP_UNAVAILABLE
BROCCOLIF3BUSDT,1h,UNAVAILABLE,,,,,,,CAP_GROUP_UNAVAILABLE
BRUSDT,5m,UNAVAILABLE,,,,,,,CAP_GROUP_UNAVAILABLE
BRUSDT,15m,UNAVAILABLE,,,,,,,CAP_GROUP_UNAVAILABLE
BRUSDT,1h,UNAVAILABLE,,,,,,,CAP_GROUP_UNAVAILABLE
BSBUSDT,5m,UNAVAILABLE,,,,,,,CAP_GROUP_UNAVAILABLE
BSBUSDT,15m,UNAVAILABLE,,,,,,,CAP_GROUP_UNAVAILABLE
BSBUSDT,1h,UNAVAILABLE,,,,,,,CAP_GROUP_UNAVAILABLE
BSVUSDT,5m,UNAVAILABLE,,,,,,,CAP_GROUP_UNAVAILABLE
BSVUSDT,15m,UNAVAILABLE,,,,,,,CAP_GROUP_UNAVAILABLE
BSVUSDT,1h,UNAVAILABLE,,,,,,,CAP_GROUP_UNAVAILABLE
BTCDOMUSDT,5m,UNAVAILABLE,,,,,,,CAP_GROUP_UNAVAILABLE
BTCDOMUSDT,15m,UNAVAILABLE,,,,,,,CAP_GROUP_UNAVAILABLE
BTCDOMUSDT,1h,UNAVAILABLE,,,,,,,CAP_GROUP_UNAVAILABLE
BTCUSDT,5m,UNAVAILABLE,2025-10-04T00:00:00+00:00,2026-10-03T13:14:10+00:00,2026-01-06T12:55:00+00:00,2026-10-03T13:35:00+00:00,,,CAP_GROUP_UNAVAILABLE
BTCUSDT,15m,UNAVAILABLE,2025-10-04T00:00:00+00:00,2026-10-03T13:14:10+00:00,2022-10-04T13:00:00+00:00,2026-10-03T13:15:00+00:00,,,CAP_GROUP_UNAVAILABLE
BTCUSDT,1h,UNAVAILABLE,2025-10-04T00:00:00+00:00,2026-10-03T13:14:10+00:00,2022-10-04T13:00:00+00:00,2026-10-03T12:00:00+00:00,,,CAP_GROUP_UNAVAILABLE
BTRUSDT,5m,UNAVAILABLE,,,,,,,CAP_GROUP_UNAVAILABLE
BTRUSDT,15m,UNAVAILABLE,,,,,,,CAP_GROUP_UNAVAILABLE
BTRUSDT,1h,UNAVAILABLE,,,,,,,CAP_GROUP_UNAVAILABLE
BTWUSDT,5m,UNAVAILABLE,,,,,,,CAP_GROUP_UNAVAILABLE
BTWUSDT,15m,UNAVAILABLE,,,,,,,CAP_GROUP_UNAVAILABLE
BTWUSDT,1h,UNAVAILABLE,,,,,,,CAP_GROUP_UNAVAILABLE
BULLAUSDT,5m,UNAVAILABLE,,,,,,,CAP_GROUP_UNAVAILABLE
BULLAUSDT,15m,UNAVAILABLE,,,,,,,CAP_GROUP_UNAVAILABLE
BULLAUSDT,1h,UNAVAILABLE,,,,,,,CAP_GROUP_UNAVAILABLE
BUSDT,5m,UNAVAILABLE,,,,,,,CAP_GROUP_UNAVAILABLE
BUSDT,15m,UNAVAILABLE,,,,,,,CAP_GROUP_UNAVAILABLE
BUSDT,1h,UNAVAILABLE,,,,,,,CAP_GROUP_UNAVAILABLE
C98USDT,5m,UNAVAILABLE,,,,,,,CAP_GROUP_UNAVAILABLE
C98USDT,15m,UNAVAILABLE,,,,,,,CAP_GROUP_UNAVAILABLE
C98USDT,1h,UNAVAILABLE,,,,,,,CAP_GROUP_UNAVAILABLE
CAKEUSDT,5m,UNAVAILABLE,,,,,,,CAP_GROUP_UNAVAILABLE
CAKEUSDT,15m,UNAVAILABLE,,,,,,,CAP_GROUP_UNAVAILABLE
CAKEUSDT,1h,UNAVAILABLE,,,,,,,CAP_GROUP_UNAVAILABLE
CAPUSDT,5m,UNAVAILABLE,,,,,,,CAP_GROUP_UNAVAILABLE
CAPUSDT,15m,UNAVAILABLE,,,,,,,CAP_GROUP_UNAVAILABLE
CAPUSDT,1h,UNAVAILABLE,,,,,,,CAP_GROUP_UNAVAILABLE
CARVUSDT,5m,UNAVAILABLE,,,,,,,CAP_GROUP_UNAVAILABLE
CARVUSDT,15m,UNAVAILABLE,,,,,,,CAP_GROUP_UNAVAILABLE
CARVUSDT,1h,UNAVAILABLE,,,,,,,CAP_GROUP_UNAVAILABLE
CATIUSDT,5m,UNAVAILABLE,,,,,,,CAP_GROUP_UNAVAILABLE
CATIUSDT,15m,UNAVAILABLE,,,,,,,CAP_GROUP_UNAVAILABLE
CATIUSDT,1h,UNAVAILABLE,,,,,,,CAP_GROUP_UNAVAILABLE
CCUSDT,5m,UNAVAILABLE,,,,,,,CAP_GROUP_UNAVAILABLE
CCUSDT,15m,UNAVAILABLE,,,,,,,CAP_GROUP_UNAVAILABLE
CCUSDT,1h,UNAVAILABLE,,,,,,,CAP_GROUP_UNAVAILABLE
CELOUSDT,5m,UNAVAILABLE,,,,,,,CAP_GROUP_UNAVAILABLE
CELOUSDT,15m,UNAVAILABLE,,,,,,,CAP_GROUP_UNAVAILABLE
CELOUSDT,1h,UNAVAILABLE,,,,,,,CAP_GROUP_UNAVAILABLE
CELRUSDT,5m,UNAVAILABLE,,,,,,,CAP_GROUP_UNAVAILABLE
CELRUSDT,15m,UNAVAILABLE,,,,,,,CAP_GROUP_UNAVAILABLE
CELRUSDT,1h,UNAVAILABLE,,,,,,,CAP_GROUP_UNAVAILABLE
CETUSUSDT,5m,UNAVAILABLE,,,,,,,CAP_GROUP_UNAVAILABLE
CETUSUSDT,15m,UNAVAILABLE,,,,,,,CAP_GROUP_UNAVAILABLE
CETUSUSDT,1h,UNAVAILABLE,,,,,,,CAP_GROUP_UNAVAILABLE
CFGUSDT,5m,UNAVAILABLE,,,,,,,CAP_GROUP_UNAVAILABLE
CFGUSDT,15m,UNAVAILABLE,,,,,,,CAP_GROUP_UNAVAILABLE
CFGUSDT,1h,UNAVAILABLE,,,,,,,CAP_GROUP_UNAVAILABLE
CGPTUSDT,5m,UNAVAILABLE,,,,,,,CAP_GROUP_UNAVAILABLE
CGPTUSDT,15m,UNAVAILABLE,,,,,,,CAP_GROUP_UNAVAILABLE
CGPTUSDT,1h,UNAVAILABLE,,,,,,,CAP_GROUP_UNAVAILABLE
CHILLGUYUSDT,5m,UNAVAILABLE,,,,,,,CAP_GROUP_UNAVAILABLE
CHILLGUYUSDT,15m,UNAVAILABLE,,,,,,,CAP_GROUP_UNAVAILABLE
CHILLGUYUSDT,1h,UNAVAILABLE,,,,,,,CAP_GROUP_UNAVAILABLE
CHRUSDT,5m,UNAVAILABLE,2025-10-04T00:00:00+00:00,2026-10-03T13:24:50+00:00,2026-09-30T14:55:00+00:00,2026-10-03T12:55:00+00:00,,,CAP_GROUP_UNAVAILABLE
CHRUSDT,15m,UNAVAILABLE,2025-10-04T00:00:00+00:00,2026-10-03T13:24:50+00:00,2026-09-29T04:45:00+00:00,2026-10-03T12:45:00+00:00,,,CAP_GROUP_UNAVAILABLE
CHRUSDT,1h,UNAVAILABLE,2025-10-04T00:00:00+00:00,2026-10-03T13:24:50+00:00,2026-09-22T23:00:00+00:00,2026-10-03T12:00:00+00:00,,,CAP_GROUP_UNAVAILABLE
CHZUSDT,5m,UNAVAILABLE,,,,,,,CAP_GROUP_UNAVAILABLE
CHZUSDT,15m,UNAVAILABLE,,,,,,,CAP_GROUP_UNAVAILABLE
CHZUSDT,1h,UNAVAILABLE,,,,,,,CAP_GROUP_UNAVAILABLE
CKBUSDT,5m,UNAVAILABLE,,,,,,,CAP_GROUP_UNAVAILABLE
CKBUSDT,15m,UNAVAILABLE,,,,,,,CAP_GROUP_UNAVAILABLE
CKBUSDT,1h,UNAVAILABLE,,,,,,,CAP_GROUP_UNAVAILABLE
CLANKERUSDT,5m,UNAVAILABLE,,,,,,,CAP_GROUP_UNAVAILABLE
CLANKERUSDT,15m,UNAVAILABLE,,,,,,,CAP_GROUP_UNAVAILABLE
CLANKERUSDT,1h,UNAVAILABLE,,,,,,,CAP_GROUP_UNAVAILABLE
CLOUSDT,5m,UNAVAILABLE,,,,,,,CAP_GROUP_UNAVAILABLE
CLOUSDT,15m,UNAVAILABLE,,,,,,,CAP_GROUP_UNAVAILABLE
CLOUSDT,1h,UNAVAILABLE,,,,,,,CAP_GROUP_UNAVAILABLE
COAIUSDT,5m,UNAVAILABLE,,,,,,,CAP_GROUP_UNAVAILABLE
COAIUSDT,15m,UNAVAILABLE,,,,,,,CAP_GROUP_UNAVAILABLE
COAIUSDT,1h,UNAVAILABLE,,,,,,,CAP_GROUP_UNAVAILABLE
COLLECTUSDT,5m,UNAVAILABLE,,,,,,,CAP_GROUP_UNAVAILABLE
COLLECTUSDT,15m,UNAVAILABLE,,,,,,,CAP_GROUP_UNAVAILABLE
COLLECTUSDT,1h,UNAVAILABLE,,,,,,,CAP_GROUP_UNAVAILABLE
COMPUSDT,5m,UNAVAILABLE,,,,,,,CAP_GROUP_UNAVAILABLE
COMPUSDT,15m,UNAVAILABLE,,,,,,,CAP_GROUP_UNAVAILABLE
COMPUSDT,1h,UNAVAILABLE,,,,,,,CAP_GROUP_UNAVAILABLE
COOKIEUSDT,5m,UNAVAILABLE,,,,,,,CAP_GROUP_UNAVAILABLE
COOKIEUSDT,15m,UNAVAILABLE,,,,,,,CAP_GROUP_UNAVAILABLE
COOKIEUSDT,1h,UNAVAILABLE,,,,,,,CAP_GROUP_UNAVAILABLE
COTIUSDT,5m,UNAVAILABLE,,,,,,,CAP_GROUP_UNAVAILABLE
COTIUSDT,15m,UNAVAILABLE,,,,,,,CAP_GROUP_UNAVAILABLE
COTIUSDT,1h,UNAVAILABLE,,,,,,,CAP_GROUP_UNAVAILABLE
COWUSDT,5m,UNAVAILABLE,,,,,,,CAP_GROUP_UNAVAILABLE
COWUSDT,15m,UNAVAILABLE,,,,,,,CAP_GROUP_UNAVAILABLE
COWUSDT,1h,UNAVAILABLE,,,,,,,CAP_GROUP_UNAVAILABLE
CROSSUSDT,5m,UNAVAILABLE,,,,,,,CAP_GROUP_UNAVAILABLE
CROSSUSDT,15m,UNAVAILABLE,,,,,,,CAP_GROUP_UNAVAILABLE
CROSSUSDT,1h,UNAVAILABLE,,,,,,,CAP_GROUP_UNAVAILABLE
CRVUSDT,5m,UNAVAILABLE,,,,,,,CAP_GROUP_UNAVAILABLE
CRVUSDT,15m,UNAVAILABLE,,,,,,,CAP_GROUP_UNAVAILABLE
CRVUSDT,1h,UNAVAILABLE,,,,,,,CAP_GROUP_UNAVAILABLE
CTKUSDT,5m,UNAVAILABLE,,,,,,,CAP_GROUP_UNAVAILABLE
CTKUSDT,15m,UNAVAILABLE,,,,,,,CAP_GROUP_UNAVAILABLE
CTKUSDT,1h,UNAVAILABLE,,,,,,,CAP_GROUP_UNAVAILABLE
CTRUSDT,5m,UNAVAILABLE,,,,,,,CAP_GROUP_UNAVAILABLE
CTRUSDT,15m,UNAVAILABLE,,,,,,,CAP_GROUP_UNAVAILABLE
CTRUSDT,1h,UNAVAILABLE,,,,,,,CAP_GROUP_UNAVAILABLE
CTSIUSDT,5m,UNAVAILABLE,,,,,,,CAP_GROUP_UNAVAILABLE
CTSIUSDT,15m,UNAVAILABLE,,,,,,,CAP_GROUP_UNAVAILABLE
CTSIUSDT,1h,UNAVAILABLE,,,,,,,CAP_GROUP_UNAVAILABLE
CTUSDT,5m,UNAVAILABLE,,,,,,,CAP_GROUP_UNAVAILABLE
CTUSDT,15m,UNAVAILABLE,,,,,,,CAP_GROUP_UNAVAILABLE
CTUSDT,1h,UNAVAILABLE,,,,,,,CAP_GROUP_UNAVAILABLE
CUSDT,5m,UNAVAILABLE,,,,,,,CAP_GROUP_UNAVAILABLE
CUSDT,15m,UNAVAILABLE,,,,,,,CAP_GROUP_UNAVAILABLE
CUSDT,1h,UNAVAILABLE,,,,,,,CAP_GROUP_UNAVAILABLE
CVCUSDT,5m,UNAVAILABLE,,,,,,,CAP_GROUP_UNAVAILABLE
CVCUSDT,15m,UNAVAILABLE,,,,,,,CAP_GROUP_UNAVAILABLE
CVCUSDT,1h,UNAVAILABLE,,,,,,,CAP_GROUP_UNAVAILABLE
CVXUSDT,5m,UNAVAILABLE,,,,,,,CAP_GROUP_UNAVAILABLE
CVXUSDT,15m,UNAVAILABLE,,,,,,,CAP_GROUP_UNAVAILABLE
CVXUSDT,1h,UNAVAILABLE,,,,,,,CAP_GROUP_UNAVAILABLE
CYBERUSDT,5m,UNAVAILABLE,2025-10-04T00:00:00+00:00,2026-10-03T13:29:00+00:00,2026-09-30T14:40:00+00:00,2026-10-02T03:15:00+00:00,,,CAP_GROUP_UNAVAILABLE
CYBERUSDT,15m,UNAVAILABLE,2025-10-04T00:00:00+00:00,2026-10-03T13:29:00+00:00,2026-09-29T04:45:00+00:00,2026-10-03T12:15:00+00:00,,,CAP_GROUP_UNAVAILABLE
CYBERUSDT,1h,UNAVAILABLE,2025-10-04T00:00:00+00:00,2026-10-03T13:29:00+00:00,2026-09-22T22:00:00+00:00,2026-10-03T11:00:00+00:00,,,CAP_GROUP_UNAVAILABLE
CYSUSDT,5m,UNAVAILABLE,,,,,,,CAP_GROUP_UNAVAILABLE
CYSUSDT,15m,UNAVAILABLE,,,,,,,CAP_GROUP_UNAVAILABLE
CYSUSDT,1h,UNAVAILABLE,,,,,,,CAP_GROUP_UNAVAILABLE
DASHUSDT,5m,UNAVAILABLE,,,,,,,CAP_GROUP_UNAVAILABLE
DASHUSDT,15m,UNAVAILABLE,,,,,,,CAP_GROUP_UNAVAILABLE
DASHUSDT,1h,UNAVAILABLE,,,,,,,CAP_GROUP_UNAVAILABLE
DATAIPUSDT,5m,UNAVAILABLE,,,,,,,CAP_GROUP_UNAVAILABLE
DATAIPUSDT,15m,UNAVAILABLE,,,,,,,CAP_GROUP_UNAVAILABLE
DATAIPUSDT,1h,UNAVAILABLE,,,,,,,CAP_GROUP_UNAVAILABLE
DEEPUSDT,5m,UNAVAILABLE,,,,,,,CAP_GROUP_UNAVAILABLE
DEEPUSDT,15m,UNAVAILABLE,,,,,,,CAP_GROUP_UNAVAILABLE
DEEPUSDT,1h,UNAVAILABLE,,,,,,,CAP_GROUP_UNAVAILABLE
DIAUSDT,5m,UNAVAILABLE,,,,,,,CAP_GROUP_UNAVAILABLE
DIAUSDT,15m,UNAVAILABLE,,,,,,,CAP_GROUP_UNAVAILABLE
DIAUSDT,1h,UNAVAILABLE,,,,,,,CAP_GROUP_UNAVAILABLE
DODOXUSDT,5m,UNAVAILABLE,,,,,,,CAP_GROUP_UNAVAILABLE
DODOXUSDT,15m,UNAVAILABLE,,,,,,,CAP_GROUP_UNAVAILABLE
DODOXUSDT,1h,UNAVAILABLE,,,,,,,CAP_GROUP_UNAVAILABLE
DOGSUSDT,5m,UNAVAILABLE,,,,,,,CAP_GROUP_UNAVAILABLE
DOGSUSDT,15m,UNAVAILABLE,,,,,,,CAP_GROUP_UNAVAILABLE
DOGSUSDT,1h,UNAVAILABLE,,,,,,,CAP_GROUP_UNAVAILABLE
DOLOUSDT,5m,UNAVAILABLE,,,,,,,CAP_GROUP_UNAVAILABLE
DOLOUSDT,15m,UNAVAILABLE,,,,,,,CAP_GROUP_UNAVAILABLE
DOLOUSDT,1h,UNAVAILABLE,,,,,,,CAP_GROUP_UNAVAILABLE
DOODUSDT,5m,UNAVAILABLE,,,,,,,CAP_GROUP_UNAVAILABLE
DOODUSDT,15m,UNAVAILABLE,,,,,,,CAP_GROUP_UNAVAILABLE
DOODUSDT,1h,UNAVAILABLE,,,,,,,CAP_GROUP_UNAVAILABLE
DOSUSDT,5m,UNAVAILABLE,,,,,,,CAP_GROUP_UNAVAILABLE
DOSUSDT,15m,UNAVAILABLE,,,,,,,CAP_GROUP_UNAVAILABLE
DOSUSDT,1h,UNAVAILABLE,,,,,,,CAP_GROUP_UNAVAILABLE
DOTUSDT,5m,UNAVAILABLE,,,,,,,CAP_GROUP_UNAVAILABLE
DOTUSDT,15m,UNAVAILABLE,,,,,,,CAP_GROUP_UNAVAILABLE
DOTUSDT,1h,UNAVAILABLE,,,,,,,CAP_GROUP_UNAVAILABLE
DRIFTUSDT,5m,UNAVAILABLE,,,,,,,CAP_GROUP_UNAVAILABLE
DRIFTUSDT,15m,UNAVAILABLE,,,,,,,CAP_GROUP_UNAVAILABLE
DRIFTUSDT,1h,UNAVAILABLE,,,,,,,CAP_GROUP_UNAVAILABLE
DUSKUSDT,5m,UNAVAILABLE,,,,,,,CAP_GROUP_UNAVAILABLE
DUSKUSDT,15m,UNAVAILABLE,,,,,,,CAP_GROUP_UNAVAILABLE
DUSKUSDT,1h,UNAVAILABLE,,,,,,,CAP_GROUP_UNAVAILABLE
DYMUSDT,5m,UNAVAILABLE,,,,,,,CAP_GROUP_UNAVAILABLE
DYMUSDT,15m,UNAVAILABLE,,,,,,,CAP_GROUP_UNAVAILABLE
DYMUSDT,1h,UNAVAILABLE,,,,,,,CAP_GROUP_UNAVAILABLE
EDENUSDT,5m,UNAVAILABLE,,,,,,,CAP_GROUP_UNAVAILABLE
EDENUSDT,15m,UNAVAILABLE,,,,,,,CAP_GROUP_UNAVAILABLE
EDENUSDT,1h,UNAVAILABLE,,,,,,,CAP_GROUP_UNAVAILABLE
EDGEUSDT,5m,UNAVAILABLE,,,,,,,CAP_GROUP_UNAVAILABLE
EDGEUSDT,15m,UNAVAILABLE,,,,,,,CAP_GROUP_UNAVAILABLE
EDGEUSDT,1h,UNAVAILABLE,,,,,,,CAP_GROUP_UNAVAILABLE
EDUUSDT,5m,UNAVAILABLE,2025-10-04T00:00:00+00:00,2026-10-03T13:29:10+00:00,2026-09-30T14:55:00+00:00,2026-10-03T12:25:00+00:00,,,CAP_GROUP_UNAVAILABLE
EDUUSDT,15m,UNAVAILABLE,2025-10-04T00:00:00+00:00,2026-10-03T13:29:10+00:00,2026-09-29T04:45:00+00:00,2026-10-03T12:15:00+00:00,,,CAP_GROUP_UNAVAILABLE
EDUUSDT,1h,UNAVAILABLE,2025-10-04T00:00:00+00:00,2026-10-03T13:29:10+00:00,2026-09-22T23:00:00+00:00,2026-10-03T11:00:00+00:00,,,CAP_GROUP_UNAVAILABLE
EGLDUSDT,5m,UNAVAILABLE,,,,,,,CAP_GROUP_UNAVAILABLE
EGLDUSDT,15m,UNAVAILABLE,,,,,,,CAP_GROUP_UNAVAILABLE
EGLDUSDT,1h,UNAVAILABLE,,,,,,,CAP_GROUP_UNAVAILABLE
EIGENUSDT,5m,UNAVAILABLE,,,,,,,CAP_GROUP_UNAVAILABLE
EIGENUSDT,15m,UNAVAILABLE,,,,,,,CAP_GROUP_UNAVAILABLE
EIGENUSDT,1h,UNAVAILABLE,,,,,,,CAP_GROUP_UNAVAILABLE
ELSAUSDT,5m,UNAVAILABLE,,,,,,,CAP_GROUP_UNAVAILABLE
ELSAUSDT,15m,UNAVAILABLE,,,,,,,CAP_GROUP_UNAVAILABLE
ELSAUSDT,1h,UNAVAILABLE,,,,,,,CAP_GROUP_UNAVAILABLE
ENAUSDT,5m,UNAVAILABLE,,,,,,,CAP_GROUP_UNAVAILABLE
ENAUSDT,15m,UNAVAILABLE,,,,,,,CAP_GROUP_UNAVAILABLE
ENAUSDT,1h,UNAVAILABLE,,,,,,,CAP_GROUP_UNAVAILABLE
ENJUSDT,5m,UNAVAILABLE,,,,,,,CAP_GROUP_UNAVAILABLE
ENJUSDT,15m,UNAVAILABLE,,,,,,,CAP_GROUP_UNAVAILABLE
ENJUSDT,1h,UNAVAILABLE,,,,,,,CAP_GROUP_UNAVAILABLE
ENSOUSDT,5m,UNAVAILABLE,,,,,,,CAP_GROUP_UNAVAILABLE
ENSOUSDT,15m,UNAVAILABLE,,,,,,,CAP_GROUP_UNAVAILABLE
ENSOUSDT,1h,UNAVAILABLE,,,,,,,CAP_GROUP_UNAVAILABLE
ENSUSDT,5m,UNAVAILABLE,,,,,,,CAP_GROUP_UNAVAILABLE
ENSUSDT,15m,UNAVAILABLE,,,,,,,CAP_GROUP_UNAVAILABLE
ENSUSDT,1h,UNAVAILABLE,,,,,,,CAP_GROUP_UNAVAILABLE
EPICUSDT,5m,UNAVAILABLE,,,,,,,CAP_GROUP_UNAVAILABLE
EPICUSDT,15m,UNAVAILABLE,,,,,,,CAP_GROUP_UNAVAILABLE
EPICUSDT,1h,UNAVAILABLE,,,,,,,CAP_GROUP_UNAVAILABLE
ERAUSDT,5m,UNAVAILABLE,,,,,,,CAP_GROUP_UNAVAILABLE
ERAUSDT,15m,UNAVAILABLE,,,,,,,CAP_GROUP_UNAVAILABLE
ERAUSDT,1h,UNAVAILABLE,,,,,,,CAP_GROUP_UNAVAILABLE
ESPORTSUSDT,5m,UNAVAILABLE,,,,,,,CAP_GROUP_UNAVAILABLE
ESPORTSUSDT,15m,UNAVAILABLE,,,,,,,CAP_GROUP_UNAVAILABLE
ESPORTSUSDT,1h,UNAVAILABLE,,,,,,,CAP_GROUP_UNAVAILABLE
ETCUSDT,5m,UNAVAILABLE,,,,,,,CAP_GROUP_UNAVAILABLE
ETCUSDT,15m,UNAVAILABLE,,,,,,,CAP_GROUP_UNAVAILABLE
ETCUSDT,1h,UNAVAILABLE,,,,,,,CAP_GROUP_UNAVAILABLE
ETHFIUSDT,5m,UNAVAILABLE,,,,,,,CAP_GROUP_UNAVAILABLE
ETHFIUSDT,15m,UNAVAILABLE,,,,,,,CAP_GROUP_UNAVAILABLE
ETHFIUSDT,1h,UNAVAILABLE,,,,,,,CAP_GROUP_UNAVAILABLE
ETHUSDT,5m,UNAVAILABLE,2025-10-04T00:00:00+00:00,2026-10-03T13:13:40+00:00,2026-01-06T12:55:00+00:00,2026-10-03T13:35:00+00:00,,,CAP_GROUP_UNAVAILABLE
ETHUSDT,15m,UNAVAILABLE,2025-10-04T00:00:00+00:00,2026-10-03T13:13:40+00:00,2022-10-04T13:00:00+00:00,2026-10-03T13:15:00+00:00,,,CAP_GROUP_UNAVAILABLE
ETHUSDT,1h,UNAVAILABLE,2025-10-04T00:00:00+00:00,2026-10-03T13:13:40+00:00,2022-10-04T13:00:00+00:00,2026-10-03T12:00:00+00:00,,,CAP_GROUP_UNAVAILABLE
ETHWUSDT,5m,UNAVAILABLE,,,,,,,CAP_GROUP_UNAVAILABLE
ETHWUSDT,15m,UNAVAILABLE,,,,,,,CAP_GROUP_UNAVAILABLE
ETHWUSDT,1h,UNAVAILABLE,,,,,,,CAP_GROUP_UNAVAILABLE
EULUSDT,5m,UNAVAILABLE,,,,,,,CAP_GROUP_UNAVAILABLE
EULUSDT,15m,UNAVAILABLE,,,,,,,CAP_GROUP_UNAVAILABLE
EULUSDT,1h,UNAVAILABLE,,,,,,,CAP_GROUP_UNAVAILABLE
EVAAUSDT,5m,UNAVAILABLE,,,,,,,CAP_GROUP_UNAVAILABLE
EVAAUSDT,15m,UNAVAILABLE,,,,,,,CAP_GROUP_UNAVAILABLE
EVAAUSDT,1h,UNAVAILABLE,,,,,,,CAP_GROUP_UNAVAILABLE
FARTCOINUSDT,5m,UNAVAILABLE,,,,,,,CAP_GROUP_UNAVAILABLE
FARTCOINUSDT,15m,UNAVAILABLE,,,,,,,CAP_GROUP_UNAVAILABLE
FARTCOINUSDT,1h,UNAVAILABLE,,,,,,,CAP_GROUP_UNAVAILABLE
FETUSDT,5m,UNAVAILABLE,,,,,,,CAP_GROUP_UNAVAILABLE
FETUSDT,15m,UNAVAILABLE,,,,,,,CAP_GROUP_UNAVAILABLE
FETUSDT,1h,UNAVAILABLE,,,,,,,CAP_GROUP_UNAVAILABLE
FFUSDT,5m,UNAVAILABLE,,,,,,,CAP_GROUP_UNAVAILABLE
FFUSDT,15m,UNAVAILABLE,,,,,,,CAP_GROUP_UNAVAILABLE
FFUSDT,1h,UNAVAILABLE,,,,,,,CAP_GROUP_UNAVAILABLE
FHEUSDT,5m,UNAVAILABLE,,,,,,,CAP_GROUP_UNAVAILABLE
FHEUSDT,15m,UNAVAILABLE,,,,,,,CAP_GROUP_UNAVAILABLE
FHEUSDT,1h,UNAVAILABLE,,,,,,,CAP_GROUP_UNAVAILABLE
FIDAUSDT,5m,UNAVAILABLE,,,,,,,CAP_GROUP_UNAVAILABLE
FIDAUSDT,15m,UNAVAILABLE,,,,,,,CAP_GROUP_UNAVAILABLE
FIDAUSDT,1h,UNAVAILABLE,,,,,,,CAP_GROUP_UNAVAILABLE
FIGHTUSDT,5m,UNAVAILABLE,,,,,,,CAP_GROUP_UNAVAILABLE
FIGHTUSDT,15m,UNAVAILABLE,,,,,,,CAP_GROUP_UNAVAILABLE
FIGHTUSDT,1h,UNAVAILABLE,,,,,,,CAP_GROUP_UNAVAILABLE
FILUSDT,5m,UNAVAILABLE,,,,,,,CAP_GROUP_UNAVAILABLE
FILUSDT,15m,UNAVAILABLE,,,,,,,CAP_GROUP_UNAVAILABLE
FILUSDT,1h,UNAVAILABLE,,,,,,,CAP_GROUP_UNAVAILABLE
FLOCKUSDT,5m,UNAVAILABLE,2025-10-04T00:00:00+00:00,2026-10-03T13:16:10+00:00,2026-09-30T14:30:00+00:00,2026-10-03T02:45:00+00:00,,,CAP_GROUP_UNAVAILABLE
FLOCKUSDT,15m,UNAVAILABLE,2025-10-04T00:00:00+00:00,2026-10-03T13:16:10+00:00,2026-09-29T02:15:00+00:00,2026-10-03T12:45:00+00:00,,,CAP_GROUP_UNAVAILABLE
FLOCKUSDT,1h,UNAVAILABLE,2025-10-04T00:00:00+00:00,2026-10-03T13:16:10+00:00,2026-09-22T21:00:00+00:00,2026-10-03T12:00:00+00:00,,,CAP_GROUP_UNAVAILABLE
FLUIDUSDT,5m,UNAVAILABLE,,,,,,,CAP_GROUP_UNAVAILABLE
FLUIDUSDT,15m,UNAVAILABLE,,,,,,,CAP_GROUP_UNAVAILABLE
FLUIDUSDT,1h,UNAVAILABLE,,,,,,,CAP_GROUP_UNAVAILABLE
FLUXUSDT,5m,UNAVAILABLE,,,,,,,CAP_GROUP_UNAVAILABLE
FLUXUSDT,15m,UNAVAILABLE,,,,,,,CAP_GROUP_UNAVAILABLE
FLUXUSDT,1h,UNAVAILABLE,,,,,,,CAP_GROUP_UNAVAILABLE
FOGOUSDT,5m,UNAVAILABLE,,,,,,,CAP_GROUP_UNAVAILABLE
FOGOUSDT,15m,UNAVAILABLE,,,,,,,CAP_GROUP_UNAVAILABLE
FOGOUSDT,1h,UNAVAILABLE,,,,,,,CAP_GROUP_UNAVAILABLE
FOLKSUSDT,5m,UNAVAILABLE,,,,,,,CAP_GROUP_UNAVAILABLE
FOLKSUSDT,15m,UNAVAILABLE,,,,,,,CAP_GROUP_UNAVAILABLE
FOLKSUSDT,1h,UNAVAILABLE,,,,,,,CAP_GROUP_UNAVAILABLE
FRAXUSDT,5m,UNAVAILABLE,,,,,,,CAP_GROUP_UNAVAILABLE
FRAXUSDT,15m,UNAVAILABLE,,,,,,,CAP_GROUP_UNAVAILABLE
FRAXUSDT,1h,UNAVAILABLE,,,,,,,CAP_GROUP_UNAVAILABLE
FUSDT,5m,UNAVAILABLE,,,,,,,CAP_GROUP_UNAVAILABLE
FUSDT,15m,UNAVAILABLE,,,,,,,CAP_GROUP_UNAVAILABLE
FUSDT,1h,UNAVAILABLE,,,,,,,CAP_GROUP_UNAVAILABLE
GALAUSDT,5m,UNAVAILABLE,,,,,,,CAP_GROUP_UNAVAILABLE
GALAUSDT,15m,UNAVAILABLE,,,,,,,CAP_GROUP_UNAVAILABLE
GALAUSDT,1h,UNAVAILABLE,,,,,,,CAP_GROUP_UNAVAILABLE
GASUSDT,5m,UNAVAILABLE,,,,,,,CAP_GROUP_UNAVAILABLE
GASUSDT,15m,UNAVAILABLE,,,,,,,CAP_GROUP_UNAVAILABLE
GASUSDT,1h,UNAVAILABLE,,,,,,,CAP_GROUP_UNAVAILABLE
GENIUSUSDT,5m,UNAVAILABLE,,,,,,,CAP_GROUP_UNAVAILABLE
GENIUSUSDT,15m,UNAVAILABLE,,,,,,,CAP_GROUP_UNAVAILABLE
GENIUSUSDT,1h,UNAVAILABLE,,,,,,,CAP_GROUP_UNAVAILABLE
GIGGLEUSDT,5m,UNAVAILABLE,,,,,,,CAP_GROUP_UNAVAILABLE
GIGGLEUSDT,15m,UNAVAILABLE,,,,,,,CAP_GROUP_UNAVAILABLE
GIGGLEUSDT,1h,UNAVAILABLE,,,,,,,CAP_GROUP_UNAVAILABLE
GLMUSDT,5m,UNAVAILABLE,,,,,,,CAP_GROUP_UNAVAILABLE
GLMUSDT,15m,UNAVAILABLE,,,,,,,CAP_GROUP_UNAVAILABLE
GLMUSDT,1h,UNAVAILABLE,,,,,,,CAP_GROUP_UNAVAILABLE
GMTUSDT,5m,UNAVAILABLE,,,,,,,CAP_GROUP_UNAVAILABLE
GMTUSDT,15m,UNAVAILABLE,,,,,,,CAP_GROUP_UNAVAILABLE
GMTUSDT,1h,UNAVAILABLE,,,,,,,CAP_GROUP_UNAVAILABLE
GMXUSDT,5m,UNAVAILABLE,,,,,,,CAP_GROUP_UNAVAILABLE
GMXUSDT,15m,UNAVAILABLE,,,,,,,CAP_GROUP_UNAVAILABLE
GMXUSDT,1h,UNAVAILABLE,,,,,,,CAP_GROUP_UNAVAILABLE
GOATUSDT,5m,UNAVAILABLE,,,,,,,CAP_GROUP_UNAVAILABLE
GOATUSDT,15m,UNAVAILABLE,,,,,,,CAP_GROUP_UNAVAILABLE
GOATUSDT,1h,UNAVAILABLE,,,,,,,CAP_GROUP_UNAVAILABLE
GPSUSDT,5m,UNAVAILABLE,,,,,,,CAP_GROUP_UNAVAILABLE
GPSUSDT,15m,UNAVAILABLE,,,,,,,CAP_GROUP_UNAVAILABLE
GPSUSDT,1h,UNAVAILABLE,,,,,,,CAP_GROUP_UNAVAILABLE
GRAMUSDT,5m,UNAVAILABLE,,,,,,,CAP_GROUP_UNAVAILABLE
GRAMUSDT,15m,UNAVAILABLE,,,,,,,CAP_GROUP_UNAVAILABLE
GRAMUSDT,1h,UNAVAILABLE,,,,,,,CAP_GROUP_UNAVAILABLE
GRIFFAINUSDT,5m,UNAVAILABLE,,,,,,,CAP_GROUP_UNAVAILABLE
GRIFFAINUSDT,15m,UNAVAILABLE,,,,,,,CAP_GROUP_UNAVAILABLE
GRIFFAINUSDT,1h,UNAVAILABLE,,,,,,,CAP_GROUP_UNAVAILABLE
GRTUSDT,5m,UNAVAILABLE,,,,,,,CAP_GROUP_UNAVAILABLE
GRTUSDT,15m,UNAVAILABLE,,,,,,,CAP_GROUP_UNAVAILABLE
GRTUSDT,1h,UNAVAILABLE,,,,,,,CAP_GROUP_UNAVAILABLE
GRVTUSDT,5m,UNAVAILABLE,,,,,,,CAP_GROUP_UNAVAILABLE
GRVTUSDT,15m,UNAVAILABLE,,,,,,,CAP_GROUP_UNAVAILABLE
GRVTUSDT,1h,UNAVAILABLE,,,,,,,CAP_GROUP_UNAVAILABLE
GTCUSDT,5m,UNAVAILABLE,,,,,,,CAP_GROUP_UNAVAILABLE
GTCUSDT,15m,UNAVAILABLE,,,,,,,CAP_GROUP_UNAVAILABLE
GTCUSDT,1h,UNAVAILABLE,,,,,,,CAP_GROUP_UNAVAILABLE
GUAUSDT,5m,UNAVAILABLE,,,,,,,CAP_GROUP_UNAVAILABLE
GUAUSDT,15m,UNAVAILABLE,,,,,,,CAP_GROUP_UNAVAILABLE
GUAUSDT,1h,UNAVAILABLE,,,,,,,CAP_GROUP_UNAVAILABLE
GUNUSDT,5m,UNAVAILABLE,,,,,,,CAP_GROUP_UNAVAILABLE
GUNUSDT,15m,UNAVAILABLE,,,,,,,CAP_GROUP_UNAVAILABLE
GUNUSDT,1h,UNAVAILABLE,,,,,,,CAP_GROUP_UNAVAILABLE
GUSDT,5m,UNAVAILABLE,,,,,,,CAP_GROUP_UNAVAILABLE
GUSDT,15m,UNAVAILABLE,,,,,,,CAP_GROUP_UNAVAILABLE
GUSDT,1h,UNAVAILABLE,,,,,,,CAP_GROUP_UNAVAILABLE
GWEIUSDT,5m,UNAVAILABLE,,,,,,,CAP_GROUP_UNAVAILABLE
GWEIUSDT,15m,UNAVAILABLE,,,,,,,CAP_GROUP_UNAVAILABLE
GWEIUSDT,1h,UNAVAILABLE,,,,,,,CAP_GROUP_UNAVAILABLE
HAEDALUSDT,5m,UNAVAILABLE,,,,,,,CAP_GROUP_UNAVAILABLE
HAEDALUSDT,15m,UNAVAILABLE,,,,,,,CAP_GROUP_UNAVAILABLE
HAEDALUSDT,1h,UNAVAILABLE,,,,,,,CAP_GROUP_UNAVAILABLE
HANAUSDT,5m,UNAVAILABLE,,,,,,,CAP_GROUP_UNAVAILABLE
HANAUSDT,15m,UNAVAILABLE,,,,,,,CAP_GROUP_UNAVAILABLE
HANAUSDT,1h,UNAVAILABLE,,,,,,,CAP_GROUP_UNAVAILABLE
HBARUSDT,5m,UNAVAILABLE,,,,,,,CAP_GROUP_UNAVAILABLE
HBARUSDT,15m,UNAVAILABLE,,,,,,,CAP_GROUP_UNAVAILABLE
HBARUSDT,1h,UNAVAILABLE,,,,,,,CAP_GROUP_UNAVAILABLE
HEIUSDT,5m,UNAVAILABLE,,,,,,,CAP_GROUP_UNAVAILABLE
HEIUSDT,15m,UNAVAILABLE,,,,,,,CAP_GROUP_UNAVAILABLE
HEIUSDT,1h,UNAVAILABLE,,,,,,,CAP_GROUP_UNAVAILABLE
HEMIUSDT,5m,UNAVAILABLE,,,,,,,CAP_GROUP_UNAVAILABLE
HEMIUSDT,15m,UNAVAILABLE,,,,,,,CAP_GROUP_UNAVAILABLE
HEMIUSDT,1h,UNAVAILABLE,,,,,,,CAP_GROUP_UNAVAILABLE
HIVEUSDT,5m,UNAVAILABLE,,,,,,,CAP_GROUP_UNAVAILABLE
HIVEUSDT,15m,UNAVAILABLE,,,,,,,CAP_GROUP_UNAVAILABLE
HIVEUSDT,1h,UNAVAILABLE,,,,,,,CAP_GROUP_UNAVAILABLE
HMSTRUSDT,5m,UNAVAILABLE,,,,,,,CAP_GROUP_UNAVAILABLE
HMSTRUSDT,15m,UNAVAILABLE,,,,,,,CAP_GROUP_UNAVAILABLE
HMSTRUSDT,1h,UNAVAILABLE,,,,,,,CAP_GROUP_UNAVAILABLE
HOLOUSDT,5m,UNAVAILABLE,,,,,,,CAP_GROUP_UNAVAILABLE
HOLOUSDT,15m,UNAVAILABLE,,,,,,,CAP_GROUP_UNAVAILABLE
HOLOUSDT,1h,UNAVAILABLE,,,,,,,CAP_GROUP_UNAVAILABLE
HOMEUSDT,5m,UNAVAILABLE,,,,,,,CAP_GROUP_UNAVAILABLE
HOMEUSDT,15m,UNAVAILABLE,,,,,,,CAP_GROUP_UNAVAILABLE
HOMEUSDT,1h,UNAVAILABLE,,,,,,,CAP_GROUP_UNAVAILABLE
HOTUSDT,5m,UNAVAILABLE,,,,,,,CAP_GROUP_UNAVAILABLE
HOTUSDT,15m,UNAVAILABLE,,,,,,,CAP_GROUP_UNAVAILABLE
HOTUSDT,1h,UNAVAILABLE,,,,,,,CAP_GROUP_UNAVAILABLE
HUMAUSDT,5m,UNAVAILABLE,,,,,,,CAP_GROUP_UNAVAILABLE
HUMAUSDT,15m,UNAVAILABLE,,,,,,,CAP_GROUP_UNAVAILABLE
HUMAUSDT,1h,UNAVAILABLE,,,,,,,CAP_GROUP_UNAVAILABLE
HUSDT,5m,UNAVAILABLE,,,,,,,CAP_GROUP_UNAVAILABLE
HUSDT,15m,UNAVAILABLE,,,,,,,CAP_GROUP_UNAVAILABLE
HUSDT,1h,UNAVAILABLE,,,,,,,CAP_GROUP_UNAVAILABLE
HYPERUSDT,5m,UNAVAILABLE,,,,,,,CAP_GROUP_UNAVAILABLE
HYPERUSDT,15m,UNAVAILABLE,,,,,,,CAP_GROUP_UNAVAILABLE
HYPERUSDT,1h,UNAVAILABLE,,,,,,,CAP_GROUP_UNAVAILABLE
HYPEUSDT,5m,UNAVAILABLE,,,,,,,CAP_GROUP_UNAVAILABLE
HYPEUSDT,15m,UNAVAILABLE,,,,,,,CAP_GROUP_UNAVAILABLE
HYPEUSDT,1h,UNAVAILABLE,,,,,,,CAP_GROUP_UNAVAILABLE
ICNTUSDT,5m,UNAVAILABLE,,,,,,,CAP_GROUP_UNAVAILABLE
ICNTUSDT,15m,UNAVAILABLE,,,,,,,CAP_GROUP_UNAVAILABLE
ICNTUSDT,1h,UNAVAILABLE,,,,,,,CAP_GROUP_UNAVAILABLE
ICPUSDT,5m,UNAVAILABLE,,,,,,,CAP_GROUP_UNAVAILABLE
ICPUSDT,15m,UNAVAILABLE,,,,,,,CAP_GROUP_UNAVAILABLE
ICPUSDT,1h,UNAVAILABLE,,,,,,,CAP_GROUP_UNAVAILABLE
IDOLUSDT,5m,UNAVAILABLE,,,,,,,CAP_GROUP_UNAVAILABLE
IDOLUSDT,15m,UNAVAILABLE,,,,,,,CAP_GROUP_UNAVAILABLE
IDOLUSDT,1h,UNAVAILABLE,,,,,,,CAP_GROUP_UNAVAILABLE
ILVUSDT,5m,UNAVAILABLE,2025-10-04T00:00:00+00:00,2026-10-03T13:32:10+00:00,2026-09-30T14:55:00+00:00,2026-10-02T10:10:00+00:00,,,CAP_GROUP_UNAVAILABLE
ILVUSDT,15m,UNAVAILABLE,2025-10-04T00:00:00+00:00,2026-10-03T13:32:10+00:00,2026-09-29T04:45:00+00:00,2026-10-03T12:00:00+00:00,,,CAP_GROUP_UNAVAILABLE
ILVUSDT,1h,UNAVAILABLE,2025-10-04T00:00:00+00:00,2026-10-03T13:32:10+00:00,2026-09-22T23:00:00+00:00,2026-10-03T11:00:00+00:00,,,CAP_GROUP_UNAVAILABLE
IMXUSDT,5m,UNAVAILABLE,,,,,,,CAP_GROUP_UNAVAILABLE
IMXUSDT,15m,UNAVAILABLE,,,,,,,CAP_GROUP_UNAVAILABLE
IMXUSDT,1h,UNAVAILABLE,,,,,,,CAP_GROUP_UNAVAILABLE
INITUSDT,5m,UNAVAILABLE,,,,,,,CAP_GROUP_UNAVAILABLE
INITUSDT,15m,UNAVAILABLE,,,,,,,CAP_GROUP_UNAVAILABLE
INITUSDT,1h,UNAVAILABLE,,,,,,,CAP_GROUP_UNAVAILABLE
INJUSDT,5m,UNAVAILABLE,,,,,,,CAP_GROUP_UNAVAILABLE
INJUSDT,15m,UNAVAILABLE,,,,,,,CAP_GROUP_UNAVAILABLE
INJUSDT,1h,UNAVAILABLE,,,,,,,CAP_GROUP_UNAVAILABLE
INUSDT,5m,UNAVAILABLE,,,,,,,CAP_GROUP_UNAVAILABLE
INUSDT,15m,UNAVAILABLE,,,,,,,CAP_GROUP_UNAVAILABLE
INUSDT,1h,UNAVAILABLE,,,,,,,CAP_GROUP_UNAVAILABLE
INXUSDT,5m,UNAVAILABLE,,,,,,,CAP_GROUP_UNAVAILABLE
INXUSDT,15m,UNAVAILABLE,,,,,,,CAP_GROUP_UNAVAILABLE
INXUSDT,1h,UNAVAILABLE,,,,,,,CAP_GROUP_UNAVAILABLE
IOSTUSDT,5m,UNAVAILABLE,,,,,,,CAP_GROUP_UNAVAILABLE
IOSTUSDT,15m,UNAVAILABLE,,,,,,,CAP_GROUP_UNAVAILABLE
IOSTUSDT,1h,UNAVAILABLE,,,,,,,CAP_GROUP_UNAVAILABLE
IOTAUSDT,5m,UNAVAILABLE,,,,,,,CAP_GROUP_UNAVAILABLE
IOTAUSDT,15m,UNAVAILABLE,,,,,,,CAP_GROUP_UNAVAILABLE
IOTAUSDT,1h,UNAVAILABLE,,,,,,,CAP_GROUP_UNAVAILABLE
IOTXUSDT,5m,UNAVAILABLE,,,,,,,CAP_GROUP_UNAVAILABLE
IOTXUSDT,15m,UNAVAILABLE,,,,,,,CAP_GROUP_UNAVAILABLE
IOTXUSDT,1h,UNAVAILABLE,,,,,,,CAP_GROUP_UNAVAILABLE
IOUSDT,5m,UNAVAILABLE,,,,,,,CAP_GROUP_UNAVAILABLE
IOUSDT,15m,UNAVAILABLE,,,,,,,CAP_GROUP_UNAVAILABLE
IOUSDT,1h,UNAVAILABLE,,,,,,,CAP_GROUP_UNAVAILABLE
IRYSUSDT,5m,UNAVAILABLE,,,,,,,CAP_GROUP_UNAVAILABLE
IRYSUSDT,15m,UNAVAILABLE,,,,,,,CAP_GROUP_UNAVAILABLE
IRYSUSDT,1h,UNAVAILABLE,,,,,,,CAP_GROUP_UNAVAILABLE
JASMYUSDT,5m,UNAVAILABLE,,,,,,,CAP_GROUP_UNAVAILABLE
JASMYUSDT,15m,UNAVAILABLE,,,,,,,CAP_GROUP_UNAVAILABLE
JASMYUSDT,1h,UNAVAILABLE,,,,,,,CAP_GROUP_UNAVAILABLE
JCTUSDT,5m,UNAVAILABLE,,,,,,,CAP_GROUP_UNAVAILABLE
JCTUSDT,15m,UNAVAILABLE,,,,,,,CAP_GROUP_UNAVAILABLE
JCTUSDT,1h,UNAVAILABLE,,,,,,,CAP_GROUP_UNAVAILABLE
JELLYJELLYUSDT,5m,UNAVAILABLE,,,,,,,CAP_GROUP_UNAVAILABLE
JELLYJELLYUSDT,15m,UNAVAILABLE,,,,,,,CAP_GROUP_UNAVAILABLE
JELLYJELLYUSDT,1h,UNAVAILABLE,,,,,,,CAP_GROUP_UNAVAILABLE
JOEUSDT,5m,UNAVAILABLE,,,,,,,CAP_GROUP_UNAVAILABLE
JOEUSDT,15m,UNAVAILABLE,,,,,,,CAP_GROUP_UNAVAILABLE
JOEUSDT,1h,UNAVAILABLE,,,,,,,CAP_GROUP_UNAVAILABLE
JSTUSDT,5m,UNAVAILABLE,,,,,,,CAP_GROUP_UNAVAILABLE
JSTUSDT,15m,UNAVAILABLE,,,,,,,CAP_GROUP_UNAVAILABLE
JSTUSDT,1h,UNAVAILABLE,,,,,,,CAP_GROUP_UNAVAILABLE
JTOUSDT,5m,UNAVAILABLE,,,,,,,CAP_GROUP_UNAVAILABLE
JTOUSDT,15m,UNAVAILABLE,,,,,,,CAP_GROUP_UNAVAILABLE
JTOUSDT,1h,UNAVAILABLE,,,,,,,CAP_GROUP_UNAVAILABLE
JUPUSDT,5m,UNAVAILABLE,,,,,,,CAP_GROUP_UNAVAILABLE
JUPUSDT,15m,UNAVAILABLE,,,,,,,CAP_GROUP_UNAVAILABLE
JUPUSDT,1h,UNAVAILABLE,,,,,,,CAP_GROUP_UNAVAILABLE
KAIAUSDT,5m,UNAVAILABLE,,,,,,,CAP_GROUP_UNAVAILABLE
KAIAUSDT,15m,UNAVAILABLE,,,,,,,CAP_GROUP_UNAVAILABLE
KAIAUSDT,1h,UNAVAILABLE,,,,,,,CAP_GROUP_UNAVAILABLE
KASUSDT,5m,UNAVAILABLE,,,,,,,CAP_GROUP_UNAVAILABLE
KASUSDT,15m,UNAVAILABLE,,,,,,,CAP_GROUP_UNAVAILABLE
KASUSDT,1h,UNAVAILABLE,,,,,,,CAP_GROUP_UNAVAILABLE
KATUSDT,5m,UNAVAILABLE,,,,,,,CAP_GROUP_UNAVAILABLE
KATUSDT,15m,UNAVAILABLE,,,,,,,CAP_GROUP_UNAVAILABLE
KATUSDT,1h,UNAVAILABLE,,,,,,,CAP_GROUP_UNAVAILABLE
KERNELUSDT,5m,UNAVAILABLE,,,,,,,CAP_GROUP_UNAVAILABLE
KERNELUSDT,15m,UNAVAILABLE,,,,,,,CAP_GROUP_UNAVAILABLE
KERNELUSDT,1h,UNAVAILABLE,,,,,,,CAP_GROUP_UNAVAILABLE
KGENUSDT,5m,UNAVAILABLE,,,,,,,CAP_GROUP_UNAVAILABLE
KGENUSDT,15m,UNAVAILABLE,,,,,,,CAP_GROUP_UNAVAILABLE
KGENUSDT,1h,UNAVAILABLE,,,,,,,CAP_GROUP_UNAVAILABLE
KITEUSDT,5m,UNAVAILABLE,,,,,,,CAP_GROUP_UNAVAILABLE
KITEUSDT,15m,UNAVAILABLE,,,,,,,CAP_GROUP_UNAVAILABLE
KITEUSDT,1h,UNAVAILABLE,,,,,,,CAP_GROUP_UNAVAILABLE
KMNOUSDT,5m,UNAVAILABLE,,,,,,,CAP_GROUP_UNAVAILABLE
KMNOUSDT,15m,UNAVAILABLE,,,,,,,CAP_GROUP_UNAVAILABLE
KMNOUSDT,1h,UNAVAILABLE,,,,,,,CAP_GROUP_UNAVAILABLE
KNCUSDT,5m,UNAVAILABLE,,,,,,,CAP_GROUP_UNAVAILABLE
KNCUSDT,15m,UNAVAILABLE,,,,,,,CAP_GROUP_UNAVAILABLE
KNCUSDT,1h,UNAVAILABLE,,,,,,,CAP_GROUP_UNAVAILABLE
KOMAUSDT,5m,UNAVAILABLE,,,,,,,CAP_GROUP_UNAVAILABLE
KOMAUSDT,15m,UNAVAILABLE,,,,,,,CAP_GROUP_UNAVAILABLE
KOMAUSDT,1h,UNAVAILABLE,,,,,,,CAP_GROUP_UNAVAILABLE
LABUSDT,5m,UNAVAILABLE,2025-10-14T00:00:00+00:00,2026-10-03T13:16:20+00:00,2026-09-30T14:30:00+00:00,2026-10-03T03:30:00+00:00,,,CAP_GROUP_UNAVAILABLE
LABUSDT,15m,UNAVAILABLE,2025-10-14T00:00:00+00:00,2026-10-03T13:16:20+00:00,2026-09-29T02:15:00+00:00,2026-10-03T12:45:00+00:00,,,CAP_GROUP_UNAVAILABLE
LABUSDT,1h,UNAVAILABLE,2025-10-14T00:00:00+00:00,2026-10-03T13:16:20+00:00,2026-09-22T21:00:00+00:00,2026-10-03T12:00:00+00:00,,,CAP_GROUP_UNAVAILABLE
LAUSDT,5m,UNAVAILABLE,,,,,,,CAP_GROUP_UNAVAILABLE
LAUSDT,15m,UNAVAILABLE,,,,,,,CAP_GROUP_UNAVAILABLE
LAUSDT,1h,UNAVAILABLE,,,,,,,CAP_GROUP_UNAVAILABLE
LAYERUSDT,5m,UNAVAILABLE,,,,,,,CAP_GROUP_UNAVAILABLE
LAYERUSDT,15m,UNAVAILABLE,,,,,,,CAP_GROUP_UNAVAILABLE
LAYERUSDT,1h,UNAVAILABLE,,,,,,,CAP_GROUP_UNAVAILABLE
LDOUSDT,5m,UNAVAILABLE,,,,,,,CAP_GROUP_UNAVAILABLE
LDOUSDT,15m,UNAVAILABLE,,,,,,,CAP_GROUP_UNAVAILABLE
LDOUSDT,1h,UNAVAILABLE,,,,,,,CAP_GROUP_UNAVAILABLE
LIGHTUSDT,5m,UNAVAILABLE,,,,,,,CAP_GROUP_UNAVAILABLE
LIGHTUSDT,15m,UNAVAILABLE,,,,,,,CAP_GROUP_UNAVAILABLE
LIGHTUSDT,1h,UNAVAILABLE,,,,,,,CAP_GROUP_UNAVAILABLE
LINEAUSDT,5m,UNAVAILABLE,,,,,,,CAP_GROUP_UNAVAILABLE
LINEAUSDT,15m,UNAVAILABLE,,,,,,,CAP_GROUP_UNAVAILABLE
LINEAUSDT,1h,UNAVAILABLE,,,,,,,CAP_GROUP_UNAVAILABLE
LISTAUSDT,5m,UNAVAILABLE,,,,,,,CAP_GROUP_UNAVAILABLE
LISTAUSDT,15m,UNAVAILABLE,,,,,,,CAP_GROUP_UNAVAILABLE
LISTAUSDT,1h,UNAVAILABLE,,,,,,,CAP_GROUP_UNAVAILABLE
LITUSDT,5m,UNAVAILABLE,,,,,,,CAP_GROUP_UNAVAILABLE
LITUSDT,15m,UNAVAILABLE,,,,,,,CAP_GROUP_UNAVAILABLE
LITUSDT,1h,UNAVAILABLE,,,,,,,CAP_GROUP_UNAVAILABLE
LQTYUSDT,5m,UNAVAILABLE,,,,,,,CAP_GROUP_UNAVAILABLE
LQTYUSDT,15m,UNAVAILABLE,,,,,,,CAP_GROUP_UNAVAILABLE
LQTYUSDT,1h,UNAVAILABLE,,,,,,,CAP_GROUP_UNAVAILABLE
LSKUSDT,5m,UNAVAILABLE,,,,,,,CAP_GROUP_UNAVAILABLE
LSKUSDT,15m,UNAVAILABLE,,,,,,,CAP_GROUP_UNAVAILABLE
LSKUSDT,1h,UNAVAILABLE,,,,,,,CAP_GROUP_UNAVAILABLE
LTCUSDT,5m,UNAVAILABLE,,,,,,,CAP_GROUP_UNAVAILABLE
LTCUSDT,15m,UNAVAILABLE,,,,,,,CAP_GROUP_UNAVAILABLE
LTCUSDT,1h,UNAVAILABLE,,,,,,,CAP_GROUP_UNAVAILABLE
LUMIAUSDT,5m,UNAVAILABLE,,,,,,,CAP_GROUP_UNAVAILABLE
LUMIAUSDT,15m,UNAVAILABLE,,,,,,,CAP_GROUP_UNAVAILABLE
LUMIAUSDT,1h,UNAVAILABLE,,,,,,,CAP_GROUP_UNAVAILABLE
LUNA2USDT,5m,UNAVAILABLE,,,,,,,CAP_GROUP_UNAVAILABLE
LUNA2USDT,15m,UNAVAILABLE,,,,,,,CAP_GROUP_UNAVAILABLE
LUNA2USDT,1h,UNAVAILABLE,,,,,,,CAP_GROUP_UNAVAILABLE
LYNUSDT,5m,UNAVAILABLE,,,,,,,CAP_GROUP_UNAVAILABLE
LYNUSDT,15m,UNAVAILABLE,,,,,,,CAP_GROUP_UNAVAILABLE
LYNUSDT,1h,UNAVAILABLE,,,,,,,CAP_GROUP_UNAVAILABLE
MAGICUSDT,5m,UNAVAILABLE,,,,,,,CAP_GROUP_UNAVAILABLE
MAGICUSDT,15m,UNAVAILABLE,,,,,,,CAP_GROUP_UNAVAILABLE
MAGICUSDT,1h,UNAVAILABLE,,,,,,,CAP_GROUP_UNAVAILABLE
MAGMAUSDT,5m,UNAVAILABLE,,,,,,,CAP_GROUP_UNAVAILABLE
MAGMAUSDT,15m,UNAVAILABLE,,,,,,,CAP_GROUP_UNAVAILABLE
MAGMAUSDT,1h,UNAVAILABLE,,,,,,,CAP_GROUP_UNAVAILABLE
MANAUSDT,5m,UNAVAILABLE,,,,,,,CAP_GROUP_UNAVAILABLE
MANAUSDT,15m,UNAVAILABLE,,,,,,,CAP_GROUP_UNAVAILABLE
MANAUSDT,1h,UNAVAILABLE,,,,,,,CAP_GROUP_UNAVAILABLE
MANTAUSDT,5m,UNAVAILABLE,,,,,,,CAP_GROUP_UNAVAILABLE
MANTAUSDT,15m,UNAVAILABLE,,,,,,,CAP_GROUP_UNAVAILABLE
MANTAUSDT,1h,UNAVAILABLE,,,,,,,CAP_GROUP_UNAVAILABLE
MANTRAUSDT,5m,UNAVAILABLE,,,,,,,CAP_GROUP_UNAVAILABLE
MANTRAUSDT,15m,UNAVAILABLE,,,,,,,CAP_GROUP_UNAVAILABLE
MANTRAUSDT,1h,UNAVAILABLE,,,,,,,CAP_GROUP_UNAVAILABLE
MARSCOINUSDT,5m,UNAVAILABLE,,,,,,,CAP_GROUP_UNAVAILABLE
MARSCOINUSDT,15m,UNAVAILABLE,,,,,,,CAP_GROUP_UNAVAILABLE
MARSCOINUSDT,1h,UNAVAILABLE,,,,,,,CAP_GROUP_UNAVAILABLE
MASKUSDT,5m,UNAVAILABLE,,,,,,,CAP_GROUP_UNAVAILABLE
MASKUSDT,15m,UNAVAILABLE,,,,,,,CAP_GROUP_UNAVAILABLE
MASKUSDT,1h,UNAVAILABLE,,,,,,,CAP_GROUP_UNAVAILABLE
MAVIAUSDT,5m,UNAVAILABLE,,,,,,,CAP_GROUP_UNAVAILABLE
MAVIAUSDT,15m,UNAVAILABLE,,,,,,,CAP_GROUP_UNAVAILABLE
MAVIAUSDT,1h,UNAVAILABLE,,,,,,,CAP_GROUP_UNAVAILABLE
MAVUSDT,5m,UNAVAILABLE,,,,,,,CAP_GROUP_UNAVAILABLE
MAVUSDT,15m,UNAVAILABLE,,,,,,,CAP_GROUP_UNAVAILABLE
MAVUSDT,1h,UNAVAILABLE,,,,,,,CAP_GROUP_UNAVAILABLE
MEGAUSDT,5m,UNAVAILABLE,,,,,,,CAP_GROUP_UNAVAILABLE
MEGAUSDT,15m,UNAVAILABLE,,,,,,,CAP_GROUP_UNAVAILABLE
MEGAUSDT,1h,UNAVAILABLE,,,,,,,CAP_GROUP_UNAVAILABLE
MELANIAUSDT,5m,UNAVAILABLE,,,,,,,CAP_GROUP_UNAVAILABLE
MELANIAUSDT,15m,UNAVAILABLE,,,,,,,CAP_GROUP_UNAVAILABLE
MELANIAUSDT,1h,UNAVAILABLE,,,,,,,CAP_GROUP_UNAVAILABLE
MEMEUSDT,5m,UNAVAILABLE,,,,,,,CAP_GROUP_UNAVAILABLE
MEMEUSDT,15m,UNAVAILABLE,,,,,,,CAP_GROUP_UNAVAILABLE
MEMEUSDT,1h,UNAVAILABLE,,,,,,,CAP_GROUP_UNAVAILABLE
MERLUSDT,5m,UNAVAILABLE,,,,,,,CAP_GROUP_UNAVAILABLE
MERLUSDT,15m,UNAVAILABLE,,,,,,,CAP_GROUP_UNAVAILABLE
MERLUSDT,1h,UNAVAILABLE,,,,,,,CAP_GROUP_UNAVAILABLE
METISUSDT,5m,UNAVAILABLE,,,,,,,CAP_GROUP_UNAVAILABLE
METISUSDT,15m,UNAVAILABLE,,,,,,,CAP_GROUP_UNAVAILABLE
METISUSDT,1h,UNAVAILABLE,,,,,,,CAP_GROUP_UNAVAILABLE
METUSDT,5m,UNAVAILABLE,,,,,,,CAP_GROUP_UNAVAILABLE
METUSDT,15m,UNAVAILABLE,,,,,,,CAP_GROUP_UNAVAILABLE
METUSDT,1h,UNAVAILABLE,,,,,,,CAP_GROUP_UNAVAILABLE
MEUSDT,5m,UNAVAILABLE,,,,,,,CAP_GROUP_UNAVAILABLE
MEUSDT,15m,UNAVAILABLE,,,,,,,CAP_GROUP_UNAVAILABLE
MEUSDT,1h,UNAVAILABLE,,,,,,,CAP_GROUP_UNAVAILABLE
MEWUSDT,5m,UNAVAILABLE,,,,,,,CAP_GROUP_UNAVAILABLE
MEWUSDT,15m,UNAVAILABLE,,,,,,,CAP_GROUP_UNAVAILABLE
MEWUSDT,1h,UNAVAILABLE,,,,,,,CAP_GROUP_UNAVAILABLE
MINAUSDT,5m,UNAVAILABLE,,,,,,,CAP_GROUP_UNAVAILABLE
MINAUSDT,15m,UNAVAILABLE,,,,,,,CAP_GROUP_UNAVAILABLE
MINAUSDT,1h,UNAVAILABLE,,,,,,,CAP_GROUP_UNAVAILABLE
MIRAUSDT,5m,UNAVAILABLE,,,,,,,CAP_GROUP_UNAVAILABLE
MIRAUSDT,15m,UNAVAILABLE,,,,,,,CAP_GROUP_UNAVAILABLE
MIRAUSDT,1h,UNAVAILABLE,,,,,,,CAP_GROUP_UNAVAILABLE
MITOUSDT,5m,UNAVAILABLE,,,,,,,CAP_GROUP_UNAVAILABLE
MITOUSDT,15m,UNAVAILABLE,,,,,,,CAP_GROUP_UNAVAILABLE
MITOUSDT,1h,UNAVAILABLE,,,,,,,CAP_GROUP_UNAVAILABLE
MMTUSDT,5m,UNAVAILABLE,,,,,,,CAP_GROUP_UNAVAILABLE
MMTUSDT,15m,UNAVAILABLE,,,,,,,CAP_GROUP_UNAVAILABLE
MMTUSDT,1h,UNAVAILABLE,,,,,,,CAP_GROUP_UNAVAILABLE
MOCAUSDT,5m,UNAVAILABLE,,,,,,,CAP_GROUP_UNAVAILABLE
MOCAUSDT,15m,UNAVAILABLE,,,,,,,CAP_GROUP_UNAVAILABLE
MOCAUSDT,1h,UNAVAILABLE,,,,,,,CAP_GROUP_UNAVAILABLE
MONUSDT,5m,UNAVAILABLE,,,,,,,CAP_GROUP_UNAVAILABLE
MONUSDT,15m,UNAVAILABLE,,,,,,,CAP_GROUP_UNAVAILABLE
MONUSDT,1h,UNAVAILABLE,,,,,,,CAP_GROUP_UNAVAILABLE
MOODENGUSDT,5m,UNAVAILABLE,,,,,,,CAP_GROUP_UNAVAILABLE
MOODENGUSDT,15m,UNAVAILABLE,,,,,,,CAP_GROUP_UNAVAILABLE
MOODENGUSDT,1h,UNAVAILABLE,,,,,,,CAP_GROUP_UNAVAILABLE
MORPHOUSDT,5m,UNAVAILABLE,,,,,,,CAP_GROUP_UNAVAILABLE
MORPHOUSDT,15m,UNAVAILABLE,,,,,,,CAP_GROUP_UNAVAILABLE
MORPHOUSDT,1h,UNAVAILABLE,,,,,,,CAP_GROUP_UNAVAILABLE
MOVEUSDT,5m,UNAVAILABLE,,,,,,,CAP_GROUP_UNAVAILABLE
MOVEUSDT,15m,UNAVAILABLE,,,,,,,CAP_GROUP_UNAVAILABLE
MOVEUSDT,1h,UNAVAILABLE,,,,,,,CAP_GROUP_UNAVAILABLE
MOVRUSDT,5m,UNAVAILABLE,,,,,,,CAP_GROUP_UNAVAILABLE
MOVRUSDT,15m,UNAVAILABLE,,,,,,,CAP_GROUP_UNAVAILABLE
MOVRUSDT,1h,UNAVAILABLE,,,,,,,CAP_GROUP_UNAVAILABLE
MTLUSDT,5m,UNAVAILABLE,,,,,,,CAP_GROUP_UNAVAILABLE
MTLUSDT,15m,UNAVAILABLE,,,,,,,CAP_GROUP_UNAVAILABLE
MTLUSDT,1h,UNAVAILABLE,,,,,,,CAP_GROUP_UNAVAILABLE
MUSDT,5m,UNAVAILABLE,,,,,,,CAP_GROUP_UNAVAILABLE
MUSDT,15m,UNAVAILABLE,,,,,,,CAP_GROUP_UNAVAILABLE
MUSDT,1h,UNAVAILABLE,,,,,,,CAP_GROUP_UNAVAILABLE
MYXUSDT,5m,UNAVAILABLE,,,,,,,CAP_GROUP_UNAVAILABLE
MYXUSDT,15m,UNAVAILABLE,,,,,,,CAP_GROUP_UNAVAILABLE
MYXUSDT,1h,UNAVAILABLE,,,,,,,CAP_GROUP_UNAVAILABLE
NAORISUSDT,5m,UNAVAILABLE,,,,,,,CAP_GROUP_UNAVAILABLE
NAORISUSDT,15m,UNAVAILABLE,,,,,,,CAP_GROUP_UNAVAILABLE
NAORISUSDT,1h,UNAVAILABLE,,,,,,,CAP_GROUP_UNAVAILABLE
NEARUSDT,5m,UNAVAILABLE,,,,,,,CAP_GROUP_UNAVAILABLE
NEARUSDT,15m,UNAVAILABLE,,,,,,,CAP_GROUP_UNAVAILABLE
NEARUSDT,1h,UNAVAILABLE,,,,,,,CAP_GROUP_UNAVAILABLE
NEIROUSDT,5m,UNAVAILABLE,,,,,,,CAP_GROUP_UNAVAILABLE
NEIROUSDT,15m,UNAVAILABLE,,,,,,,CAP_GROUP_UNAVAILABLE
NEIROUSDT,1h,UNAVAILABLE,,,,,,,CAP_GROUP_UNAVAILABLE
NEWTUSDT,5m,UNAVAILABLE,,,,,,,CAP_GROUP_UNAVAILABLE
NEWTUSDT,15m,UNAVAILABLE,,,,,,,CAP_GROUP_UNAVAILABLE
NEWTUSDT,1h,UNAVAILABLE,,,,,,,CAP_GROUP_UNAVAILABLE
NIGHTUSDT,5m,UNAVAILABLE,,,,,,,CAP_GROUP_UNAVAILABLE
NIGHTUSDT,15m,UNAVAILABLE,,,,,,,CAP_GROUP_UNAVAILABLE
NIGHTUSDT,1h,UNAVAILABLE,,,,,,,CAP_GROUP_UNAVAILABLE
NILUSDT,5m,UNAVAILABLE,,,,,,,CAP_GROUP_UNAVAILABLE
NILUSDT,15m,UNAVAILABLE,,,,,,,CAP_GROUP_UNAVAILABLE
NILUSDT,1h,UNAVAILABLE,,,,,,,CAP_GROUP_UNAVAILABLE
NMRUSDT,5m,UNAVAILABLE,,,,,,,CAP_GROUP_UNAVAILABLE
NMRUSDT,15m,UNAVAILABLE,,,,,,,CAP_GROUP_UNAVAILABLE
NMRUSDT,1h,UNAVAILABLE,,,,,,,CAP_GROUP_UNAVAILABLE
NOMUSDT,5m,UNAVAILABLE,,,,,,,CAP_GROUP_UNAVAILABLE
NOMUSDT,15m,UNAVAILABLE,,,,,,,CAP_GROUP_UNAVAILABLE
NOMUSDT,1h,UNAVAILABLE,,,,,,,CAP_GROUP_UNAVAILABLE
NOTUSDT,5m,UNAVAILABLE,,,,,,,CAP_GROUP_UNAVAILABLE
NOTUSDT,15m,UNAVAILABLE,,,,,,,CAP_GROUP_UNAVAILABLE
NOTUSDT,1h,UNAVAILABLE,,,,,,,CAP_GROUP_UNAVAILABLE
NXPCUSDT,5m,UNAVAILABLE,,,,,,,CAP_GROUP_UNAVAILABLE
NXPCUSDT,15m,UNAVAILABLE,,,,,,,CAP_GROUP_UNAVAILABLE
NXPCUSDT,1h,UNAVAILABLE,,,,,,,CAP_GROUP_UNAVAILABLE
OGNUSDT,5m,UNAVAILABLE,,,,,,,CAP_GROUP_UNAVAILABLE
OGNUSDT,15m,UNAVAILABLE,,,,,,,CAP_GROUP_UNAVAILABLE
OGNUSDT,1h,UNAVAILABLE,,,,,,,CAP_GROUP_UNAVAILABLE
OGUSDT,5m,UNAVAILABLE,,,,,,,CAP_GROUP_UNAVAILABLE
OGUSDT,15m,UNAVAILABLE,,,,,,,CAP_GROUP_UNAVAILABLE
OGUSDT,1h,UNAVAILABLE,,,,,,,CAP_GROUP_UNAVAILABLE
ONDOUSDT,5m,UNAVAILABLE,,,,,,,CAP_GROUP_UNAVAILABLE
ONDOUSDT,15m,UNAVAILABLE,,,,,,,CAP_GROUP_UNAVAILABLE
ONDOUSDT,1h,UNAVAILABLE,,,,,,,CAP_GROUP_UNAVAILABLE
ONEUSDT,5m,UNAVAILABLE,,,,,,,CAP_GROUP_UNAVAILABLE
ONEUSDT,15m,UNAVAILABLE,,,,,,,CAP_GROUP_UNAVAILABLE
ONEUSDT,1h,UNAVAILABLE,,,,,,,CAP_GROUP_UNAVAILABLE
ONGUSDT,5m,UNAVAILABLE,2025-10-04T00:00:00+00:00,2026-10-03T13:17:40+00:00,2026-09-30T14:30:00+00:00,2026-10-03T03:35:00+00:00,,,CAP_GROUP_UNAVAILABLE
ONGUSDT,15m,UNAVAILABLE,2025-10-04T00:00:00+00:00,2026-10-03T13:17:40+00:00,2026-09-29T02:15:00+00:00,2026-10-03T12:15:00+00:00,,,CAP_GROUP_UNAVAILABLE
ONGUSDT,1h,UNAVAILABLE,2025-10-04T00:00:00+00:00,2026-10-03T13:17:40+00:00,2026-09-22T21:00:00+00:00,2026-10-03T11:00:00+00:00,,,CAP_GROUP_UNAVAILABLE
ONUSDT,5m,UNAVAILABLE,,,,,,,CAP_GROUP_UNAVAILABLE
ONUSDT,15m,UNAVAILABLE,,,,,,,CAP_GROUP_UNAVAILABLE
ONUSDT,1h,UNAVAILABLE,,,,,,,CAP_GROUP_UNAVAILABLE
OPENUSDT,5m,UNAVAILABLE,,,,,,,CAP_GROUP_UNAVAILABLE
OPENUSDT,15m,UNAVAILABLE,,,,,,,CAP_GROUP_UNAVAILABLE
OPENUSDT,1h,UNAVAILABLE,,,,,,,CAP_GROUP_UNAVAILABLE
OPGUSDT,5m,UNAVAILABLE,,,,,,,CAP_GROUP_UNAVAILABLE
OPGUSDT,15m,UNAVAILABLE,,,,,,,CAP_GROUP_UNAVAILABLE
OPGUSDT,1h,UNAVAILABLE,,,,,,,CAP_GROUP_UNAVAILABLE
OPNUSDT,5m,UNAVAILABLE,,,,,,,CAP_GROUP_UNAVAILABLE
OPNUSDT,15m,UNAVAILABLE,,,,,,,CAP_GROUP_UNAVAILABLE
OPNUSDT,1h,UNAVAILABLE,,,,,,,CAP_GROUP_UNAVAILABLE
ORCAUSDT,5m,UNAVAILABLE,,,,,,,CAP_GROUP_UNAVAILABLE
ORCAUSDT,15m,UNAVAILABLE,,,,,,,CAP_GROUP_UNAVAILABLE
ORCAUSDT,1h,UNAVAILABLE,,,,,,,CAP_GROUP_UNAVAILABLE
ORDERUSDT,5m,UNAVAILABLE,,,,,,,CAP_GROUP_UNAVAILABLE
ORDERUSDT,15m,UNAVAILABLE,,,,,,,CAP_GROUP_UNAVAILABLE
ORDERUSDT,1h,UNAVAILABLE,,,,,,,CAP_GROUP_UNAVAILABLE
ORDIUSDT,5m,UNAVAILABLE,,,,,,,CAP_GROUP_UNAVAILABLE
ORDIUSDT,15m,UNAVAILABLE,,,,,,,CAP_GROUP_UNAVAILABLE
ORDIUSDT,1h,UNAVAILABLE,,,,,,,CAP_GROUP_UNAVAILABLE
OUSDT,5m,UNAVAILABLE,,,,,,,CAP_GROUP_UNAVAILABLE
OUSDT,15m,UNAVAILABLE,,,,,,,CAP_GROUP_UNAVAILABLE
OUSDT,1h,UNAVAILABLE,,,,,,,CAP_GROUP_UNAVAILABLE
PARTIUSDT,5m,UNAVAILABLE,,,,,,,CAP_GROUP_UNAVAILABLE
PARTIUSDT,15m,UNAVAILABLE,,,,,,,CAP_GROUP_UNAVAILABLE
PARTIUSDT,1h,UNAVAILABLE,,,,,,,CAP_GROUP_UNAVAILABLE
PAXGUSDT,5m,UNAVAILABLE,,,,,,,CAP_GROUP_UNAVAILABLE
PAXGUSDT,15m,UNAVAILABLE,,,,,,,CAP_GROUP_UNAVAILABLE
PAXGUSDT,1h,UNAVAILABLE,,,,,,,CAP_GROUP_UNAVAILABLE
PENGUUSDT,5m,UNAVAILABLE,,,,,,,CAP_GROUP_UNAVAILABLE
PENGUUSDT,15m,UNAVAILABLE,,,,,,,CAP_GROUP_UNAVAILABLE
PENGUUSDT,1h,UNAVAILABLE,,,,,,,CAP_GROUP_UNAVAILABLE
PEOPLEUSDT,5m,UNAVAILABLE,,,,,,,CAP_GROUP_UNAVAILABLE
PEOPLEUSDT,15m,UNAVAILABLE,,,,,,,CAP_GROUP_UNAVAILABLE
PEOPLEUSDT,1h,UNAVAILABLE,,,,,,,CAP_GROUP_UNAVAILABLE
PHAROSUSDT,5m,UNAVAILABLE,,,,,,,CAP_GROUP_UNAVAILABLE
PHAROSUSDT,15m,UNAVAILABLE,,,,,,,CAP_GROUP_UNAVAILABLE
PHAROSUSDT,1h,UNAVAILABLE,,,,,,,CAP_GROUP_UNAVAILABLE
PHAUSDT,5m,UNAVAILABLE,,,,,,,CAP_GROUP_UNAVAILABLE
PHAUSDT,15m,UNAVAILABLE,,,,,,,CAP_GROUP_UNAVAILABLE
PHAUSDT,1h,UNAVAILABLE,,,,,,,CAP_GROUP_UNAVAILABLE
PIEVERSEUSDT,5m,UNAVAILABLE,,,,,,,CAP_GROUP_UNAVAILABLE
PIEVERSEUSDT,15m,UNAVAILABLE,,,,,,,CAP_GROUP_UNAVAILABLE
PIEVERSEUSDT,1h,UNAVAILABLE,,,,,,,CAP_GROUP_UNAVAILABLE
PIPPINUSDT,5m,UNAVAILABLE,,,,,,,CAP_GROUP_UNAVAILABLE
PIPPINUSDT,15m,UNAVAILABLE,,,,,,,CAP_GROUP_UNAVAILABLE
PIPPINUSDT,1h,UNAVAILABLE,,,,,,,CAP_GROUP_UNAVAILABLE
PIXELUSDT,5m,UNAVAILABLE,,,,,,,CAP_GROUP_UNAVAILABLE
PIXELUSDT,15m,UNAVAILABLE,,,,,,,CAP_GROUP_UNAVAILABLE
PIXELUSDT,1h,UNAVAILABLE,,,,,,,CAP_GROUP_UNAVAILABLE
PLAYUSDT,5m,UNAVAILABLE,,,,,,,CAP_GROUP_UNAVAILABLE
PLAYUSDT,15m,UNAVAILABLE,,,,,,,CAP_GROUP_UNAVAILABLE
PLAYUSDT,1h,UNAVAILABLE,,,,,,,CAP_GROUP_UNAVAILABLE
PNUTUSDT,5m,UNAVAILABLE,,,,,,,CAP_GROUP_UNAVAILABLE
PNUTUSDT,15m,UNAVAILABLE,,,,,,,CAP_GROUP_UNAVAILABLE
PNUTUSDT,1h,UNAVAILABLE,,,,,,,CAP_GROUP_UNAVAILABLE
POLUSDT,5m,UNAVAILABLE,,,,,,,CAP_GROUP_UNAVAILABLE
POLUSDT,15m,UNAVAILABLE,,,,,,,CAP_GROUP_UNAVAILABLE
POLUSDT,1h,UNAVAILABLE,,,,,,,CAP_GROUP_UNAVAILABLE
POLYXUSDT,5m,UNAVAILABLE,,,,,,,CAP_GROUP_UNAVAILABLE
POLYXUSDT,15m,UNAVAILABLE,,,,,,,CAP_GROUP_UNAVAILABLE
POLYXUSDT,1h,UNAVAILABLE,,,,,,,CAP_GROUP_UNAVAILABLE
PONSUSDT,5m,UNAVAILABLE,,,,,,,CAP_GROUP_UNAVAILABLE
PONSUSDT,15m,UNAVAILABLE,,,,,,,CAP_GROUP_UNAVAILABLE
PONSUSDT,1h,UNAVAILABLE,,,,,,,CAP_GROUP_UNAVAILABLE
POPCATUSDT,5m,UNAVAILABLE,,,,,,,CAP_GROUP_UNAVAILABLE
POPCATUSDT,15m,UNAVAILABLE,,,,,,,CAP_GROUP_UNAVAILABLE
POPCATUSDT,1h,UNAVAILABLE,,,,,,,CAP_GROUP_UNAVAILABLE
PORTALUSDT,5m,UNAVAILABLE,,,,,,,CAP_GROUP_UNAVAILABLE
PORTALUSDT,15m,UNAVAILABLE,,,,,,,CAP_GROUP_UNAVAILABLE
PORTALUSDT,1h,UNAVAILABLE,,,,,,,CAP_GROUP_UNAVAILABLE
POWERUSDT,5m,UNAVAILABLE,2025-12-05T00:00:00+00:00,2026-10-03T13:32:30+00:00,2026-09-30T14:40:00+00:00,2026-10-03T05:55:00+00:00,,,CAP_GROUP_UNAVAILABLE
POWERUSDT,15m,UNAVAILABLE,2025-12-05T00:00:00+00:00,2026-10-03T13:32:30+00:00,2026-09-29T04:45:00+00:00,2026-10-03T12:00:00+00:00,,,CAP_GROUP_UNAVAILABLE
POWERUSDT,1h,UNAVAILABLE,2025-12-05T00:00:00+00:00,2026-10-03T13:32:30+00:00,2026-09-22T22:00:00+00:00,2026-10-03T11:00:00+00:00,,,CAP_GROUP_UNAVAILABLE
POWRUSDT,5m,UNAVAILABLE,,,,,,,CAP_GROUP_UNAVAILABLE
POWRUSDT,15m,UNAVAILABLE,,,,,,,CAP_GROUP_UNAVAILABLE
POWRUSDT,1h,UNAVAILABLE,,,,,,,CAP_GROUP_UNAVAILABLE
PRLUSDT,5m,UNAVAILABLE,,,,,,,CAP_GROUP_UNAVAILABLE
PRLUSDT,15m,UNAVAILABLE,,,,,,,CAP_GROUP_UNAVAILABLE
PRLUSDT,1h,UNAVAILABLE,,,,,,,CAP_GROUP_UNAVAILABLE
PROMPTUSDT,5m,UNAVAILABLE,,,,,,,CAP_GROUP_UNAVAILABLE
PROMPTUSDT,15m,UNAVAILABLE,,,,,,,CAP_GROUP_UNAVAILABLE
PROMPTUSDT,1h,UNAVAILABLE,,,,,,,CAP_GROUP_UNAVAILABLE
PROMUSDT,5m,UNAVAILABLE,,,,,,,CAP_GROUP_UNAVAILABLE
PROMUSDT,15m,UNAVAILABLE,,,,,,,CAP_GROUP_UNAVAILABLE
PROMUSDT,1h,UNAVAILABLE,,,,,,,CAP_GROUP_UNAVAILABLE
PROVEUSDT,5m,UNAVAILABLE,,,,,,,CAP_GROUP_UNAVAILABLE
PROVEUSDT,15m,UNAVAILABLE,,,,,,,CAP_GROUP_UNAVAILABLE
PROVEUSDT,1h,UNAVAILABLE,,,,,,,CAP_GROUP_UNAVAILABLE
PTBUSDT,5m,UNAVAILABLE,,,,,,,CAP_GROUP_UNAVAILABLE
PTBUSDT,15m,UNAVAILABLE,,,,,,,CAP_GROUP_UNAVAILABLE
PTBUSDT,1h,UNAVAILABLE,,,,,,,CAP_GROUP_UNAVAILABLE
PUMPBTCUSDT,5m,UNAVAILABLE,,,,,,,CAP_GROUP_UNAVAILABLE
PUMPBTCUSDT,15m,UNAVAILABLE,,,,,,,CAP_GROUP_UNAVAILABLE
PUMPBTCUSDT,1h,UNAVAILABLE,,,,,,,CAP_GROUP_UNAVAILABLE
PUMPUSDT,5m,UNAVAILABLE,,,,,,,CAP_GROUP_UNAVAILABLE
PUMPUSDT,15m,UNAVAILABLE,,,,,,,CAP_GROUP_UNAVAILABLE
PUMPUSDT,1h,UNAVAILABLE,,,,,,,CAP_GROUP_UNAVAILABLE
PUNDIXUSDT,5m,UNAVAILABLE,,,,,,,CAP_GROUP_UNAVAILABLE
PUNDIXUSDT,15m,UNAVAILABLE,,,,,,,CAP_GROUP_UNAVAILABLE
PUNDIXUSDT,1h,UNAVAILABLE,,,,,,,CAP_GROUP_UNAVAILABLE
QNTUSDT,5m,UNAVAILABLE,,,,,,,CAP_GROUP_UNAVAILABLE
QNTUSDT,15m,UNAVAILABLE,,,,,,,CAP_GROUP_UNAVAILABLE
QNTUSDT,1h,UNAVAILABLE,,,,,,,CAP_GROUP_UNAVAILABLE
QTUMUSDT,5m,UNAVAILABLE,,,,,,,CAP_GROUP_UNAVAILABLE
QTUMUSDT,15m,UNAVAILABLE,,,,,,,CAP_GROUP_UNAVAILABLE
QTUMUSDT,1h,UNAVAILABLE,,,,,,,CAP_GROUP_UNAVAILABLE
QUSDT,5m,UNAVAILABLE,,,,,,,CAP_GROUP_UNAVAILABLE
QUSDT,15m,UNAVAILABLE,,,,,,,CAP_GROUP_UNAVAILABLE
QUSDT,1h,UNAVAILABLE,,,,,,,CAP_GROUP_UNAVAILABLE
RAREUSDT,5m,UNAVAILABLE,,,,,,,CAP_GROUP_UNAVAILABLE
RAREUSDT,15m,UNAVAILABLE,,,,,,,CAP_GROUP_UNAVAILABLE
RAREUSDT,1h,UNAVAILABLE,,,,,,,CAP_GROUP_UNAVAILABLE
RAYSOLUSDT,5m,UNAVAILABLE,,,,,,,CAP_GROUP_UNAVAILABLE
RAYSOLUSDT,15m,UNAVAILABLE,,,,,,,CAP_GROUP_UNAVAILABLE
RAYSOLUSDT,1h,UNAVAILABLE,,,,,,,CAP_GROUP_UNAVAILABLE
RECALLUSDT,5m,UNAVAILABLE,,,,,,,CAP_GROUP_UNAVAILABLE
RECALLUSDT,15m,UNAVAILABLE,,,,,,,CAP_GROUP_UNAVAILABLE
RECALLUSDT,1h,UNAVAILABLE,,,,,,,CAP_GROUP_UNAVAILABLE
REDUSDT,5m,UNAVAILABLE,,,,,,,CAP_GROUP_UNAVAILABLE
REDUSDT,15m,UNAVAILABLE,,,,,,,CAP_GROUP_UNAVAILABLE
REDUSDT,1h,UNAVAILABLE,,,,,,,CAP_GROUP_UNAVAILABLE
RESOLVUSDT,5m,UNAVAILABLE,,,,,,,CAP_GROUP_UNAVAILABLE
RESOLVUSDT,15m,UNAVAILABLE,,,,,,,CAP_GROUP_UNAVAILABLE
RESOLVUSDT,1h,UNAVAILABLE,,,,,,,CAP_GROUP_UNAVAILABLE
REUSDT,5m,UNAVAILABLE,,,,,,,CAP_GROUP_UNAVAILABLE
REUSDT,15m,UNAVAILABLE,,,,,,,CAP_GROUP_UNAVAILABLE
REUSDT,1h,UNAVAILABLE,,,,,,,CAP_GROUP_UNAVAILABLE
REZUSDT,5m,UNAVAILABLE,,,,,,,CAP_GROUP_UNAVAILABLE
REZUSDT,15m,UNAVAILABLE,,,,,,,CAP_GROUP_UNAVAILABLE
REZUSDT,1h,UNAVAILABLE,,,,,,,CAP_GROUP_UNAVAILABLE
RIFUSDT,5m,UNAVAILABLE,,,,,,,CAP_GROUP_UNAVAILABLE
RIFUSDT,15m,UNAVAILABLE,,,,,,,CAP_GROUP_UNAVAILABLE
RIFUSDT,1h,UNAVAILABLE,,,,,,,CAP_GROUP_UNAVAILABLE
RIVERUSDT,5m,UNAVAILABLE,,,,,,,CAP_GROUP_UNAVAILABLE
RIVERUSDT,15m,UNAVAILABLE,,,,,,,CAP_GROUP_UNAVAILABLE
RIVERUSDT,1h,UNAVAILABLE,,,,,,,CAP_GROUP_UNAVAILABLE
RLCUSDT,5m,UNAVAILABLE,,,,,,,CAP_GROUP_UNAVAILABLE
RLCUSDT,15m,UNAVAILABLE,,,,,,,CAP_GROUP_UNAVAILABLE
RLCUSDT,1h,UNAVAILABLE,,,,,,,CAP_GROUP_UNAVAILABLE
ROBOUSDT,5m,UNAVAILABLE,2026-02-27T00:00:00+00:00,2026-10-03T13:27:00+00:00,2026-09-30T14:30:00+00:00,2026-10-03T12:55:00+00:00,,,CAP_GROUP_UNAVAILABLE
ROBOUSDT,15m,UNAVAILABLE,2026-02-27T00:00:00+00:00,2026-10-03T13:27:00+00:00,2026-09-29T04:45:00+00:00,2026-10-03T12:45:00+00:00,,,CAP_GROUP_UNAVAILABLE
ROBOUSDT,1h,UNAVAILABLE,2026-02-27T00:00:00+00:00,2026-10-03T13:27:00+00:00,2026-09-22T22:00:00+00:00,2026-10-03T12:00:00+00:00,,,CAP_GROUP_UNAVAILABLE
RONINUSDT,5m,UNAVAILABLE,,,,,,,CAP_GROUP_UNAVAILABLE
RONINUSDT,15m,UNAVAILABLE,,,,,,,CAP_GROUP_UNAVAILABLE
RONINUSDT,1h,UNAVAILABLE,,,,,,,CAP_GROUP_UNAVAILABLE
RPLUSDT,5m,UNAVAILABLE,,,,,,,CAP_GROUP_UNAVAILABLE
RPLUSDT,15m,UNAVAILABLE,,,,,,,CAP_GROUP_UNAVAILABLE
RPLUSDT,1h,UNAVAILABLE,,,,,,,CAP_GROUP_UNAVAILABLE
RSRUSDT,5m,UNAVAILABLE,,,,,,,CAP_GROUP_UNAVAILABLE
RSRUSDT,15m,UNAVAILABLE,,,,,,,CAP_GROUP_UNAVAILABLE
RSRUSDT,1h,UNAVAILABLE,,,,,,,CAP_GROUP_UNAVAILABLE
RVNUSDT,5m,UNAVAILABLE,,,,,,,CAP_GROUP_UNAVAILABLE
RVNUSDT,15m,UNAVAILABLE,,,,,,,CAP_GROUP_UNAVAILABLE
RVNUSDT,1h,UNAVAILABLE,,,,,,,CAP_GROUP_UNAVAILABLE
SAFEUSDT,5m,UNAVAILABLE,,,,,,,CAP_GROUP_UNAVAILABLE
SAFEUSDT,15m,UNAVAILABLE,,,,,,,CAP_GROUP_UNAVAILABLE
SAFEUSDT,1h,UNAVAILABLE,,,,,,,CAP_GROUP_UNAVAILABLE
SAGAUSDT,5m,UNAVAILABLE,,,,,,,CAP_GROUP_UNAVAILABLE
SAGAUSDT,15m,UNAVAILABLE,,,,,,,CAP_GROUP_UNAVAILABLE
SAGAUSDT,1h,UNAVAILABLE,,,,,,,CAP_GROUP_UNAVAILABLE
SAHARAUSDT,5m,UNAVAILABLE,,,,,,,CAP_GROUP_UNAVAILABLE
SAHARAUSDT,15m,UNAVAILABLE,,,,,,,CAP_GROUP_UNAVAILABLE
SAHARAUSDT,1h,UNAVAILABLE,,,,,,,CAP_GROUP_UNAVAILABLE
SANDUSDT,5m,UNAVAILABLE,,,,,,,CAP_GROUP_UNAVAILABLE
SANDUSDT,15m,UNAVAILABLE,,,,,,,CAP_GROUP_UNAVAILABLE
SANDUSDT,1h,UNAVAILABLE,,,,,,,CAP_GROUP_UNAVAILABLE
SANTOSUSDT,5m,UNAVAILABLE,,,,,,,CAP_GROUP_UNAVAILABLE
SANTOSUSDT,15m,UNAVAILABLE,,,,,,,CAP_GROUP_UNAVAILABLE
SANTOSUSDT,1h,UNAVAILABLE,,,,,,,CAP_GROUP_UNAVAILABLE
SAPIENUSDT,5m,UNAVAILABLE,,,,,,,CAP_GROUP_UNAVAILABLE
SAPIENUSDT,15m,UNAVAILABLE,,,,,,,CAP_GROUP_UNAVAILABLE
SAPIENUSDT,1h,UNAVAILABLE,,,,,,,CAP_GROUP_UNAVAILABLE
SCRUSDT,5m,UNAVAILABLE,,,,,,,CAP_GROUP_UNAVAILABLE
SCRUSDT,15m,UNAVAILABLE,,,,,,,CAP_GROUP_UNAVAILABLE
SCRUSDT,1h,UNAVAILABLE,,,,,,,CAP_GROUP_UNAVAILABLE
SENTUSDT,5m,UNAVAILABLE,,,,,,,CAP_GROUP_UNAVAILABLE
SENTUSDT,15m,UNAVAILABLE,,,,,,,CAP_GROUP_UNAVAILABLE
SENTUSDT,1h,UNAVAILABLE,,,,,,,CAP_GROUP_UNAVAILABLE
SFPUSDT,5m,UNAVAILABLE,,,,,,,CAP_GROUP_UNAVAILABLE
SFPUSDT,15m,UNAVAILABLE,,,,,,,CAP_GROUP_UNAVAILABLE
SFPUSDT,1h,UNAVAILABLE,,,,,,,CAP_GROUP_UNAVAILABLE
SHELLUSDT,5m,UNAVAILABLE,,,,,,,CAP_GROUP_UNAVAILABLE
SHELLUSDT,15m,UNAVAILABLE,,,,,,,CAP_GROUP_UNAVAILABLE
SHELLUSDT,1h,UNAVAILABLE,,,,,,,CAP_GROUP_UNAVAILABLE
SIGNUSDT,5m,UNAVAILABLE,,,,,,,CAP_GROUP_UNAVAILABLE
SIGNUSDT,15m,UNAVAILABLE,,,,,,,CAP_GROUP_UNAVAILABLE
SIGNUSDT,1h,UNAVAILABLE,,,,,,,CAP_GROUP_UNAVAILABLE
SIRENUSDT,5m,UNAVAILABLE,,,,,,,CAP_GROUP_UNAVAILABLE
SIRENUSDT,15m,UNAVAILABLE,,,,,,,CAP_GROUP_UNAVAILABLE
SIRENUSDT,1h,UNAVAILABLE,,,,,,,CAP_GROUP_UNAVAILABLE
SKLUSDT,5m,UNAVAILABLE,2025-10-04T00:00:00+00:00,2026-10-03T13:33:20+00:00,2026-09-30T14:55:00+00:00,2026-10-03T12:30:00+00:00,,,CAP_GROUP_UNAVAILABLE
SKLUSDT,15m,UNAVAILABLE,2025-10-04T00:00:00+00:00,2026-10-03T13:33:20+00:00,2026-09-29T04:45:00+00:00,2026-10-03T12:15:00+00:00,,,CAP_GROUP_UNAVAILABLE
SKLUSDT,1h,UNAVAILABLE,2025-10-04T00:00:00+00:00,2026-10-03T13:33:20+00:00,2026-09-22T23:00:00+00:00,2026-10-03T11:00:00+00:00,,,CAP_GROUP_UNAVAILABLE
SKRUSDT,5m,UNAVAILABLE,,,,,,,CAP_GROUP_UNAVAILABLE
SKRUSDT,15m,UNAVAILABLE,,,,,,,CAP_GROUP_UNAVAILABLE
SKRUSDT,1h,UNAVAILABLE,,,,,,,CAP_GROUP_UNAVAILABLE
SKYAIUSDT,5m,UNAVAILABLE,,,,,,,CAP_GROUP_UNAVAILABLE
SKYAIUSDT,15m,UNAVAILABLE,,,,,,,CAP_GROUP_UNAVAILABLE
SKYAIUSDT,1h,UNAVAILABLE,,,,,,,CAP_GROUP_UNAVAILABLE
SLPUSDT,5m,UNAVAILABLE,,,,,,,CAP_GROUP_UNAVAILABLE
SLPUSDT,15m,UNAVAILABLE,,,,,,,CAP_GROUP_UNAVAILABLE
SLPUSDT,1h,UNAVAILABLE,,,,,,,CAP_GROUP_UNAVAILABLE
SLXUSDT,5m,UNAVAILABLE,,,,,,,CAP_GROUP_UNAVAILABLE
SLXUSDT,15m,UNAVAILABLE,,,,,,,CAP_GROUP_UNAVAILABLE
SLXUSDT,1h,UNAVAILABLE,,,,,,,CAP_GROUP_UNAVAILABLE
SOLVUSDT,5m,UNAVAILABLE,,,,,,,CAP_GROUP_UNAVAILABLE
SOLVUSDT,15m,UNAVAILABLE,,,,,,,CAP_GROUP_UNAVAILABLE
SOLVUSDT,1h,UNAVAILABLE,,,,,,,CAP_GROUP_UNAVAILABLE
SOMIUSDT,5m,UNAVAILABLE,,,,,,,CAP_GROUP_UNAVAILABLE
SOMIUSDT,15m,UNAVAILABLE,,,,,,,CAP_GROUP_UNAVAILABLE
SOMIUSDT,1h,UNAVAILABLE,,,,,,,CAP_GROUP_UNAVAILABLE
SONICUSDT,5m,UNAVAILABLE,,,,,,,CAP_GROUP_UNAVAILABLE
SONICUSDT,15m,UNAVAILABLE,,,,,,,CAP_GROUP_UNAVAILABLE
SONICUSDT,1h,UNAVAILABLE,,,,,,,CAP_GROUP_UNAVAILABLE
SOONUSDT,5m,UNAVAILABLE,,,,,,,CAP_GROUP_UNAVAILABLE
SOONUSDT,15m,UNAVAILABLE,,,,,,,CAP_GROUP_UNAVAILABLE
SOONUSDT,1h,UNAVAILABLE,,,,,,,CAP_GROUP_UNAVAILABLE
SOPHUSDT,5m,UNAVAILABLE,,,,,,,CAP_GROUP_UNAVAILABLE
SOPHUSDT,15m,UNAVAILABLE,,,,,,,CAP_GROUP_UNAVAILABLE
SOPHUSDT,1h,UNAVAILABLE,,,,,,,CAP_GROUP_UNAVAILABLE
SPACEUSDT,5m,UNAVAILABLE,,,,,,,CAP_GROUP_UNAVAILABLE
SPACEUSDT,15m,UNAVAILABLE,,,,,,,CAP_GROUP_UNAVAILABLE
SPACEUSDT,1h,UNAVAILABLE,,,,,,,CAP_GROUP_UNAVAILABLE
SPELLUSDT,5m,UNAVAILABLE,,,,,,,CAP_GROUP_UNAVAILABLE
SPELLUSDT,15m,UNAVAILABLE,,,,,,,CAP_GROUP_UNAVAILABLE
SPELLUSDT,1h,UNAVAILABLE,,,,,,,CAP_GROUP_UNAVAILABLE
SPORTFUNUSDT,5m,UNAVAILABLE,,,,,,,CAP_GROUP_UNAVAILABLE
SPORTFUNUSDT,15m,UNAVAILABLE,,,,,,,CAP_GROUP_UNAVAILABLE
SPORTFUNUSDT,1h,UNAVAILABLE,,,,,,,CAP_GROUP_UNAVAILABLE
SPXUSDT,5m,UNAVAILABLE,,,,,,,CAP_GROUP_UNAVAILABLE
SPXUSDT,15m,UNAVAILABLE,,,,,,,CAP_GROUP_UNAVAILABLE
SPXUSDT,1h,UNAVAILABLE,,,,,,,CAP_GROUP_UNAVAILABLE
SQDUSDT,5m,UNAVAILABLE,,,,,,,CAP_GROUP_UNAVAILABLE
SQDUSDT,15m,UNAVAILABLE,,,,,,,CAP_GROUP_UNAVAILABLE
SQDUSDT,1h,UNAVAILABLE,,,,,,,CAP_GROUP_UNAVAILABLE
SSVUSDT,5m,UNAVAILABLE,,,,,,,CAP_GROUP_UNAVAILABLE
SSVUSDT,15m,UNAVAILABLE,,,,,,,CAP_GROUP_UNAVAILABLE
SSVUSDT,1h,UNAVAILABLE,,,,,,,CAP_GROUP_UNAVAILABLE
STABLEUSDT,5m,UNAVAILABLE,,,,,,,CAP_GROUP_UNAVAILABLE
STABLEUSDT,15m,UNAVAILABLE,,,,,,,CAP_GROUP_UNAVAILABLE
STABLEUSDT,1h,UNAVAILABLE,,,,,,,CAP_GROUP_UNAVAILABLE
STARUSDT,5m,UNAVAILABLE,,,,,,,CAP_GROUP_UNAVAILABLE
STARUSDT,15m,UNAVAILABLE,,,,,,,CAP_GROUP_UNAVAILABLE
STARUSDT,1h,UNAVAILABLE,,,,,,,CAP_GROUP_UNAVAILABLE
STBLUSDT,5m,UNAVAILABLE,,,,,,,CAP_GROUP_UNAVAILABLE
STBLUSDT,15m,UNAVAILABLE,,,,,,,CAP_GROUP_UNAVAILABLE
STBLUSDT,1h,UNAVAILABLE,,,,,,,CAP_GROUP_UNAVAILABLE
STEEMUSDT,5m,UNAVAILABLE,,,,,,,CAP_GROUP_UNAVAILABLE
STEEMUSDT,15m,UNAVAILABLE,,,,,,,CAP_GROUP_UNAVAILABLE
STEEMUSDT,1h,UNAVAILABLE,,,,,,,CAP_GROUP_UNAVAILABLE
STOUSDT,5m,UNAVAILABLE,,,,,,,CAP_GROUP_UNAVAILABLE
STOUSDT,15m,UNAVAILABLE,,,,,,,CAP_GROUP_UNAVAILABLE
STOUSDT,1h,UNAVAILABLE,,,,,,,CAP_GROUP_UNAVAILABLE
SUNUSDT,5m,UNAVAILABLE,,,,,,,CAP_GROUP_UNAVAILABLE
SUNUSDT,15m,UNAVAILABLE,,,,,,,CAP_GROUP_UNAVAILABLE
SUNUSDT,1h,UNAVAILABLE,,,,,,,CAP_GROUP_UNAVAILABLE
SUPERUSDT,5m,UNAVAILABLE,,,,,,,CAP_GROUP_UNAVAILABLE
SUPERUSDT,15m,UNAVAILABLE,,,,,,,CAP_GROUP_UNAVAILABLE
SUPERUSDT,1h,UNAVAILABLE,,,,,,,CAP_GROUP_UNAVAILABLE
SUSDT,5m,UNAVAILABLE,,,,,,,CAP_GROUP_UNAVAILABLE
SUSDT,15m,UNAVAILABLE,,,,,,,CAP_GROUP_UNAVAILABLE
SUSDT,1h,UNAVAILABLE,,,,,,,CAP_GROUP_UNAVAILABLE
SWARMSUSDT,5m,UNAVAILABLE,,,,,,,CAP_GROUP_UNAVAILABLE
SWARMSUSDT,15m,UNAVAILABLE,,,,,,,CAP_GROUP_UNAVAILABLE
SWARMSUSDT,1h,UNAVAILABLE,,,,,,,CAP_GROUP_UNAVAILABLE
SXTUSDT,5m,UNAVAILABLE,,,,,,,CAP_GROUP_UNAVAILABLE
SXTUSDT,15m,UNAVAILABLE,,,,,,,CAP_GROUP_UNAVAILABLE
SXTUSDT,1h,UNAVAILABLE,,,,,,,CAP_GROUP_UNAVAILABLE
SYNUSDT,5m,UNAVAILABLE,,,,,,,CAP_GROUP_UNAVAILABLE
SYNUSDT,15m,UNAVAILABLE,,,,,,,CAP_GROUP_UNAVAILABLE
SYNUSDT,1h,UNAVAILABLE,,,,,,,CAP_GROUP_UNAVAILABLE
SYRUPUSDT,5m,UNAVAILABLE,,,,,,,CAP_GROUP_UNAVAILABLE
SYRUPUSDT,15m,UNAVAILABLE,,,,,,,CAP_GROUP_UNAVAILABLE
SYRUPUSDT,1h,UNAVAILABLE,,,,,,,CAP_GROUP_UNAVAILABLE
TACUSDT,5m,UNAVAILABLE,,,,,,,CAP_GROUP_UNAVAILABLE
TACUSDT,15m,UNAVAILABLE,,,,,,,CAP_GROUP_UNAVAILABLE
TACUSDT,1h,UNAVAILABLE,,,,,,,CAP_GROUP_UNAVAILABLE
TAGUSDT,5m,UNAVAILABLE,,,,,,,CAP_GROUP_UNAVAILABLE
TAGUSDT,15m,UNAVAILABLE,,,,,,,CAP_GROUP_UNAVAILABLE
TAGUSDT,1h,UNAVAILABLE,,,,,,,CAP_GROUP_UNAVAILABLE
TAIKOUSDT,5m,UNAVAILABLE,,,,,,,CAP_GROUP_UNAVAILABLE
TAIKOUSDT,15m,UNAVAILABLE,,,,,,,CAP_GROUP_UNAVAILABLE
TAIKOUSDT,1h,UNAVAILABLE,,,,,,,CAP_GROUP_UNAVAILABLE
TAKEUSDT,5m,UNAVAILABLE,,,,,,,CAP_GROUP_UNAVAILABLE
TAKEUSDT,15m,UNAVAILABLE,,,,,,,CAP_GROUP_UNAVAILABLE
TAKEUSDT,1h,UNAVAILABLE,,,,,,,CAP_GROUP_UNAVAILABLE
TAOUSDT,5m,UNAVAILABLE,,,,,,,CAP_GROUP_UNAVAILABLE
TAOUSDT,15m,UNAVAILABLE,,,,,,,CAP_GROUP_UNAVAILABLE
TAOUSDT,1h,UNAVAILABLE,,,,,,,CAP_GROUP_UNAVAILABLE
TAUSDT,5m,UNAVAILABLE,,,,,,,CAP_GROUP_UNAVAILABLE
TAUSDT,15m,UNAVAILABLE,,,,,,,CAP_GROUP_UNAVAILABLE
TAUSDT,1h,UNAVAILABLE,,,,,,,CAP_GROUP_UNAVAILABLE
THETAUSDT,5m,UNAVAILABLE,,,,,,,CAP_GROUP_UNAVAILABLE
THETAUSDT,15m,UNAVAILABLE,,,,,,,CAP_GROUP_UNAVAILABLE
THETAUSDT,1h,UNAVAILABLE,,,,,,,CAP_GROUP_UNAVAILABLE
THEUSDT,5m,UNAVAILABLE,,,,,,,CAP_GROUP_UNAVAILABLE
THEUSDT,15m,UNAVAILABLE,,,,,,,CAP_GROUP_UNAVAILABLE
THEUSDT,1h,UNAVAILABLE,,,,,,,CAP_GROUP_UNAVAILABLE
TIAUSDT,5m,UNAVAILABLE,,,,,,,CAP_GROUP_UNAVAILABLE
TIAUSDT,15m,UNAVAILABLE,,,,,,,CAP_GROUP_UNAVAILABLE
TIAUSDT,1h,UNAVAILABLE,,,,,,,CAP_GROUP_UNAVAILABLE
TLMUSDT,5m,UNAVAILABLE,,,,,,,CAP_GROUP_UNAVAILABLE
TLMUSDT,15m,UNAVAILABLE,,,,,,,CAP_GROUP_UNAVAILABLE
TLMUSDT,1h,UNAVAILABLE,,,,,,,CAP_GROUP_UNAVAILABLE
TNSRUSDT,5m,UNAVAILABLE,,,,,,,CAP_GROUP_UNAVAILABLE
TNSRUSDT,15m,UNAVAILABLE,,,,,,,CAP_GROUP_UNAVAILABLE
TNSRUSDT,1h,UNAVAILABLE,,,,,,,CAP_GROUP_UNAVAILABLE
TOSHIUSDT,5m,UNAVAILABLE,,,,,,,CAP_GROUP_UNAVAILABLE
TOSHIUSDT,15m,UNAVAILABLE,,,,,,,CAP_GROUP_UNAVAILABLE
TOSHIUSDT,1h,UNAVAILABLE,,,,,,,CAP_GROUP_UNAVAILABLE
TOWNSUSDT,5m,UNAVAILABLE,,,,,,,CAP_GROUP_UNAVAILABLE
TOWNSUSDT,15m,UNAVAILABLE,,,,,,,CAP_GROUP_UNAVAILABLE
TOWNSUSDT,1h,UNAVAILABLE,,,,,,,CAP_GROUP_UNAVAILABLE
TRADOORUSDT,5m,UNAVAILABLE,,,,,,,CAP_GROUP_UNAVAILABLE
TRADOORUSDT,15m,UNAVAILABLE,,,,,,,CAP_GROUP_UNAVAILABLE
TRADOORUSDT,1h,UNAVAILABLE,,,,,,,CAP_GROUP_UNAVAILABLE
TRBUSDT,5m,UNAVAILABLE,,,,,,,CAP_GROUP_UNAVAILABLE
TRBUSDT,15m,UNAVAILABLE,,,,,,,CAP_GROUP_UNAVAILABLE
TRBUSDT,1h,UNAVAILABLE,,,,,,,CAP_GROUP_UNAVAILABLE
TREEUSDT,5m,UNAVAILABLE,,,,,,,CAP_GROUP_UNAVAILABLE
TREEUSDT,15m,UNAVAILABLE,,,,,,,CAP_GROUP_UNAVAILABLE
TREEUSDT,1h,UNAVAILABLE,,,,,,,CAP_GROUP_UNAVAILABLE
TRIAUSDT,5m,UNAVAILABLE,,,,,,,CAP_GROUP_UNAVAILABLE
TRIAUSDT,15m,UNAVAILABLE,,,,,,,CAP_GROUP_UNAVAILABLE
TRIAUSDT,1h,UNAVAILABLE,,,,,,,CAP_GROUP_UNAVAILABLE
TRUMPUSDT,5m,UNAVAILABLE,,,,,,,CAP_GROUP_UNAVAILABLE
TRUMPUSDT,15m,UNAVAILABLE,,,,,,,CAP_GROUP_UNAVAILABLE
TRUMPUSDT,1h,UNAVAILABLE,,,,,,,CAP_GROUP_UNAVAILABLE
TRUSTUSDT,5m,UNAVAILABLE,,,,,,,CAP_GROUP_UNAVAILABLE
TRUSTUSDT,15m,UNAVAILABLE,,,,,,,CAP_GROUP_UNAVAILABLE
TRUSTUSDT,1h,UNAVAILABLE,,,,,,,CAP_GROUP_UNAVAILABLE
TRUTHUSDT,5m,UNAVAILABLE,,,,,,,CAP_GROUP_UNAVAILABLE
TRUTHUSDT,15m,UNAVAILABLE,,,,,,,CAP_GROUP_UNAVAILABLE
TRUTHUSDT,1h,UNAVAILABLE,,,,,,,CAP_GROUP_UNAVAILABLE
TSTUSDT,5m,UNAVAILABLE,,,,,,,CAP_GROUP_UNAVAILABLE
TSTUSDT,15m,UNAVAILABLE,,,,,,,CAP_GROUP_UNAVAILABLE
TSTUSDT,1h,UNAVAILABLE,,,,,,,CAP_GROUP_UNAVAILABLE
TURBOUSDT,5m,UNAVAILABLE,,,,,,,CAP_GROUP_UNAVAILABLE
TURBOUSDT,15m,UNAVAILABLE,,,,,,,CAP_GROUP_UNAVAILABLE
TURBOUSDT,1h,UNAVAILABLE,,,,,,,CAP_GROUP_UNAVAILABLE
TURTLEUSDT,5m,UNAVAILABLE,,,,,,,CAP_GROUP_UNAVAILABLE
TURTLEUSDT,15m,UNAVAILABLE,,,,,,,CAP_GROUP_UNAVAILABLE
TURTLEUSDT,1h,UNAVAILABLE,,,,,,,CAP_GROUP_UNAVAILABLE
TUTUSDT,5m,UNAVAILABLE,,,,,,,CAP_GROUP_UNAVAILABLE
TUTUSDT,15m,UNAVAILABLE,,,,,,,CAP_GROUP_UNAVAILABLE
TUTUSDT,1h,UNAVAILABLE,,,,,,,CAP_GROUP_UNAVAILABLE
TWTUSDT,5m,UNAVAILABLE,,,,,,,CAP_GROUP_UNAVAILABLE
TWTUSDT,15m,UNAVAILABLE,,,,,,,CAP_GROUP_UNAVAILABLE
TWTUSDT,1h,UNAVAILABLE,,,,,,,CAP_GROUP_UNAVAILABLE
UAIUSDT,5m,UNAVAILABLE,,,,,,,CAP_GROUP_UNAVAILABLE
UAIUSDT,15m,UNAVAILABLE,,,,,,,CAP_GROUP_UNAVAILABLE
UAIUSDT,1h,UNAVAILABLE,,,,,,,CAP_GROUP_UNAVAILABLE
UBUSDT,5m,UNAVAILABLE,,,,,,,CAP_GROUP_UNAVAILABLE
UBUSDT,15m,UNAVAILABLE,,,,,,,CAP_GROUP_UNAVAILABLE
UBUSDT,1h,UNAVAILABLE,,,,,,,CAP_GROUP_UNAVAILABLE
UMAUSDT,5m,UNAVAILABLE,,,,,,,CAP_GROUP_UNAVAILABLE
UMAUSDT,15m,UNAVAILABLE,,,,,,,CAP_GROUP_UNAVAILABLE
UMAUSDT,1h,UNAVAILABLE,,,,,,,CAP_GROUP_UNAVAILABLE
UNIUSDT,5m,UNAVAILABLE,,,,,,,CAP_GROUP_UNAVAILABLE
UNIUSDT,15m,UNAVAILABLE,,,,,,,CAP_GROUP_UNAVAILABLE
UNIUSDT,1h,UNAVAILABLE,,,,,,,CAP_GROUP_UNAVAILABLE
USDCUSDT,5m,UNAVAILABLE,,,,,,,CAP_GROUP_UNAVAILABLE
USDCUSDT,15m,UNAVAILABLE,,,,,,,CAP_GROUP_UNAVAILABLE
USDCUSDT,1h,UNAVAILABLE,,,,,,,CAP_GROUP_UNAVAILABLE
USTCUSDT,5m,UNAVAILABLE,,,,,,,CAP_GROUP_UNAVAILABLE
USTCUSDT,15m,UNAVAILABLE,,,,,,,CAP_GROUP_UNAVAILABLE
USTCUSDT,1h,UNAVAILABLE,,,,,,,CAP_GROUP_UNAVAILABLE
USUALUSDT,5m,UNAVAILABLE,,,,,,,CAP_GROUP_UNAVAILABLE
USUALUSDT,15m,UNAVAILABLE,,,,,,,CAP_GROUP_UNAVAILABLE
USUALUSDT,1h,UNAVAILABLE,,,,,,,CAP_GROUP_UNAVAILABLE
USUSDT,5m,UNAVAILABLE,,,,,,,CAP_GROUP_UNAVAILABLE
USUSDT,15m,UNAVAILABLE,,,,,,,CAP_GROUP_UNAVAILABLE
USUSDT,1h,UNAVAILABLE,,,,,,,CAP_GROUP_UNAVAILABLE
VANAUSDT,5m,UNAVAILABLE,,,,,,,CAP_GROUP_UNAVAILABLE
VANAUSDT,15m,UNAVAILABLE,,,,,,,CAP_GROUP_UNAVAILABLE
VANAUSDT,1h,UNAVAILABLE,,,,,,,CAP_GROUP_UNAVAILABLE
VELODROMEUSDT,5m,UNAVAILABLE,,,,,,,CAP_GROUP_UNAVAILABLE
VELODROMEUSDT,15m,UNAVAILABLE,,,,,,,CAP_GROUP_UNAVAILABLE
VELODROMEUSDT,1h,UNAVAILABLE,,,,,,,CAP_GROUP_UNAVAILABLE
VELVETUSDT,5m,UNAVAILABLE,,,,,,,CAP_GROUP_UNAVAILABLE
VELVETUSDT,15m,UNAVAILABLE,,,,,,,CAP_GROUP_UNAVAILABLE
VELVETUSDT,1h,UNAVAILABLE,,,,,,,CAP_GROUP_UNAVAILABLE
VIRTUALUSDT,5m,UNAVAILABLE,,,,,,,CAP_GROUP_UNAVAILABLE
VIRTUALUSDT,15m,UNAVAILABLE,,,,,,,CAP_GROUP_UNAVAILABLE
VIRTUALUSDT,1h,UNAVAILABLE,,,,,,,CAP_GROUP_UNAVAILABLE
VTHOUSDT,5m,UNAVAILABLE,,,,,,,CAP_GROUP_UNAVAILABLE
VTHOUSDT,15m,UNAVAILABLE,,,,,,,CAP_GROUP_UNAVAILABLE
VTHOUSDT,1h,UNAVAILABLE,,,,,,,CAP_GROUP_UNAVAILABLE
VVVUSDT,5m,UNAVAILABLE,,,,,,,CAP_GROUP_UNAVAILABLE
VVVUSDT,15m,UNAVAILABLE,,,,,,,CAP_GROUP_UNAVAILABLE
VVVUSDT,1h,UNAVAILABLE,,,,,,,CAP_GROUP_UNAVAILABLE
WALUSDT,5m,UNAVAILABLE,,,,,,,CAP_GROUP_UNAVAILABLE
WALUSDT,15m,UNAVAILABLE,,,,,,,CAP_GROUP_UNAVAILABLE
WALUSDT,1h,UNAVAILABLE,,,,,,,CAP_GROUP_UNAVAILABLE
WAXPUSDT,5m,UNAVAILABLE,,,,,,,CAP_GROUP_UNAVAILABLE
WAXPUSDT,15m,UNAVAILABLE,,,,,,,CAP_GROUP_UNAVAILABLE
WAXPUSDT,1h,UNAVAILABLE,,,,,,,CAP_GROUP_UNAVAILABLE
WCTUSDT,5m,UNAVAILABLE,,,,,,,CAP_GROUP_UNAVAILABLE
WCTUSDT,15m,UNAVAILABLE,,,,,,,CAP_GROUP_UNAVAILABLE
WCTUSDT,1h,UNAVAILABLE,,,,,,,CAP_GROUP_UNAVAILABLE
WETUSDT,5m,UNAVAILABLE,,,,,,,CAP_GROUP_UNAVAILABLE
WETUSDT,15m,UNAVAILABLE,,,,,,,CAP_GROUP_UNAVAILABLE
WETUSDT,1h,UNAVAILABLE,,,,,,,CAP_GROUP_UNAVAILABLE
WIFUSDT,5m,UNAVAILABLE,,,,,,,CAP_GROUP_UNAVAILABLE
WIFUSDT,15m,UNAVAILABLE,,,,,,,CAP_GROUP_UNAVAILABLE
WIFUSDT,1h,UNAVAILABLE,,,,,,,CAP_GROUP_UNAVAILABLE
WLDUSDT,5m,UNAVAILABLE,,,,,,,CAP_GROUP_UNAVAILABLE
WLDUSDT,15m,UNAVAILABLE,,,,,,,CAP_GROUP_UNAVAILABLE
WLDUSDT,1h,UNAVAILABLE,,,,,,,CAP_GROUP_UNAVAILABLE
WOOUSDT,5m,UNAVAILABLE,,,,,,,CAP_GROUP_UNAVAILABLE
WOOUSDT,15m,UNAVAILABLE,,,,,,,CAP_GROUP_UNAVAILABLE
WOOUSDT,1h,UNAVAILABLE,,,,,,,CAP_GROUP_UNAVAILABLE
XAIUSDT,5m,UNAVAILABLE,,,,,,,CAP_GROUP_UNAVAILABLE
XAIUSDT,15m,UNAVAILABLE,,,,,,,CAP_GROUP_UNAVAILABLE
XAIUSDT,1h,UNAVAILABLE,,,,,,,CAP_GROUP_UNAVAILABLE
XANUSDT,5m,UNAVAILABLE,,,,,,,CAP_GROUP_UNAVAILABLE
XANUSDT,15m,UNAVAILABLE,,,,,,,CAP_GROUP_UNAVAILABLE
XANUSDT,1h,UNAVAILABLE,,,,,,,CAP_GROUP_UNAVAILABLE
XAUTUSDT,5m,UNAVAILABLE,,,,,,,CAP_GROUP_UNAVAILABLE
XAUTUSDT,15m,UNAVAILABLE,,,,,,,CAP_GROUP_UNAVAILABLE
XAUTUSDT,1h,UNAVAILABLE,,,,,,,CAP_GROUP_UNAVAILABLE
XLMUSDT,5m,UNAVAILABLE,,,,,,,CAP_GROUP_UNAVAILABLE
XLMUSDT,15m,UNAVAILABLE,,,,,,,CAP_GROUP_UNAVAILABLE
XLMUSDT,1h,UNAVAILABLE,,,,,,,CAP_GROUP_UNAVAILABLE
XNYUSDT,5m,UNAVAILABLE,,,,,,,CAP_GROUP_UNAVAILABLE
XNYUSDT,15m,UNAVAILABLE,,,,,,,CAP_GROUP_UNAVAILABLE
XNYUSDT,1h,UNAVAILABLE,,,,,,,CAP_GROUP_UNAVAILABLE
XPINUSDT,5m,UNAVAILABLE,2025-10-04T00:00:00+00:00,2026-10-03T13:28:00+00:00,2026-09-30T14:55:00+00:00,2026-10-02T20:10:00+00:00,,,CAP_GROUP_UNAVAILABLE
XPINUSDT,15m,UNAVAILABLE,2025-10-04T00:00:00+00:00,2026-10-03T13:28:00+00:00,2026-09-29T04:45:00+00:00,2026-10-03T12:45:00+00:00,,,CAP_GROUP_UNAVAILABLE
XPINUSDT,1h,UNAVAILABLE,2025-10-04T00:00:00+00:00,2026-10-03T13:28:00+00:00,2026-09-22T23:00:00+00:00,2026-10-03T12:00:00+00:00,,,CAP_GROUP_UNAVAILABLE
XPLUSDT,5m,UNAVAILABLE,,,,,,,CAP_GROUP_UNAVAILABLE
XPLUSDT,15m,UNAVAILABLE,,,,,,,CAP_GROUP_UNAVAILABLE
XPLUSDT,1h,UNAVAILABLE,,,,,,,CAP_GROUP_UNAVAILABLE
XVGUSDT,5m,UNAVAILABLE,,,,,,,CAP_GROUP_UNAVAILABLE
XVGUSDT,15m,UNAVAILABLE,,,,,,,CAP_GROUP_UNAVAILABLE
XVGUSDT,1h,UNAVAILABLE,,,,,,,CAP_GROUP_UNAVAILABLE
XVSUSDT,5m,UNAVAILABLE,,,,,,,CAP_GROUP_UNAVAILABLE
XVSUSDT,15m,UNAVAILABLE,,,,,,,CAP_GROUP_UNAVAILABLE
XVSUSDT,1h,UNAVAILABLE,,,,,,,CAP_GROUP_UNAVAILABLE
YBUSDT,5m,UNAVAILABLE,,,,,,,CAP_GROUP_UNAVAILABLE
YBUSDT,15m,UNAVAILABLE,,,,,,,CAP_GROUP_UNAVAILABLE
YBUSDT,1h,UNAVAILABLE,,,,,,,CAP_GROUP_UNAVAILABLE
YFIUSDT,5m,UNAVAILABLE,,,,,,,CAP_GROUP_UNAVAILABLE
YFIUSDT,15m,UNAVAILABLE,,,,,,,CAP_GROUP_UNAVAILABLE
YFIUSDT,1h,UNAVAILABLE,,,,,,,CAP_GROUP_UNAVAILABLE
YGGUSDT,5m,UNAVAILABLE,,,,,,,CAP_GROUP_UNAVAILABLE
YGGUSDT,15m,UNAVAILABLE,,,,,,,CAP_GROUP_UNAVAILABLE
YGGUSDT,1h,UNAVAILABLE,,,,,,,CAP_GROUP_UNAVAILABLE
ZAMAUSDT,5m,UNAVAILABLE,,,,,,,CAP_GROUP_UNAVAILABLE
ZAMAUSDT,15m,UNAVAILABLE,,,,,,,CAP_GROUP_UNAVAILABLE
ZAMAUSDT,1h,UNAVAILABLE,,,,,,,CAP_GROUP_UNAVAILABLE
ZBTUSDT,5m,UNAVAILABLE,,,,,,,CAP_GROUP_UNAVAILABLE
ZBTUSDT,15m,UNAVAILABLE,,,,,,,CAP_GROUP_UNAVAILABLE
ZBTUSDT,1h,UNAVAILABLE,,,,,,,CAP_GROUP_UNAVAILABLE
ZECUSDT,5m,UNAVAILABLE,,,,,,,CAP_GROUP_UNAVAILABLE
ZECUSDT,15m,UNAVAILABLE,,,,,,,CAP_GROUP_UNAVAILABLE
ZECUSDT,1h,UNAVAILABLE,,,,,,,CAP_GROUP_UNAVAILABLE
ZENUSDT,5m,UNAVAILABLE,,,,,,,CAP_GROUP_UNAVAILABLE
ZENUSDT,15m,UNAVAILABLE,,,,,,,CAP_GROUP_UNAVAILABLE
ZENUSDT,1h,UNAVAILABLE,,,,,,,CAP_GROUP_UNAVAILABLE
ZEREBROUSDT,5m,UNAVAILABLE,,,,,,,CAP_GROUP_UNAVAILABLE
ZEREBROUSDT,15m,UNAVAILABLE,,,,,,,CAP_GROUP_UNAVAILABLE
ZEREBROUSDT,1h,UNAVAILABLE,,,,,,,CAP_GROUP_UNAVAILABLE
ZESTUSDT,5m,UNAVAILABLE,,,,,,,CAP_GROUP_UNAVAILABLE
ZESTUSDT,15m,UNAVAILABLE,,,,,,,CAP_GROUP_UNAVAILABLE
ZESTUSDT,1h,UNAVAILABLE,,,,,,,CAP_GROUP_UNAVAILABLE
ZETAUSDT,5m,UNAVAILABLE,,,,,,,CAP_GROUP_UNAVAILABLE
ZETAUSDT,15m,UNAVAILABLE,,,,,,,CAP_GROUP_UNAVAILABLE
ZETAUSDT,1h,UNAVAILABLE,,,,,,,CAP_GROUP_UNAVAILABLE
ZILUSDT,5m,UNAVAILABLE,,,,,,,CAP_GROUP_UNAVAILABLE
ZILUSDT,15m,UNAVAILABLE,,,,,,,CAP_GROUP_UNAVAILABLE
ZILUSDT,1h,UNAVAILABLE,,,,,,,CAP_GROUP_UNAVAILABLE
ZKCUSDT,5m,UNAVAILABLE,,,,,,,CAP_GROUP_UNAVAILABLE
ZKCUSDT,15m,UNAVAILABLE,,,,,,,CAP_GROUP_UNAVAILABLE
ZKCUSDT,1h,UNAVAILABLE,,,,,,,CAP_GROUP_UNAVAILABLE
ZKPUSDT,5m,UNAVAILABLE,,,,,,,CAP_GROUP_UNAVAILABLE
ZKPUSDT,15m,UNAVAILABLE,,,,,,,CAP_GROUP_UNAVAILABLE
ZKPUSDT,1h,UNAVAILABLE,,,,,,,CAP_GROUP_UNAVAILABLE
ZKUSDT,5m,UNAVAILABLE,,,,,,,CAP_GROUP_UNAVAILABLE
ZKUSDT,15m,UNAVAILABLE,,,,,,,CAP_GROUP_UNAVAILABLE
ZKUSDT,1h,UNAVAILABLE,,,,,,,CAP_GROUP_UNAVAILABLE
ZORAUSDT,5m,UNAVAILABLE,,,,,,,CAP_GROUP_UNAVAILABLE
ZORAUSDT,15m,UNAVAILABLE,,,,,,,CAP_GROUP_UNAVAILABLE
ZORAUSDT,1h,UNAVAILABLE,,,,,,,CAP_GROUP_UNAVAILABLE
ZROUSDT,5m,UNAVAILABLE,,,,,,,CAP_GROUP_UNAVAILABLE
ZROUSDT,15m,UNAVAILABLE,,,,,,,CAP_GROUP_UNAVAILABLE
ZROUSDT,1h,UNAVAILABLE,,,,,,,CAP_GROUP_UNAVAILABLE
ZRXUSDT,5m,UNAVAILABLE,,,,,,,CAP_GROUP_UNAVAILABLE
ZRXUSDT,15m,UNAVAILABLE,,,,,,,CAP_GROUP_UNAVAILABLE
ZRXUSDT,1h,UNAVAILABLE,,,,,,,CAP_GROUP_UNAVAILABLE
哈基米USDT,5m,UNAVAILABLE,,,,,,,CAP_GROUP_UNAVAILABLE
哈基米USDT,15m,UNAVAILABLE,,,,,,,CAP_GROUP_UNAVAILABLE
哈基米USDT,1h,UNAVAILABLE,,,,,,,CAP_GROUP_UNAVAILABLE
币安人生USDT,5m,UNAVAILABLE,,,,,,,CAP_GROUP_UNAVAILABLE
币安人生USDT,15m,UNAVAILABLE,,,,,,,CAP_GROUP_UNAVAILABLE
币安人生USDT,1h,UNAVAILABLE,,,,,,,CAP_GROUP_UNAVAILABLE
我踏马来了USDT,5m,UNAVAILABLE,,,,,,,CAP_GROUP_UNAVAILABLE
我踏马来了USDT,15m,UNAVAILABLE,,,,,,,CAP_GROUP_UNAVAILABLE
我踏马来了USDT,1h,UNAVAILABLE,,,,,,,CAP_GROUP_UNAVAILABLE
牛来USDT,5m,UNAVAILABLE,,,,,,,CAP_GROUP_UNAVAILABLE
牛来USDT,15m,UNAVAILABLE,,,,,,,CAP_GROUP_UNAVAILABLE
牛来USDT,1h,UNAVAILABLE,,,,,,,CAP_GROUP_UNAVAILABLE
龙虾USDT,5m,UNAVAILABLE,,,,,,,CAP_GROUP_UNAVAILABLE
龙虾USDT,15m,UNAVAILABLE,,,,,,,CAP_GROUP_UNAVAILABLE
龙虾USDT,1h,UNAVAILABLE,,,,,,,CAP_GROUP_UNAVAILABLE
