strategy_id,cap_group,symbol,timeframe,trade_count,win_count,loss_count,win_rate,mean_R,expectancy_R,profit_factor,gross_R,net_R,fees,slippage_R,sample_size_label,dataset_label
MID_CAP_FVG_DISCOUNT,MID_CAP,AAVEUSDT,5m,6,3,3,0.5,0.5,0.5,2.0,3.0,2.2185576072594806,78.144239274052,0.39012119637026,VERY_SMALL,AVAILABLE_HISTORICAL_CAP_WINDOW
MID_CAP_FVG_DISCOUNT,MID_CAP,AAVEUSDT,15m,2,1,1,0.5,0.5,0.5,2.0,1.0,0.8768265497925509,12.317345020744918,0.06138672510372459,VERY_SMALL,AVAILABLE_HISTORICAL_CAP_WINDOW
MID_CAP_FVG_DISCOUNT,MID_CAP,AAVEUSDT,1h,0,0,0,,,,,0,,0,0.0,VERY_SMALL,AVAILABLE_HISTORICAL_CAP_WINDOW
SMALL_CAP_VOLUME_BOS,SMALL_CAP,ALTUSDT,5m,1,0,1,0.0,-1.0,-1.0,0.0,-1.0,-1.1148592592592608,11.485925925926063,0.057629629629630315,VERY_SMALL,AVAILABLE_HISTORICAL_CAP_WINDOW
SMALL_CAP_VOLUME_BOS,SMALL_CAP,ALTUSDT,15m,0,0,0,,,,,0,,0,0.0,VERY_SMALL,AVAILABLE_HISTORICAL_CAP_WINDOW
SMALL_CAP_VOLUME_BOS,SMALL_CAP,ALTUSDT,1h,0,0,0,,,,,0,,0,0.0,VERY_SMALL,AVAILABLE_HISTORICAL_CAP_WINDOW
SMALL_CAP_VOLUME_BOS,SMALL_CAP,ARKMUSDT,5m,0,0,0,,,,,0,,0,0.0,VERY_SMALL,AVAILABLE_HISTORICAL_CAP_WINDOW
SMALL_CAP_VOLUME_BOS,SMALL_CAP,ARKMUSDT,15m,0,0,0,,,,,0,,0,0.0,VERY_SMALL,AVAILABLE_HISTORICAL_CAP_WINDOW
SMALL_CAP_VOLUME_BOS,SMALL_CAP,ARKMUSDT,1h,0,0,0,,,,,0,,0,0.0,VERY_SMALL,AVAILABLE_HISTORICAL_CAP_WINDOW
SMALL_CAP_VOLUME_BOS,SMALL_CAP,BLURUSDT,5m,0,0,0,,,,,0,,0,0.0,VERY_SMALL,AVAILABLE_HISTORICAL_CAP_WINDOW
SMALL_CAP_VOLUME_BOS,SMALL_CAP,BLURUSDT,15m,2,1,1,0.5,0.5,0.5,2.0,1.0,0.9064183644189383,9.358163558106163,0.046590817790530814,VERY_SMALL,AVAILABLE_HISTORICAL_CAP_WINDOW
SMALL_CAP_VOLUME_BOS,SMALL_CAP,BLURUSDT,1h,0,0,0,,,,,0,,0,0.0,VERY_SMALL,AVAILABLE_HISTORICAL_CAP_WINDOW
LARGE_CAP_SWEEP_CHOCH,LARGE_CAP,BNBUSDT,5m,74,31,43,0.4189189189189189,0.25675675675675674,0.25675675675675674,1.441860465116279,19.0,3.1001954143295722,1589.9804585670427,7.946102292835214,DESCRIPTIVE,AVAILABLE_HISTORICAL_CAP_WINDOW
LARGE_CAP_SWEEP_CHOCH,LARGE_CAP,BNBUSDT,15m,11,2,9,0.18181818181818182,-0.45454545454545453,-0.45454545454545453,0.4444444444444444,-5.0,-6.0399157928510565,103.99157928510567,0.5209578964255284,SMALL,AVAILABLE_HISTORICAL_CAP_WINDOW
LARGE_CAP_SWEEP_CHOCH,LARGE_CAP,BNBUSDT,1h,15,8,7,0.5333333333333333,0.6,0.6,2.2857142857142856,9.0,7.807766376594435,119.22336234055652,0.5943168117027826,SMALL,AVAILABLE_HISTORICAL_CAP_WINDOW
SMALL_CAP_VOLUME_BOS,SMALL_CAP,CFXUSDT,5m,0,0,0,,,,,0,,0,0.0,VERY_SMALL,AVAILABLE_HISTORICAL_CAP_WINDOW
SMALL_CAP_VOLUME_BOS,SMALL_CAP,CFXUSDT,15m,0,0,0,,,,,0,,0,0.0,VERY_SMALL,AVAILABLE_HISTORICAL_CAP_WINDOW
SMALL_CAP_VOLUME_BOS,SMALL_CAP,CFXUSDT,1h,0,0,0,,,,,0,,0,0.0,VERY_SMALL,AVAILABLE_HISTORICAL_CAP_WINDOW
SMALL_CAP_VOLUME_BOS,SMALL_CAP,CHIPUSDT,5m,0,0,0,,,,,0,,0,0.0,VERY_SMALL,AVAILABLE_HISTORICAL_CAP_WINDOW
SMALL_CAP_VOLUME_BOS,SMALL_CAP,CHIPUSDT,15m,0,0,0,,,,,0,,0,0.0,VERY_SMALL,AVAILABLE_HISTORICAL_CAP_WINDOW
SMALL_CAP_VOLUME_BOS,SMALL_CAP,CHIPUSDT,1h,0,0,0,,,,,0,,0,0.0,VERY_SMALL,AVAILABLE_HISTORICAL_CAP_WINDOW
SMALL_CAP_VOLUME_BOS,SMALL_CAP,DEXEUSDT,5m,0,0,0,,,,,0,,0,0.0,VERY_SMALL,AVAILABLE_HISTORICAL_CAP_WINDOW
SMALL_CAP_VOLUME_BOS,SMALL_CAP,DEXEUSDT,15m,0,0,0,,,,,0,,0,0.0,VERY_SMALL,AVAILABLE_HISTORICAL_CAP_WINDOW
SMALL_CAP_VOLUME_BOS,SMALL_CAP,DEXEUSDT,1h,0,0,0,,,,,0,,0,0.0,VERY_SMALL,AVAILABLE_HISTORICAL_CAP_WINDOW
LARGE_CAP_SWEEP_CHOCH,LARGE_CAP,DOGEUSDT,5m,67,26,41,0.3880597014925373,0.16417910447761194,0.16417910447761194,1.2682926829268293,11.0,2.957882699954843,804.2117300045157,4.01885865002258,DESCRIPTIVE,AVAILABLE_HISTORICAL_CAP_WINDOW
LARGE_CAP_SWEEP_CHOCH,LARGE_CAP,DOGEUSDT,15m,14,5,9,0.35714285714285715,0.07142857142857142,0.07142857142857142,1.1111111111111112,1.0,0.21798724793832003,78.20127520616794,0.39080637603083973,SMALL,AVAILABLE_HISTORICAL_CAP_WINDOW
LARGE_CAP_SWEEP_CHOCH,LARGE_CAP,DOGEUSDT,1h,16,7,9,0.4375,0.3125,0.3125,1.5555555555555556,5.0,4.369580383241949,63.04196167580501,0.3142098083790251,SMALL,AVAILABLE_HISTORICAL_CAP_WINDOW
SMALL_CAP_VOLUME_BOS,SMALL_CAP,DYDXUSDT,5m,1,0,1,0.0,-1.0,-1.0,0.0,-1.0,-1.0756000000000006,7.560000000000046,0.03800000000000023,VERY_SMALL,AVAILABLE_HISTORICAL_CAP_WINDOW
SMALL_CAP_VOLUME_BOS,SMALL_CAP,DYDXUSDT,15m,0,0,0,,,,,0,,0,0.0,VERY_SMALL,AVAILABLE_HISTORICAL_CAP_WINDOW
SMALL_CAP_VOLUME_BOS,SMALL_CAP,DYDXUSDT,1h,0,0,0,,,,,0,,0,0.0,VERY_SMALL,AVAILABLE_HISTORICAL_CAP_WINDOW
SMALL_CAP_VOLUME_BOS,SMALL_CAP,ESPUSDT,5m,1,0,1,0.0,-1.0,-1.0,0.0,-1.0,-1.0570068965517239,5.700689655172387,0.028703448275861937,VERY_SMALL,AVAILABLE_HISTORICAL_CAP_WINDOW
SMALL_CAP_VOLUME_BOS,SMALL_CAP,ESPUSDT,15m,0,0,0,,,,,0,,0,0.0,VERY_SMALL,AVAILABLE_HISTORICAL_CAP_WINDOW
SMALL_CAP_VOLUME_BOS,SMALL_CAP,ESPUSDT,1h,0,0,0,,,,,0,,0,0.0,VERY_SMALL,AVAILABLE_HISTORICAL_CAP_WINDOW
SMALL_CAP_VOLUME_BOS,SMALL_CAP,FLOWUSDT,5m,0,0,0,,,,,0,,0,0.0,VERY_SMALL,AVAILABLE_HISTORICAL_CAP_WINDOW
SMALL_CAP_VOLUME_BOS,SMALL_CAP,FLOWUSDT,15m,0,0,0,,,,,0,,0,0.0,VERY_SMALL,AVAILABLE_HISTORICAL_CAP_WINDOW
SMALL_CAP_VOLUME_BOS,SMALL_CAP,FLOWUSDT,1h,0,0,0,,,,,0,,0,0.0,VERY_SMALL,AVAILABLE_HISTORICAL_CAP_WINDOW
SMALL_CAP_VOLUME_BOS,SMALL_CAP,FORMUSDT,5m,0,0,0,,,,,0,,0,0.0,VERY_SMALL,AVAILABLE_HISTORICAL_CAP_WINDOW
SMALL_CAP_VOLUME_BOS,SMALL_CAP,FORMUSDT,15m,0,0,0,,,,,0,,0,0.0,VERY_SMALL,AVAILABLE_HISTORICAL_CAP_WINDOW
SMALL_CAP_VOLUME_BOS,SMALL_CAP,FORMUSDT,1h,0,0,0,,,,,0,,0,0.0,VERY_SMALL,AVAILABLE_HISTORICAL_CAP_WINDOW
SMALL_CAP_VOLUME_BOS,SMALL_CAP,GRASSUSDT,5m,1,1,0,1.0,2.0,2.0,inf,2.0,1.949650909090909,5.034909090909087,0.02477454545454543,VERY_SMALL,AVAILABLE_HISTORICAL_CAP_WINDOW
SMALL_CAP_VOLUME_BOS,SMALL_CAP,GRASSUSDT,15m,0,0,0,,,,,0,,0,0.0,VERY_SMALL,AVAILABLE_HISTORICAL_CAP_WINDOW
SMALL_CAP_VOLUME_BOS,SMALL_CAP,GRASSUSDT,1h,0,0,0,,,,,0,,0,0.0,VERY_SMALL,AVAILABLE_HISTORICAL_CAP_WINDOW
SMALL_CAP_VOLUME_BOS,SMALL_CAP,IDUSDT,5m,0,0,0,,,,,0,,0,0.0,VERY_SMALL,AVAILABLE_HISTORICAL_CAP_WINDOW
SMALL_CAP_VOLUME_BOS,SMALL_CAP,IDUSDT,15m,0,0,0,,,,,0,,0,0.0,VERY_SMALL,AVAILABLE_HISTORICAL_CAP_WINDOW
SMALL_CAP_VOLUME_BOS,SMALL_CAP,IDUSDT,1h,0,0,0,,,,,0,,0,0.0,VERY_SMALL,AVAILABLE_HISTORICAL_CAP_WINDOW
SMALL_CAP_VOLUME_BOS,SMALL_CAP,KAITOUSDT,5m,0,0,0,,,,,0,,0,0.0,VERY_SMALL,AVAILABLE_HISTORICAL_CAP_WINDOW
SMALL_CAP_VOLUME_BOS,SMALL_CAP,KAITOUSDT,15m,0,0,0,,,,,0,,0,0.0,VERY_SMALL,AVAILABLE_HISTORICAL_CAP_WINDOW
SMALL_CAP_VOLUME_BOS,SMALL_CAP,KAITOUSDT,1h,0,0,0,,,,,0,,0,0.0,VERY_SMALL,AVAILABLE_HISTORICAL_CAP_WINDOW
SMALL_CAP_VOLUME_BOS,SMALL_CAP,KAVAUSDT,5m,25,11,14,0.44,0.32,0.32,1.5714285714285714,8.0,4.646133756210991,335.3866243789009,1.6753331218945047,SMALL,AVAILABLE_HISTORICAL_CAP_WINDOW
SMALL_CAP_VOLUME_BOS,SMALL_CAP,KAVAUSDT,15m,0,0,0,,,,,0,,0,0.0,VERY_SMALL,AVAILABLE_HISTORICAL_CAP_WINDOW
SMALL_CAP_VOLUME_BOS,SMALL_CAP,KAVAUSDT,1h,0,0,0,,,,,0,,0,0.0,VERY_SMALL,AVAILABLE_HISTORICAL_CAP_WINDOW
SMALL_CAP_VOLUME_BOS,SMALL_CAP,KSMUSDT,5m,0,0,0,,,,,0,,0,0.0,VERY_SMALL,AVAILABLE_HISTORICAL_CAP_WINDOW
SMALL_CAP_VOLUME_BOS,SMALL_CAP,KSMUSDT,15m,0,0,0,,,,,0,,0,0.0,VERY_SMALL,AVAILABLE_HISTORICAL_CAP_WINDOW
SMALL_CAP_VOLUME_BOS,SMALL_CAP,KSMUSDT,1h,0,0,0,,,,,0,,0,0.0,VERY_SMALL,AVAILABLE_HISTORICAL_CAP_WINDOW
LARGE_CAP_SWEEP_CHOCH,LARGE_CAP,LINKUSDT,5m,17,8,9,0.47058823529411764,0.4117647058823529,0.4117647058823529,1.7777777777777777,7.0,5.111103303428098,188.88966965719024,0.9430483482859513,SMALL,AVAILABLE_HISTORICAL_CAP_WINDOW
MID_CAP_FVG_DISCOUNT,MID_CAP,LINKUSDT,5m,397,142,255,0.35768261964735515,0.07304785894206549,0.07304785894206549,1.1137254901960785,29.0,-47.18824465808973,7618.824465808973,38.08832232904489,MORE_RELIABLE_DESCRIPTIVE_SAMPLE,AVAILABLE_HISTORICAL_CAP_WINDOW
LARGE_CAP_SWEEP_CHOCH,LARGE_CAP,LINKUSDT,15m,3,0,3,0.0,-1.0,-1.0,0.0,-3.0,-3.1630385768282405,16.303857682824027,0.08211928841412014,VERY_SMALL,AVAILABLE_HISTORICAL_CAP_WINDOW
MID_CAP_FVG_DISCOUNT,MID_CAP,LINKUSDT,15m,0,0,0,,,,,0,,0,0.0,VERY_SMALL,AVAILABLE_HISTORICAL_CAP_WINDOW
LARGE_CAP_SWEEP_CHOCH,LARGE_CAP,LINKUSDT,1h,1,0,1,0.0,-1.0,-1.0,0.0,-1.0,-1.0070936771025167,0.7093677102516884,0.0037468385512584423,VERY_SMALL,AVAILABLE_HISTORICAL_CAP_WINDOW
MID_CAP_FVG_DISCOUNT,MID_CAP,LINKUSDT,1h,37,11,26,0.2972972972972973,-0.10810810810810811,-0.10810810810810811,0.8461538461538461,-4.0,-6.091270060271411,209.1270060271411,1.0464350301357053,DESCRIPTIVE,AVAILABLE_HISTORICAL_CAP_WINDOW
SMALL_CAP_VOLUME_BOS,SMALL_CAP,LPTUSDT,5m,0,0,0,,,,,0,,0,0.0,VERY_SMALL,AVAILABLE_HISTORICAL_CAP_WINDOW
SMALL_CAP_VOLUME_BOS,SMALL_CAP,LPTUSDT,15m,0,0,0,,,,,0,,0,0.0,VERY_SMALL,AVAILABLE_HISTORICAL_CAP_WINDOW
SMALL_CAP_VOLUME_BOS,SMALL_CAP,LPTUSDT,1h,0,0,0,,,,,0,,0,0.0,VERY_SMALL,AVAILABLE_HISTORICAL_CAP_WINDOW
SMALL_CAP_VOLUME_BOS,SMALL_CAP,MUBARAKUSDT,5m,0,0,0,,,,,0,,0,0.0,VERY_SMALL,AVAILABLE_HISTORICAL_CAP_WINDOW
SMALL_CAP_VOLUME_BOS,SMALL_CAP,MUBARAKUSDT,15m,0,0,0,,,,,0,,0,0.0,VERY_SMALL,AVAILABLE_HISTORICAL_CAP_WINDOW
SMALL_CAP_VOLUME_BOS,SMALL_CAP,MUBARAKUSDT,1h,0,0,0,,,,,0,,0,0.0,VERY_SMALL,AVAILABLE_HISTORICAL_CAP_WINDOW
SMALL_CAP_VOLUME_BOS,SMALL_CAP,NEOUSDT,5m,34,14,20,0.4117647058823529,0.23529411764705882,0.23529411764705882,1.4,8.0,4.096520045351482,390.3479954648521,1.9501399773242605,DESCRIPTIVE,AVAILABLE_HISTORICAL_CAP_WINDOW
SMALL_CAP_VOLUME_BOS,SMALL_CAP,NEOUSDT,15m,0,0,0,,,,,0,,0,0.0,VERY_SMALL,AVAILABLE_HISTORICAL_CAP_WINDOW
SMALL_CAP_VOLUME_BOS,SMALL_CAP,NEOUSDT,1h,0,0,0,,,,,0,,0,0.0,VERY_SMALL,AVAILABLE_HISTORICAL_CAP_WINDOW
SMALL_CAP_VOLUME_BOS,SMALL_CAP,ONTUSDT,5m,7,1,6,0.14285714285714285,-0.5714285714285714,-0.5714285714285714,0.3333333333333333,-4.0,-5.052705643682678,105.27056436826781,0.527152821841339,VERY_SMALL,AVAILABLE_HISTORICAL_CAP_WINDOW
SMALL_CAP_VOLUME_BOS,SMALL_CAP,ONTUSDT,15m,0,0,0,,,,,0,,0,0.0,VERY_SMALL,AVAILABLE_HISTORICAL_CAP_WINDOW
SMALL_CAP_VOLUME_BOS,SMALL_CAP,ONTUSDT,1h,0,0,0,,,,,0,,0,0.0,VERY_SMALL,AVAILABLE_HISTORICAL_CAP_WINDOW
SMALL_CAP_VOLUME_BOS,SMALL_CAP,OPUSDT,5m,0,0,0,,,,,0,,0,0.0,VERY_SMALL,AVAILABLE_HISTORICAL_CAP_WINDOW
SMALL_CAP_VOLUME_BOS,SMALL_CAP,OPUSDT,15m,0,0,0,,,,,0,,0,0.0,VERY_SMALL,AVAILABLE_HISTORICAL_CAP_WINDOW
SMALL_CAP_VOLUME_BOS,SMALL_CAP,OPUSDT,1h,0,0,0,,,,,0,,0,0.0,VERY_SMALL,AVAILABLE_HISTORICAL_CAP_WINDOW
SMALL_CAP_VOLUME_BOS,SMALL_CAP,PENDLEUSDT,5m,0,0,0,,,,,0,,0,0.0,VERY_SMALL,AVAILABLE_HISTORICAL_CAP_WINDOW
SMALL_CAP_VOLUME_BOS,SMALL_CAP,PENDLEUSDT,15m,0,0,0,,,,,0,,0,0.0,VERY_SMALL,AVAILABLE_HISTORICAL_CAP_WINDOW
SMALL_CAP_VOLUME_BOS,SMALL_CAP,PENDLEUSDT,1h,0,0,0,,,,,0,,0,0.0,VERY_SMALL,AVAILABLE_HISTORICAL_CAP_WINDOW
SMALL_CAP_VOLUME_BOS,SMALL_CAP,PLUMEUSDT,5m,0,0,0,,,,,0,,0,0.0,VERY_SMALL,AVAILABLE_HISTORICAL_CAP_WINDOW
SMALL_CAP_VOLUME_BOS,SMALL_CAP,PLUMEUSDT,15m,0,0,0,,,,,0,,0,0.0,VERY_SMALL,AVAILABLE_HISTORICAL_CAP_WINDOW
SMALL_CAP_VOLUME_BOS,SMALL_CAP,PLUMEUSDT,1h,0,0,0,,,,,0,,0,0.0,VERY_SMALL,AVAILABLE_HISTORICAL_CAP_WINDOW
SMALL_CAP_VOLUME_BOS,SMALL_CAP,PYTHUSDT,5m,1,1,0,1.0,2.0,2.0,inf,2.0,1.9126111111111108,8.738888888888908,0.04329444444444454,VERY_SMALL,AVAILABLE_HISTORICAL_CAP_WINDOW
SMALL_CAP_VOLUME_BOS,SMALL_CAP,PYTHUSDT,15m,0,0,0,,,,,0,,0,0.0,VERY_SMALL,AVAILABLE_HISTORICAL_CAP_WINDOW
SMALL_CAP_VOLUME_BOS,SMALL_CAP,PYTHUSDT,1h,0,0,0,,,,,0,,0,0.0,VERY_SMALL,AVAILABLE_HISTORICAL_CAP_WINDOW
SMALL_CAP_VOLUME_BOS,SMALL_CAP,RAVEUSDT,5m,1,0,1,0.0,-1.0,-1.0,0.0,-1.0,-1.15584,15.583999999999985,0.07811999999999994,VERY_SMALL,AVAILABLE_HISTORICAL_CAP_WINDOW
SMALL_CAP_VOLUME_BOS,SMALL_CAP,RAVEUSDT,15m,0,0,0,,,,,0,,0,0.0,VERY_SMALL,AVAILABLE_HISTORICAL_CAP_WINDOW
SMALL_CAP_VOLUME_BOS,SMALL_CAP,RAVEUSDT,1h,0,0,0,,,,,0,,0,0.0,VERY_SMALL,AVAILABLE_HISTORICAL_CAP_WINDOW
MID_CAP_FVG_DISCOUNT,MID_CAP,RENDERUSDT,5m,4,0,4,0.0,-1.0,-1.0,0.0,-4.0,-4.677016082725869,67.7016082725869,0.3393080413629345,VERY_SMALL,AVAILABLE_HISTORICAL_CAP_WINDOW
SMALL_CAP_VOLUME_BOS,SMALL_CAP,RENDERUSDT,5m,0,0,0,,,,,0,,0,0.0,VERY_SMALL,AVAILABLE_HISTORICAL_CAP_WINDOW
MID_CAP_FVG_DISCOUNT,MID_CAP,RENDERUSDT,15m,2,1,1,0.5,0.5,0.5,2.0,1.0,0.8412404259369621,15.875957406303769,0.07917978703151887,VERY_SMALL,AVAILABLE_HISTORICAL_CAP_WINDOW
SMALL_CAP_VOLUME_BOS,SMALL_CAP,RENDERUSDT,15m,0,0,0,,,,,0,,0,0.0,VERY_SMALL,AVAILABLE_HISTORICAL_CAP_WINDOW
MID_CAP_FVG_DISCOUNT,MID_CAP,RENDERUSDT,1h,0,0,0,,,,,0,,0,0.0,VERY_SMALL,AVAILABLE_HISTORICAL_CAP_WINDOW
SMALL_CAP_VOLUME_BOS,SMALL_CAP,RENDERUSDT,1h,0,0,0,,,,,0,,0,0.0,VERY_SMALL,AVAILABLE_HISTORICAL_CAP_WINDOW
SMALL_CAP_VOLUME_BOS,SMALL_CAP,ROSEUSDT,5m,1,0,1,0.0,-1.0,-1.0,0.0,-1.0,-1.1041000000000003,10.410000000000029,0.05225000000000015,VERY_SMALL,AVAILABLE_HISTORICAL_CAP_WINDOW
SMALL_CAP_VOLUME_BOS,SMALL_CAP,ROSEUSDT,15m,0,0,0,,,,,0,,0,0.0,VERY_SMALL,AVAILABLE_HISTORICAL_CAP_WINDOW
SMALL_CAP_VOLUME_BOS,SMALL_CAP,ROSEUSDT,1h,0,0,0,,,,,0,,0,0.0,VERY_SMALL,AVAILABLE_HISTORICAL_CAP_WINDOW
SMALL_CAP_VOLUME_BOS,SMALL_CAP,RUNEUSDT,5m,0,0,0,,,,,0,,0,0.0,VERY_SMALL,AVAILABLE_HISTORICAL_CAP_WINDOW
SMALL_CAP_VOLUME_BOS,SMALL_CAP,RUNEUSDT,15m,0,0,0,,,,,0,,0,0.0,VERY_SMALL,AVAILABLE_HISTORICAL_CAP_WINDOW
SMALL_CAP_VOLUME_BOS,SMALL_CAP,RUNEUSDT,1h,0,0,0,,,,,0,,0,0.0,VERY_SMALL,AVAILABLE_HISTORICAL_CAP_WINDOW
SMALL_CAP_VOLUME_BOS,SMALL_CAP,SEIUSDT,5m,1,1,0,1.0,2.0,2.0,inf,2.0,1.8498736842105286,15.012631578947161,0.07466315789473581,VERY_SMALL,AVAILABLE_HISTORICAL_CAP_WINDOW
SMALL_CAP_VOLUME_BOS,SMALL_CAP,SEIUSDT,15m,0,0,0,,,,,0,,0,0.0,VERY_SMALL,AVAILABLE_HISTORICAL_CAP_WINDOW
SMALL_CAP_VOLUME_BOS,SMALL_CAP,SEIUSDT,1h,0,0,0,,,,,0,,0,0.0,VERY_SMALL,AVAILABLE_HISTORICAL_CAP_WINDOW
MID_CAP_FVG_DISCOUNT,MID_CAP,SKYUSDT,5m,0,0,0,,,,,0,,0,0.0,VERY_SMALL,AVAILABLE_HISTORICAL_CAP_WINDOW
MID_CAP_FVG_DISCOUNT,MID_CAP,SKYUSDT,15m,1,0,1,0.0,-1.0,-1.0,0.0,-1.0,-1.0306525930681207,3.0652593068120786,0.015526296534060393,VERY_SMALL,AVAILABLE_HISTORICAL_CAP_WINDOW
MID_CAP_FVG_DISCOUNT,MID_CAP,SKYUSDT,1h,0,0,0,,,,,0,,0,0.0,VERY_SMALL,AVAILABLE_HISTORICAL_CAP_WINDOW
SMALL_CAP_VOLUME_BOS,SMALL_CAP,SNXUSDT,5m,1,0,1,0.0,-1.0,-1.0,0.0,-1.0,-1.0928363636363623,9.283636363636216,0.04661818181818107,VERY_SMALL,AVAILABLE_HISTORICAL_CAP_WINDOW
SMALL_CAP_VOLUME_BOS,SMALL_CAP,SNXUSDT,15m,0,0,0,,,,,0,,0,0.0,VERY_SMALL,AVAILABLE_HISTORICAL_CAP_WINDOW
SMALL_CAP_VOLUME_BOS,SMALL_CAP,SNXUSDT,1h,0,0,0,,,,,0,,0,0.0,VERY_SMALL,AVAILABLE_HISTORICAL_CAP_WINDOW
LARGE_CAP_SWEEP_CHOCH,LARGE_CAP,SOLUSDT,5m,92,33,59,0.358695652173913,0.07608695652173914,0.07608695652173914,1.11864406779661,7.0,-5.049241761765106,1204.9241761765106,6.023220880882551,DESCRIPTIVE,AVAILABLE_HISTORICAL_CAP_WINDOW
LARGE_CAP_SWEEP_CHOCH,LARGE_CAP,SOLUSDT,15m,43,12,31,0.27906976744186046,-0.16279069767441862,-0.16279069767441862,0.7741935483870968,-7.0,-10.772197731266228,377.2197731266226,1.887498865633113,DESCRIPTIVE,AVAILABLE_HISTORICAL_CAP_WINDOW
LARGE_CAP_SWEEP_CHOCH,LARGE_CAP,SOLUSDT,1h,8,2,6,0.25,-0.25,-0.25,0.6666666666666666,-2.0,-2.305570768763454,30.557076876345405,0.15318538438172705,VERY_SMALL,AVAILABLE_HISTORICAL_CAP_WINDOW
SMALL_CAP_VOLUME_BOS,SMALL_CAP,SPKUSDT,5m,0,0,0,,,,,0,,0,0.0,VERY_SMALL,AVAILABLE_HISTORICAL_CAP_WINDOW
SMALL_CAP_VOLUME_BOS,SMALL_CAP,SPKUSDT,15m,0,0,0,,,,,0,,0,0.0,VERY_SMALL,AVAILABLE_HISTORICAL_CAP_WINDOW
SMALL_CAP_VOLUME_BOS,SMALL_CAP,SPKUSDT,1h,1,0,1,0.0,-1.0,-1.0,0.0,-1.0,-1.0144,1.439999999999999,0.007399999999999995,VERY_SMALL,AVAILABLE_HISTORICAL_CAP_WINDOW
SMALL_CAP_VOLUME_BOS,SMALL_CAP,STRKUSDT,5m,0,0,0,,,,,0,,0,0.0,VERY_SMALL,AVAILABLE_HISTORICAL_CAP_WINDOW
SMALL_CAP_VOLUME_BOS,SMALL_CAP,STRKUSDT,15m,0,0,0,,,,,0,,0,0.0,VERY_SMALL,AVAILABLE_HISTORICAL_CAP_WINDOW
SMALL_CAP_VOLUME_BOS,SMALL_CAP,STRKUSDT,1h,0,0,0,,,,,0,,0,0.0,VERY_SMALL,AVAILABLE_HISTORICAL_CAP_WINDOW
SMALL_CAP_VOLUME_BOS,SMALL_CAP,STXUSDT,5m,0,0,0,,,,,0,,0,0.0,VERY_SMALL,AVAILABLE_HISTORICAL_CAP_WINDOW
SMALL_CAP_VOLUME_BOS,SMALL_CAP,STXUSDT,15m,0,0,0,,,,,0,,0,0.0,VERY_SMALL,AVAILABLE_HISTORICAL_CAP_WINDOW
SMALL_CAP_VOLUME_BOS,SMALL_CAP,STXUSDT,1h,0,0,0,,,,,0,,0,0.0,VERY_SMALL,AVAILABLE_HISTORICAL_CAP_WINDOW
MID_CAP_FVG_DISCOUNT,MID_CAP,SUIUSDT,5m,72,21,51,0.2916666666666667,-0.125,-0.125,0.8235294117647058,-9.0,-16.054649010943844,705.4649010943843,3.529124505471922,DESCRIPTIVE,AVAILABLE_HISTORICAL_CAP_WINDOW
MID_CAP_FVG_DISCOUNT,MID_CAP,SUIUSDT,15m,63,25,38,0.3968253968253968,0.19047619047619047,0.19047619047619047,1.3157894736842106,12.0,7.649536682051801,435.04633179481993,2.1728316589741,DESCRIPTIVE,AVAILABLE_HISTORICAL_CAP_WINDOW
LARGE_CAP_SWEEP_CHOCH,LARGE_CAP,SUIUSDT,1h,0,0,0,,,,,0,,0,0.0,VERY_SMALL,AVAILABLE_HISTORICAL_CAP_WINDOW
MID_CAP_FVG_DISCOUNT,MID_CAP,SUIUSDT,1h,47,14,33,0.2978723404255319,-0.10638297872340426,-0.10638297872340426,0.8484848484848485,-5.0,-7.746157181676594,274.61571816765934,1.3740785908382966,DESCRIPTIVE,AVAILABLE_HISTORICAL_CAP_WINDOW
SMALL_CAP_VOLUME_BOS,SMALL_CAP,SUSHIUSDT,5m,0,0,0,,,,,0,,0,0.0,VERY_SMALL,AVAILABLE_HISTORICAL_CAP_WINDOW
SMALL_CAP_VOLUME_BOS,SMALL_CAP,SUSHIUSDT,15m,0,0,0,,,,,0,,0,0.0,VERY_SMALL,AVAILABLE_HISTORICAL_CAP_WINDOW
SMALL_CAP_VOLUME_BOS,SMALL_CAP,SUSHIUSDT,1h,0,0,0,,,,,0,,0,0.0,VERY_SMALL,AVAILABLE_HISTORICAL_CAP_WINDOW
LARGE_CAP_SWEEP_CHOCH,LARGE_CAP,TRXUSDT,5m,79,34,45,0.43037974683544306,0.2911392405063291,0.2911392405063291,1.511111111111111,23.0,-16.680665842360707,3968.066584236071,19.835732921180355,DESCRIPTIVE,AVAILABLE_HISTORICAL_CAP_WINDOW
LARGE_CAP_SWEEP_CHOCH,LARGE_CAP,TRXUSDT,15m,0,0,0,,,,,0,,0,0.0,VERY_SMALL,AVAILABLE_HISTORICAL_CAP_WINDOW
LARGE_CAP_SWEEP_CHOCH,LARGE_CAP,TRXUSDT,1h,0,0,0,,,,,0,,0,0.0,VERY_SMALL,AVAILABLE_HISTORICAL_CAP_WINDOW
SMALL_CAP_VOLUME_BOS,SMALL_CAP,TUSDT,5m,1,0,1,0.0,-1.0,-1.0,0.0,-1.0,-1.0388000000000002,3.8800000000000168,0.019600000000000083,VERY_SMALL,AVAILABLE_HISTORICAL_CAP_WINDOW
SMALL_CAP_VOLUME_BOS,SMALL_CAP,TUSDT,15m,0,0,0,,,,,0,,0,0.0,VERY_SMALL,AVAILABLE_HISTORICAL_CAP_WINDOW
SMALL_CAP_VOLUME_BOS,SMALL_CAP,TUSDT,1h,0,0,0,,,,,0,,0,0.0,VERY_SMALL,AVAILABLE_HISTORICAL_CAP_WINDOW
SMALL_CAP_VOLUME_BOS,SMALL_CAP,USELESSUSDT,5m,0,0,0,,,,,0,,0,0.0,VERY_SMALL,AVAILABLE_HISTORICAL_CAP_WINDOW
SMALL_CAP_VOLUME_BOS,SMALL_CAP,USELESSUSDT,15m,0,0,0,,,,,0,,0,0.0,VERY_SMALL,AVAILABLE_HISTORICAL_CAP_WINDOW
SMALL_CAP_VOLUME_BOS,SMALL_CAP,USELESSUSDT,1h,0,0,0,,,,,0,,0,0.0,VERY_SMALL,AVAILABLE_HISTORICAL_CAP_WINDOW
MID_CAP_FVG_DISCOUNT,MID_CAP,VETUSDT,5m,0,0,0,,,,,0,,0,0.0,VERY_SMALL,AVAILABLE_HISTORICAL_CAP_WINDOW
SMALL_CAP_VOLUME_BOS,SMALL_CAP,VETUSDT,5m,35,15,20,0.42857142857142855,0.2857142857142857,0.2857142857142857,1.5,10.0,6.453878875787425,354.61211242125745,1.771060562106287,DESCRIPTIVE,AVAILABLE_HISTORICAL_CAP_WINDOW
SMALL_CAP_VOLUME_BOS,SMALL_CAP,VETUSDT,15m,0,0,0,,,,,0,,0,0.0,VERY_SMALL,AVAILABLE_HISTORICAL_CAP_WINDOW
SMALL_CAP_VOLUME_BOS,SMALL_CAP,VETUSDT,1h,0,0,0,,,,,0,,0,0.0,VERY_SMALL,AVAILABLE_HISTORICAL_CAP_WINDOW
MID_CAP_FVG_DISCOUNT,MID_CAP,WLFIUSDT,5m,3,0,3,0.0,-1.0,-1.0,0.0,-3.0,-4.0209347418968955,102.09347418968952,0.5110673709484476,VERY_SMALL,AVAILABLE_HISTORICAL_CAP_WINDOW
MID_CAP_FVG_DISCOUNT,MID_CAP,WLFIUSDT,15m,3,0,3,0.0,-1.0,-1.0,0.0,-3.0,-3.3040060865477012,30.400608654770114,0.15260304327385055,VERY_SMALL,AVAILABLE_HISTORICAL_CAP_WINDOW
MID_CAP_FVG_DISCOUNT,MID_CAP,WLFIUSDT,1h,2,0,2,0.0,-1.0,-1.0,0.0,-2.0,-2.119499194043554,11.949919404355384,0.06014959702177692,VERY_SMALL,AVAILABLE_HISTORICAL_CAP_WINDOW
SMALL_CAP_VOLUME_BOS,SMALL_CAP,WUSDT,5m,0,0,0,,,,,0,,0,0.0,VERY_SMALL,AVAILABLE_HISTORICAL_CAP_WINDOW
SMALL_CAP_VOLUME_BOS,SMALL_CAP,WUSDT,15m,0,0,0,,,,,0,,0,0.0,VERY_SMALL,AVAILABLE_HISTORICAL_CAP_WINDOW
SMALL_CAP_VOLUME_BOS,SMALL_CAP,WUSDT,1h,0,0,0,,,,,0,,0,0.0,VERY_SMALL,AVAILABLE_HISTORICAL_CAP_WINDOW
LARGE_CAP_SWEEP_CHOCH,LARGE_CAP,XMRUSDT,5m,31,5,26,0.16129032258064516,-0.5161290322580645,-0.5161290322580645,0.38461538461538464,-16.0,-18.743944631538408,274.3944631538407,1.3751723157692037,DESCRIPTIVE,AVAILABLE_HISTORICAL_CAP_WINDOW
MID_CAP_FVG_DISCOUNT,MID_CAP,XMRUSDT,5m,294,103,191,0.35034013605442177,0.05102040816326533,0.05102040816326533,1.0785340314136125,15.0,-32.21665926152668,4721.665926152668,23.60532963076331,MORE_RELIABLE_DESCRIPTIVE_SAMPLE,AVAILABLE_HISTORICAL_CAP_WINDOW
LARGE_CAP_SWEEP_CHOCH,LARGE_CAP,XMRUSDT,15m,1,1,0,1.0,2.0,2.0,inf,2.0,1.8834969511847104,11.650304881528971,0.057851524407644864,VERY_SMALL,AVAILABLE_HISTORICAL_CAP_WINDOW
LARGE_CAP_SWEEP_CHOCH,LARGE_CAP,XMRUSDT,1h,0,0,0,,,,,0,,0,0.0,VERY_SMALL,AVAILABLE_HISTORICAL_CAP_WINDOW
LARGE_CAP_SWEEP_CHOCH,LARGE_CAP,XRPUSDT,5m,103,32,71,0.3106796116504854,-0.06796116504854367,-0.06796116504854367,0.9014084507042254,-7.0,-21.701694574788668,1470.169457478867,7.35224728739433,MORE_RELIABLE_DESCRIPTIVE_SAMPLE,AVAILABLE_HISTORICAL_CAP_WINDOW
LARGE_CAP_SWEEP_CHOCH,LARGE_CAP,XRPUSDT,15m,11,5,6,0.45454545454545453,0.36363636363636365,0.36363636363636365,1.6666666666666667,4.0,3.414482235076676,58.55177649233238,0.29195888246166185,SMALL,AVAILABLE_HISTORICAL_CAP_WINDOW
LARGE_CAP_SWEEP_CHOCH,LARGE_CAP,XRPUSDT,1h,13,3,10,0.23076923076923078,-0.3076923076923077,-0.3076923076923077,0.6,-4.0,-4.58087939492284,58.08793949228395,0.2912396974614197,SMALL,AVAILABLE_HISTORICAL_CAP_WINDOW
SMALL_CAP_VOLUME_BOS,SMALL_CAP,XTZUSDT,5m,37,16,21,0.43243243243243246,0.2972972972972973,0.2972972972972973,1.5238095238095237,11.0,6.779646201847154,422.0353798152846,2.1079768990764234,DESCRIPTIVE,AVAILABLE_HISTORICAL_CAP_WINDOW
SMALL_CAP_VOLUME_BOS,SMALL_CAP,XTZUSDT,15m,0,0,0,,,,,0,,0,0.0,VERY_SMALL,AVAILABLE_HISTORICAL_CAP_WINDOW
SMALL_CAP_VOLUME_BOS,SMALL_CAP,XTZUSDT,1h,0,0,0,,,,,0,,0,0.0,VERY_SMALL,AVAILABLE_HISTORICAL_CAP_WINDOW
