key,closed_trades,win_count,loss_count,win_rate,mean_R,gross_R,fees,sample_size_label,dataset_label
2025-10,52,17,35,0.3269230769230769,-0.019230769230769232,-1.0,194.78059686250361,DESCRIPTIVE,AVAILABLE_HISTORICAL_CAP_WINDOW
2025-11,68,16,52,0.23529411764705882,-0.29411764705882354,-20.0,219.71193775987817,DESCRIPTIVE,AVAILABLE_HISTORICAL_CAP_WINDOW
2025-12,64,23,41,0.359375,0.0781250000000002,5.000000000000012,287.37726500174216,DESCRIPTIVE,AVAILABLE_HISTORICAL_CAP_WINDOW
2026-01,881,274,607,0.31101021566401815,-0.06696935300794554,-59.00000000000003,15202.067532471996,MORE_RELIABLE_DESCRIPTIVE_SAMPLE,AVAILABLE_HISTORICAL_CAP_WINDOW
2026-02,848,261,587,0.30778301886792453,-0.07665094339622641,-65.0,11006.727858946013,MORE_RELIABLE_DESCRIPTIVE_SAMPLE,AVAILABLE_HISTORICAL_CAP_WINDOW
2026-03,938,296,642,0.31556503198294245,-0.0533049040511727,-49.99999999999999,16530.33664843282,MORE_RELIABLE_DESCRIPTIVE_SAMPLE,AVAILABLE_HISTORICAL_CAP_WINDOW
2026-04,928,331,597,0.3566810344827586,0.07004310344827586,65.0,19405.15833988475,MORE_RELIABLE_DESCRIPTIVE_SAMPLE,AVAILABLE_HISTORICAL_CAP_WINDOW
2026-05,987,335,652,0.3394123606889564,0.0182370820668693,18.0,18704.605099891836,MORE_RELIABLE_DESCRIPTIVE_SAMPLE,AVAILABLE_HISTORICAL_CAP_WINDOW
2026-06,1154,341,813,0.2954939341421144,-0.11351819757365687,-131.00000000000003,15884.29446552084,MORE_RELIABLE_DESCRIPTIVE_SAMPLE,AVAILABLE_HISTORICAL_CAP_WINDOW
2026-07,1213,410,803,0.33800494641385,0.014014839241549878,17.000000000000004,25463.66426401247,MORE_RELIABLE_DESCRIPTIVE_SAMPLE,AVAILABLE_HISTORICAL_CAP_WINDOW
2026-08,1199,422,777,0.3519599666388657,0.05587989991659716,67.0,24222.72197872156,MORE_RELIABLE_DESCRIPTIVE_SAMPLE,AVAILABLE_HISTORICAL_CAP_WINDOW
2026-09,1172,430,742,0.36689419795221845,0.10068259385665528,117.99999999999999,15551.438189916891,MORE_RELIABLE_DESCRIPTIVE_SAMPLE,AVAILABLE_HISTORICAL_CAP_WINDOW
2026-10,147,61,86,0.41496598639455784,0.24489795918367346,36.0,1846.145183434495,MORE_RELIABLE_DESCRIPTIVE_SAMPLE,AVAILABLE_HISTORICAL_CAP_WINDOW
