strategy_id,cap_group,symbol,timeframe,requested_start,actual_start,requested_end,actual_end,bars,signals_detected,cap_eligible_signals,cross_cap_signal_count,candidates,entries,closed_trades,open_trades,LONG,SHORT,signal_but_no_candidate,candidate_but_no_entry,entry_rejected,no_rr,open_at_end,data_excluded,excluded_by_cap,elapsed_seconds
MID_CAP_FVG_DISCOUNT,MID_CAP,AAVEUSDT,5m,2026-09-30T11:30:00+00:00,2026-09-30T11:30:00+00:00,2026-10-03T13:21:40+00:00,2026-10-03T13:20:00+00:00,826,112,43,0,43,43,22,1,22,0,69,0,0,0,1,0,0,0.055
MID_CAP_FVG_DISCOUNT,MID_CAP,AAVEUSDT,15m,2026-09-29T02:15:00+00:00,2026-09-29T02:15:00+00:00,2026-10-03T13:15:00+00:00,2026-10-03T13:15:00+00:00,424,43,13,0,13,13,8,0,8,0,30,0,0,0,0,0,0,0.031
MID_CAP_FVG_DISCOUNT,MID_CAP,AAVEUSDT,1h,2026-09-22T21:00:00+00:00,2026-09-22T21:00:00+00:00,2026-10-03T11:00:00+00:00,2026-10-03T11:00:00+00:00,255,24,11,0,11,11,3,1,3,0,13,0,0,0,1,0,0,0.015
SMALL_CAP_VOLUME_BOS,SMALL_CAP,ALTUSDT,5m,2026-09-30T14:55:00+00:00,2026-09-30T14:55:00+00:00,2026-10-02T10:10:00+00:00,2026-10-02T10:10:00+00:00,520,9,1,0,1,1,1,0,1,0,8,0,0,0,0,0,0,0.027
SMALL_CAP_VOLUME_BOS,SMALL_CAP,ALTUSDT,15m,2026-09-29T04:45:00+00:00,2026-09-29T04:45:00+00:00,2026-10-03T12:45:00+00:00,2026-10-03T12:45:00+00:00,417,4,2,0,2,2,1,1,1,0,2,0,0,0,1,0,0,0.021
SMALL_CAP_VOLUME_BOS,SMALL_CAP,ALTUSDT,1h,2026-09-22T23:00:00+00:00,2026-09-22T23:00:00+00:00,2026-10-03T12:00:00+00:00,2026-10-03T12:00:00+00:00,254,2,0,0,0,0,0,0,0,0,2,0,0,0,0,0,0,0.012
SMALL_CAP_VOLUME_BOS,SMALL_CAP,ARKMUSDT,5m,2026-09-30T14:50:00+00:00,2026-09-30T14:50:00+00:00,2026-10-02T20:05:00+00:00,2026-10-02T20:05:00+00:00,640,4,1,0,1,1,1,0,1,0,3,0,0,0,0,0,0,0.023
SMALL_CAP_VOLUME_BOS,SMALL_CAP,ARKMUSDT,15m,2026-09-29T04:45:00+00:00,2026-09-29T04:45:00+00:00,2026-10-03T12:15:00+00:00,2026-10-03T12:15:00+00:00,415,5,0,0,0,0,0,0,0,0,5,0,0,0,0,0,0,0.021
SMALL_CAP_VOLUME_BOS,SMALL_CAP,ARKMUSDT,1h,2026-09-22T23:00:00+00:00,2026-09-22T23:00:00+00:00,2026-10-03T11:00:00+00:00,2026-10-03T11:00:00+00:00,253,0,0,0,0,0,0,0,0,0,0,0,0,0,0,0,0,0.015
SMALL_CAP_VOLUME_BOS,SMALL_CAP,BLURUSDT,5m,2026-09-30T14:30:00+00:00,2026-09-30T14:30:00+00:00,2026-10-03T12:25:00+00:00,2026-10-03T12:25:00+00:00,755,7,0,0,0,0,0,0,0,0,7,0,0,0,0,0,0,0.033
SMALL_CAP_VOLUME_BOS,SMALL_CAP,BLURUSDT,15m,2026-09-29T02:15:00+00:00,2026-09-29T02:15:00+00:00,2026-10-03T12:15:00+00:00,2026-10-03T12:15:00+00:00,425,10,3,0,3,3,3,0,3,0,7,0,0,0,0,0,0,0.021
SMALL_CAP_VOLUME_BOS,SMALL_CAP,BLURUSDT,1h,2026-09-22T21:00:00+00:00,2026-09-22T21:00:00+00:00,2026-10-03T11:00:00+00:00,2026-10-03T11:00:00+00:00,255,3,0,0,0,0,0,0,0,0,3,0,0,0,0,0,0,0.01
LARGE_CAP_SWEEP_CHOCH,LARGE_CAP,BNBUSDT,5m,2026-01-06T12:55:00+00:00,2026-01-06T12:55:00+00:00,2026-10-03T13:14:20+00:00,2026-10-03T13:10:00+00:00,77695,2092,669,0,669,669,436,1,436,0,1423,0,0,0,1,0,0,57.319
LARGE_CAP_SWEEP_CHOCH,LARGE_CAP,BNBUSDT,15m,2026-05-27T02:15:00+00:00,2026-05-27T02:15:00+00:00,2026-10-03T13:14:20+00:00,2026-10-03T13:00:00+00:00,12404,290,95,0,95,95,74,1,74,0,195,0,0,0,1,0,0,1.584
LARGE_CAP_SWEEP_CHOCH,LARGE_CAP,BNBUSDT,1h,2025-10-04T00:00:00+00:00,2025-10-01T12:00:00+00:00,2026-10-03T11:00:00+00:00,2026-10-03T11:00:00+00:00,8808,219,69,0,69,69,53,1,53,0,150,0,0,0,1,0,0,0.897
SMALL_CAP_VOLUME_BOS,SMALL_CAP,CFXUSDT,5m,2026-09-30T14:50:00+00:00,2026-09-30T14:50:00+00:00,2026-10-03T02:40:00+00:00,2026-10-03T02:40:00+00:00,717,5,1,0,1,1,1,0,1,0,4,0,0,0,0,0,0,0.037
SMALL_CAP_VOLUME_BOS,SMALL_CAP,CFXUSDT,15m,2026-09-29T04:45:00+00:00,2026-09-29T04:45:00+00:00,2026-10-03T12:15:00+00:00,2026-10-03T12:15:00+00:00,415,0,0,0,0,0,0,0,0,0,0,0,0,0,0,0,0,0.018
SMALL_CAP_VOLUME_BOS,SMALL_CAP,CFXUSDT,1h,2026-09-22T23:00:00+00:00,2026-09-22T23:00:00+00:00,2026-10-03T11:00:00+00:00,2026-10-03T11:00:00+00:00,253,1,0,0,0,0,0,0,0,0,1,0,0,0,0,0,0,0.012
SMALL_CAP_VOLUME_BOS,SMALL_CAP,CHIPUSDT,5m,2026-09-30T14:30:00+00:00,2026-09-30T14:30:00+00:00,2026-10-02T09:45:00+00:00,2026-10-02T09:45:00+00:00,520,3,0,0,0,0,0,0,0,0,3,0,0,0,0,0,0,0.019
SMALL_CAP_VOLUME_BOS,SMALL_CAP,CHIPUSDT,15m,2026-09-29T02:15:00+00:00,2026-09-29T02:15:00+00:00,2026-10-03T09:15:00+00:00,2026-10-03T09:15:00+00:00,413,5,0,0,0,0,0,0,0,0,5,0,0,0,0,0,0,0.017
SMALL_CAP_VOLUME_BOS,SMALL_CAP,CHIPUSDT,1h,2026-09-22T21:00:00+00:00,2026-09-22T21:00:00+00:00,2026-10-03T11:00:00+00:00,2026-10-03T11:00:00+00:00,255,0,0,0,0,0,0,0,0,0,0,0,0,0,0,0,0,0.015
SMALL_CAP_VOLUME_BOS,SMALL_CAP,DEXEUSDT,5m,2026-09-30T14:50:00+00:00,2026-09-30T14:50:00+00:00,2026-10-03T12:30:00+00:00,2026-10-03T12:30:00+00:00,568,8,0,0,0,0,0,0,0,0,8,0,0,0,0,0,0,0.028
SMALL_CAP_VOLUME_BOS,SMALL_CAP,DEXEUSDT,15m,2026-09-29T04:45:00+00:00,2026-09-29T04:45:00+00:00,2026-10-03T12:15:00+00:00,2026-10-03T12:15:00+00:00,414,5,0,0,0,0,0,0,0,0,5,0,0,0,0,0,0,0.022
SMALL_CAP_VOLUME_BOS,SMALL_CAP,DEXEUSDT,1h,2026-09-22T23:00:00+00:00,2026-09-22T23:00:00+00:00,2026-10-03T11:00:00+00:00,2026-10-03T11:00:00+00:00,253,3,0,0,0,0,0,0,0,0,3,0,0,0,0,0,0,0.012
LARGE_CAP_SWEEP_CHOCH,LARGE_CAP,DOGEUSDT,5m,2026-01-06T12:55:00+00:00,2026-01-06T12:55:00+00:00,2026-10-03T13:14:50+00:00,2026-10-03T13:10:00+00:00,77711,1906,627,0,627,627,395,0,395,0,1279,0,0,0,0,0,0,55.714
LARGE_CAP_SWEEP_CHOCH,LARGE_CAP,DOGEUSDT,15m,2026-05-27T02:15:00+00:00,2026-05-27T02:15:00+00:00,2026-10-03T13:14:50+00:00,2026-10-03T13:00:00+00:00,12403,312,105,0,105,105,70,1,70,0,207,0,0,0,1,0,0,1.709
LARGE_CAP_SWEEP_CHOCH,LARGE_CAP,DOGEUSDT,1h,2025-10-04T00:00:00+00:00,2025-10-01T12:00:00+00:00,2026-10-03T11:00:00+00:00,2026-10-03T11:00:00+00:00,8808,256,75,0,75,75,65,0,65,0,181,0,0,0,0,0,0,0.962
SMALL_CAP_VOLUME_BOS,SMALL_CAP,DYDXUSDT,5m,2026-09-30T14:30:00+00:00,2026-09-30T14:30:00+00:00,2026-10-03T12:55:00+00:00,2026-10-03T12:55:00+00:00,795,14,3,0,3,3,3,0,3,0,11,0,0,0,0,0,0,0.024
SMALL_CAP_VOLUME_BOS,SMALL_CAP,DYDXUSDT,15m,2026-09-29T02:15:00+00:00,2026-09-29T02:15:00+00:00,2026-10-03T12:45:00+00:00,2026-10-03T12:45:00+00:00,427,4,0,0,0,0,0,0,0,0,4,0,0,0,0,0,0,0.014
SMALL_CAP_VOLUME_BOS,SMALL_CAP,DYDXUSDT,1h,2026-09-22T21:00:00+00:00,2026-09-22T21:00:00+00:00,2026-10-03T12:00:00+00:00,2026-10-03T12:00:00+00:00,256,2,0,0,0,0,0,0,0,0,2,0,0,0,0,0,0,0.014
SMALL_CAP_VOLUME_BOS,SMALL_CAP,ESPUSDT,5m,2026-09-30T14:30:00+00:00,2026-09-30T14:30:00+00:00,2026-10-03T02:35:00+00:00,2026-10-03T02:35:00+00:00,519,5,4,0,4,4,4,0,4,0,1,0,0,0,0,0,0,0.018
SMALL_CAP_VOLUME_BOS,SMALL_CAP,ESPUSDT,15m,2026-09-29T04:45:00+00:00,2026-09-29T04:45:00+00:00,2026-10-03T12:45:00+00:00,2026-10-03T12:45:00+00:00,417,5,1,0,1,1,1,0,1,0,4,0,0,0,0,0,0,0.017
SMALL_CAP_VOLUME_BOS,SMALL_CAP,ESPUSDT,1h,2026-09-22T22:00:00+00:00,2026-09-22T22:00:00+00:00,2026-10-03T12:00:00+00:00,2026-10-03T12:00:00+00:00,255,6,0,0,0,0,0,0,0,0,6,0,0,0,0,0,0,0.011
SMALL_CAP_VOLUME_BOS,SMALL_CAP,FLOWUSDT,5m,2026-09-30T14:45:00+00:00,2026-09-30T14:45:00+00:00,2026-10-03T12:55:00+00:00,2026-10-03T12:55:00+00:00,794,12,1,0,1,1,1,0,1,0,11,0,0,0,0,0,0,0.024
SMALL_CAP_VOLUME_BOS,SMALL_CAP,FLOWUSDT,15m,2026-09-29T04:45:00+00:00,2026-09-29T04:45:00+00:00,2026-10-03T12:45:00+00:00,2026-10-03T12:45:00+00:00,417,6,1,0,1,1,1,0,1,0,5,0,0,0,0,0,0,0.015
SMALL_CAP_VOLUME_BOS,SMALL_CAP,FLOWUSDT,1h,2026-09-22T22:00:00+00:00,2026-09-22T22:00:00+00:00,2026-10-03T12:00:00+00:00,2026-10-03T12:00:00+00:00,255,2,0,0,0,0,0,0,0,0,2,0,0,0,0,0,0,0.009
SMALL_CAP_VOLUME_BOS,SMALL_CAP,FORMUSDT,5m,2026-09-30T14:45:00+00:00,2026-09-30T14:45:00+00:00,2026-10-03T12:55:00+00:00,2026-10-03T12:55:00+00:00,843,3,0,0,0,0,0,0,0,0,3,0,0,0,0,0,0,0.027
SMALL_CAP_VOLUME_BOS,SMALL_CAP,FORMUSDT,15m,2026-09-29T04:45:00+00:00,2026-09-29T04:45:00+00:00,2026-10-03T12:45:00+00:00,2026-10-03T12:45:00+00:00,417,2,0,0,0,0,0,0,0,0,2,0,0,0,0,0,0,0.021
SMALL_CAP_VOLUME_BOS,SMALL_CAP,FORMUSDT,1h,2026-09-22T22:00:00+00:00,2026-09-22T22:00:00+00:00,2026-10-03T12:00:00+00:00,2026-10-03T12:00:00+00:00,255,1,0,0,0,0,0,0,0,0,1,0,0,0,0,0,0,0.013
SMALL_CAP_VOLUME_BOS,SMALL_CAP,GRASSUSDT,5m,2026-09-30T14:30:00+00:00,2026-09-30T14:30:00+00:00,2026-10-03T12:30:00+00:00,2026-10-03T12:30:00+00:00,767,8,1,0,1,1,1,0,1,0,7,0,0,0,0,0,0,0.027
SMALL_CAP_VOLUME_BOS,SMALL_CAP,GRASSUSDT,15m,2026-09-29T02:15:00+00:00,2026-09-29T02:15:00+00:00,2026-10-03T12:15:00+00:00,2026-10-03T12:15:00+00:00,417,6,1,0,1,1,1,0,1,0,5,0,0,0,0,0,0,0.022
SMALL_CAP_VOLUME_BOS,SMALL_CAP,GRASSUSDT,1h,2026-09-22T21:00:00+00:00,2026-09-22T21:00:00+00:00,2026-10-03T09:00:00+00:00,2026-10-03T09:00:00+00:00,253,5,0,0,0,0,0,0,0,0,5,0,0,0,0,0,0,0.012
SMALL_CAP_VOLUME_BOS,SMALL_CAP,IDUSDT,5m,2026-09-30T14:55:00+00:00,2026-09-30T14:55:00+00:00,2026-10-02T20:10:00+00:00,2026-10-02T20:10:00+00:00,640,3,1,0,1,1,1,0,1,0,2,0,0,0,0,0,0,0.029
SMALL_CAP_VOLUME_BOS,SMALL_CAP,IDUSDT,15m,2026-09-29T04:45:00+00:00,2026-09-29T04:45:00+00:00,2026-10-03T12:15:00+00:00,2026-10-03T12:15:00+00:00,415,3,0,0,0,0,0,0,0,0,3,0,0,0,0,0,0,0.02
SMALL_CAP_VOLUME_BOS,SMALL_CAP,IDUSDT,1h,2026-09-22T23:00:00+00:00,2026-09-22T23:00:00+00:00,2026-10-03T11:00:00+00:00,2026-10-03T11:00:00+00:00,253,0,0,0,0,0,0,0,0,0,0,0,0,0,0,0,0,0.013
SMALL_CAP_VOLUME_BOS,SMALL_CAP,KAITOUSDT,5m,2026-09-30T14:30:00+00:00,2026-09-30T14:30:00+00:00,2026-10-03T12:30:00+00:00,2026-10-03T12:30:00+00:00,354,1,0,0,0,0,0,0,0,0,1,0,0,0,0,0,0,0.018
SMALL_CAP_VOLUME_BOS,SMALL_CAP,KAITOUSDT,15m,2026-09-29T02:15:00+00:00,2026-09-29T02:15:00+00:00,2026-10-03T12:15:00+00:00,2026-10-03T12:15:00+00:00,425,4,0,0,0,0,0,0,0,0,4,0,0,0,0,0,0,0.02
SMALL_CAP_VOLUME_BOS,SMALL_CAP,KAITOUSDT,1h,2026-09-22T21:00:00+00:00,2026-09-22T21:00:00+00:00,2026-10-03T11:00:00+00:00,2026-10-03T11:00:00+00:00,255,0,0,0,0,0,0,0,0,0,0,0,0,0,0,0,0,0.015
SMALL_CAP_VOLUME_BOS,SMALL_CAP,KAVAUSDT,5m,2026-01-06T12:55:00+00:00,2026-01-06T12:55:00+00:00,2026-10-03T12:55:00+00:00,2026-10-03T12:55:00+00:00,77761,950,96,0,144,96,75,0,75,0,806,0,0,0,0,0,48,2.661
SMALL_CAP_VOLUME_BOS,SMALL_CAP,KAVAUSDT,15m,2026-09-29T04:45:00+00:00,2026-09-29T04:45:00+00:00,2026-10-03T12:45:00+00:00,2026-10-03T12:45:00+00:00,417,9,2,0,2,2,2,0,2,0,7,0,0,0,0,0,0,0.016
SMALL_CAP_VOLUME_BOS,SMALL_CAP,KAVAUSDT,1h,2026-09-22T23:00:00+00:00,2026-09-22T23:00:00+00:00,2026-10-03T12:00:00+00:00,2026-10-03T12:00:00+00:00,254,1,0,0,0,0,0,0,0,0,1,0,0,0,0,0,0,0.01
SMALL_CAP_VOLUME_BOS,SMALL_CAP,KSMUSDT,5m,2026-09-30T14:30:00+00:00,2026-09-30T14:30:00+00:00,2026-10-03T02:40:00+00:00,2026-10-03T02:40:00+00:00,664,6,0,0,0,0,0,0,0,0,6,0,0,0,0,0,0,0.02
SMALL_CAP_VOLUME_BOS,SMALL_CAP,KSMUSDT,15m,2026-09-29T02:15:00+00:00,2026-09-29T02:15:00+00:00,2026-10-03T12:15:00+00:00,2026-10-03T12:15:00+00:00,425,8,0,0,0,0,0,0,0,0,8,0,0,0,0,0,0,0.014
SMALL_CAP_VOLUME_BOS,SMALL_CAP,KSMUSDT,1h,2026-09-22T21:00:00+00:00,2026-09-22T21:00:00+00:00,2026-10-03T11:00:00+00:00,2026-10-03T11:00:00+00:00,255,2,0,0,0,0,0,0,0,0,2,0,0,0,0,0,0,0.009
LARGE_CAP_SWEEP_CHOCH,LARGE_CAP,LINKUSDT,5m,2026-01-06T12:55:00+00:00,2026-01-06T12:55:00+00:00,2026-10-03T13:14:20+00:00,2026-10-03T13:10:00+00:00,77685,2067,28,593,621,28,24,0,24,0,1446,0,0,0,0,0,593,48.545
MID_CAP_FVG_DISCOUNT,MID_CAP,LINKUSDT,5m,2026-01-06T12:55:00+00:00,2026-01-06T12:55:00+00:00,2026-10-03T13:14:20+00:00,2026-10-03T13:10:00+00:00,77685,8687,4601,214,4815,4601,2305,0,2305,0,3872,0,0,0,0,0,214,67.444
LARGE_CAP_SWEEP_CHOCH,LARGE_CAP,LINKUSDT,15m,2026-05-27T02:15:00+00:00,2026-05-27T02:15:00+00:00,2026-10-03T13:14:20+00:00,2026-10-03T13:00:00+00:00,12404,315,7,94,101,7,3,0,3,0,214,0,0,0,0,0,94,1.623
MID_CAP_FVG_DISCOUNT,MID_CAP,LINKUSDT,15m,2026-05-27T02:15:00+00:00,2026-05-27T02:15:00+00:00,2026-10-03T13:14:20+00:00,2026-10-03T13:00:00+00:00,12404,1311,630,42,672,630,240,0,240,0,639,0,0,0,0,0,42,2.234
LARGE_CAP_SWEEP_CHOCH,LARGE_CAP,LINKUSDT,1h,2025-10-04T00:00:00+00:00,2025-10-01T12:00:00+00:00,2026-10-03T11:00:00+00:00,2026-10-03T11:00:00+00:00,8808,267,11,68,79,11,10,0,10,0,188,0,0,0,0,0,68,0.869
MID_CAP_FVG_DISCOUNT,MID_CAP,LINKUSDT,1h,2025-10-04T00:00:00+00:00,2025-10-01T12:00:00+00:00,2026-10-03T11:00:00+00:00,2026-10-03T11:00:00+00:00,8808,798,351,65,418,351,200,0,200,0,380,0,0,0,0,0,67,1.063
SMALL_CAP_VOLUME_BOS,SMALL_CAP,LPTUSDT,5m,2026-09-30T14:50:00+00:00,2026-09-30T14:50:00+00:00,2026-10-03T12:20:00+00:00,2026-10-03T12:20:00+00:00,755,7,1,0,1,1,1,0,1,0,6,0,0,0,0,0,0,0.031
SMALL_CAP_VOLUME_BOS,SMALL_CAP,LPTUSDT,15m,2026-09-29T04:45:00+00:00,2026-09-29T04:45:00+00:00,2026-10-03T12:00:00+00:00,2026-10-03T12:00:00+00:00,414,6,0,0,0,0,0,0,0,0,6,0,0,0,0,0,0,0.014
SMALL_CAP_VOLUME_BOS,SMALL_CAP,LPTUSDT,1h,2026-09-22T23:00:00+00:00,2026-09-22T23:00:00+00:00,2026-10-03T11:00:00+00:00,2026-10-03T11:00:00+00:00,253,2,0,0,0,0,0,0,0,0,2,0,0,0,0,0,0,0.01
SMALL_CAP_VOLUME_BOS,SMALL_CAP,MUBARAKUSDT,5m,2026-09-30T14:30:00+00:00,2026-09-30T14:30:00+00:00,2026-10-03T12:20:00+00:00,2026-10-03T12:20:00+00:00,586,4,0,0,0,0,0,0,0,0,4,0,0,0,0,0,0,0.024
SMALL_CAP_VOLUME_BOS,SMALL_CAP,MUBARAKUSDT,15m,2026-09-29T02:15:00+00:00,2026-09-29T02:15:00+00:00,2026-10-03T12:00:00+00:00,2026-10-03T12:00:00+00:00,424,6,0,0,0,0,0,0,0,0,6,0,0,0,0,0,0,0.017
SMALL_CAP_VOLUME_BOS,SMALL_CAP,MUBARAKUSDT,1h,2026-09-22T21:00:00+00:00,2026-09-22T21:00:00+00:00,2026-10-03T11:00:00+00:00,2026-10-03T11:00:00+00:00,255,2,0,0,0,0,0,0,0,0,2,0,0,0,0,0,0,0.009
SMALL_CAP_VOLUME_BOS,SMALL_CAP,NEOUSDT,5m,2026-01-06T12:55:00+00:00,2026-01-06T12:55:00+00:00,2026-10-03T12:25:00+00:00,2026-10-03T12:25:00+00:00,77727,894,143,0,143,143,130,0,130,0,751,0,0,0,0,0,0,3.138
SMALL_CAP_VOLUME_BOS,SMALL_CAP,NEOUSDT,15m,2026-09-29T04:45:00+00:00,2026-09-29T04:45:00+00:00,2026-10-03T12:15:00+00:00,2026-10-03T12:15:00+00:00,415,5,0,0,0,0,0,0,0,0,5,0,0,0,0,0,0,0.022
SMALL_CAP_VOLUME_BOS,SMALL_CAP,NEOUSDT,1h,2026-09-22T23:00:00+00:00,2026-09-22T23:00:00+00:00,2026-10-03T11:00:00+00:00,2026-10-03T11:00:00+00:00,253,1,0,0,0,0,0,0,0,0,1,0,0,0,0,0,0,0.012
SMALL_CAP_VOLUME_BOS,SMALL_CAP,ONTUSDT,5m,2026-01-06T12:55:00+00:00,2026-01-06T12:55:00+00:00,2026-10-03T12:55:00+00:00,2026-10-03T12:55:00+00:00,77755,904,44,0,107,44,38,0,38,0,797,0,0,0,0,0,63,2.589
SMALL_CAP_VOLUME_BOS,SMALL_CAP,ONTUSDT,15m,2026-09-29T04:45:00+00:00,2026-09-29T04:45:00+00:00,2026-10-03T12:45:00+00:00,2026-10-03T12:45:00+00:00,417,5,0,0,0,0,0,0,0,0,5,0,0,0,0,0,0,0.031
SMALL_CAP_VOLUME_BOS,SMALL_CAP,ONTUSDT,1h,2026-09-22T23:00:00+00:00,2026-09-22T23:00:00+00:00,2026-10-03T12:00:00+00:00,2026-10-03T12:00:00+00:00,254,0,0,0,0,0,0,0,0,0,0,0,0,0,0,0,0,0.02
SMALL_CAP_VOLUME_BOS,SMALL_CAP,OPUSDT,5m,2026-09-30T14:30:00+00:00,2026-09-30T14:30:00+00:00,2026-10-03T12:20:00+00:00,2026-10-03T12:20:00+00:00,839,11,1,0,1,1,1,0,1,0,10,0,0,0,0,0,0,0.065
SMALL_CAP_VOLUME_BOS,SMALL_CAP,OPUSDT,15m,2026-09-29T02:15:00+00:00,2026-09-29T02:15:00+00:00,2026-10-03T12:00:00+00:00,2026-10-03T12:00:00+00:00,424,4,0,0,0,0,0,0,0,0,4,0,0,0,0,0,0,0.042
SMALL_CAP_VOLUME_BOS,SMALL_CAP,OPUSDT,1h,2026-09-22T21:00:00+00:00,2026-09-22T21:00:00+00:00,2026-10-03T11:00:00+00:00,2026-10-03T11:00:00+00:00,255,0,0,0,0,0,0,0,0,0,0,0,0,0,0,0,0,0.015
SMALL_CAP_VOLUME_BOS,SMALL_CAP,PENDLEUSDT,5m,2026-09-30T14:30:00+00:00,2026-09-30T14:30:00+00:00,2026-10-03T11:10:00+00:00,2026-10-03T11:10:00+00:00,566,10,1,0,1,1,1,0,1,0,9,0,0,0,0,0,0,0.026
SMALL_CAP_VOLUME_BOS,SMALL_CAP,PENDLEUSDT,15m,2026-09-29T02:15:00+00:00,2026-09-29T02:15:00+00:00,2026-10-03T11:00:00+00:00,2026-10-03T11:00:00+00:00,420,6,0,0,0,0,0,0,0,0,6,0,0,0,0,0,0,0.026
SMALL_CAP_VOLUME_BOS,SMALL_CAP,PENDLEUSDT,1h,2026-09-22T21:00:00+00:00,2026-09-22T21:00:00+00:00,2026-10-03T10:00:00+00:00,2026-10-03T10:00:00+00:00,254,0,0,0,0,0,0,0,0,0,0,0,0,0,0,0,0,0.014
SMALL_CAP_VOLUME_BOS,SMALL_CAP,PLUMEUSDT,5m,2026-09-30T14:30:00+00:00,2026-09-30T14:30:00+00:00,2026-10-02T19:45:00+00:00,2026-10-02T19:45:00+00:00,640,12,1,0,1,1,1,0,1,0,11,0,0,0,0,0,0,0.039
SMALL_CAP_VOLUME_BOS,SMALL_CAP,PLUMEUSDT,15m,2026-09-29T02:15:00+00:00,2026-09-29T02:15:00+00:00,2026-10-03T12:00:00+00:00,2026-10-03T12:00:00+00:00,424,6,0,0,0,0,0,0,0,0,6,0,0,0,0,0,0,0.026
SMALL_CAP_VOLUME_BOS,SMALL_CAP,PLUMEUSDT,1h,2026-09-22T21:00:00+00:00,2026-09-22T21:00:00+00:00,2026-10-03T11:00:00+00:00,2026-10-03T11:00:00+00:00,255,3,1,0,1,1,1,0,1,0,2,0,0,0,0,0,0,0.017
SMALL_CAP_VOLUME_BOS,SMALL_CAP,PYTHUSDT,5m,2026-09-30T14:30:00+00:00,2026-09-30T14:30:00+00:00,2026-10-02T19:45:00+00:00,2026-10-02T19:45:00+00:00,640,8,1,0,1,1,1,0,1,0,7,0,0,0,0,0,0,0.035
SMALL_CAP_VOLUME_BOS,SMALL_CAP,PYTHUSDT,15m,2026-09-29T02:15:00+00:00,2026-09-29T02:15:00+00:00,2026-10-03T12:00:00+00:00,2026-10-03T12:00:00+00:00,424,7,1,0,1,1,1,0,1,0,6,0,0,0,0,0,0,0.023
SMALL_CAP_VOLUME_BOS,SMALL_CAP,PYTHUSDT,1h,2026-09-22T21:00:00+00:00,2026-09-22T21:00:00+00:00,2026-10-03T11:00:00+00:00,2026-10-03T11:00:00+00:00,255,2,0,0,0,0,0,0,0,0,2,0,0,0,0,0,0,0.016
SMALL_CAP_VOLUME_BOS,SMALL_CAP,RAVEUSDT,5m,2026-09-30T14:30:00+00:00,2026-09-30T14:30:00+00:00,2026-10-03T12:40:00+00:00,2026-10-03T12:40:00+00:00,843,4,1,0,1,1,1,0,1,0,3,0,0,0,0,0,0,0.048
SMALL_CAP_VOLUME_BOS,SMALL_CAP,RAVEUSDT,15m,2026-09-29T04:45:00+00:00,2026-09-29T04:45:00+00:00,2026-10-03T12:30:00+00:00,2026-10-03T12:30:00+00:00,416,5,0,0,0,0,0,0,0,0,5,0,0,0,0,0,0,0.021
SMALL_CAP_VOLUME_BOS,SMALL_CAP,RAVEUSDT,1h,2026-09-22T22:00:00+00:00,2026-09-22T22:00:00+00:00,2026-10-03T11:00:00+00:00,2026-10-03T11:00:00+00:00,254,3,0,0,0,0,0,0,0,0,3,0,0,0,0,0,0,0.012
MID_CAP_FVG_DISCOUNT,MID_CAP,RENDERUSDT,5m,2026-09-30T14:30:00+00:00,2026-09-30T14:30:00+00:00,2026-10-03T12:40:00+00:00,2026-10-03T12:40:00+00:00,843,80,12,31,43,12,4,1,4,0,37,0,0,0,1,0,31,0.069
SMALL_CAP_VOLUME_BOS,SMALL_CAP,RENDERUSDT,5m,2026-09-30T14:30:00+00:00,2026-09-30T14:30:00+00:00,2026-10-03T12:40:00+00:00,2026-10-03T12:40:00+00:00,843,3,1,0,1,1,1,0,1,0,2,0,0,0,0,0,0,0.042
MID_CAP_FVG_DISCOUNT,MID_CAP,RENDERUSDT,15m,2026-09-29T02:15:00+00:00,2026-09-29T02:15:00+00:00,2026-10-03T12:30:00+00:00,2026-10-03T12:30:00+00:00,426,40,2,17,19,2,2,0,2,0,21,0,0,0,0,0,17,0.032
SMALL_CAP_VOLUME_BOS,SMALL_CAP,RENDERUSDT,15m,2026-09-29T02:15:00+00:00,2026-09-29T02:15:00+00:00,2026-10-03T12:30:00+00:00,2026-10-03T12:30:00+00:00,426,3,0,0,0,0,0,0,0,0,3,0,0,0,0,0,0,0.022
MID_CAP_FVG_DISCOUNT,MID_CAP,RENDERUSDT,1h,2026-09-22T21:00:00+00:00,2026-09-22T21:00:00+00:00,2026-10-03T11:00:00+00:00,2026-10-03T11:00:00+00:00,255,22,6,2,8,6,2,1,2,0,14,0,0,0,1,0,2,0.018
SMALL_CAP_VOLUME_BOS,SMALL_CAP,RENDERUSDT,1h,2026-09-22T21:00:00+00:00,2026-09-22T21:00:00+00:00,2026-10-03T11:00:00+00:00,2026-10-03T11:00:00+00:00,255,1,0,0,0,0,0,0,0,0,1,0,0,0,0,0,0,0.013
SMALL_CAP_VOLUME_BOS,SMALL_CAP,ROSEUSDT,5m,2026-09-30T14:55:00+00:00,2026-09-30T14:55:00+00:00,2026-10-03T12:25:00+00:00,2026-10-03T12:25:00+00:00,835,7,2,0,2,2,2,0,2,0,5,0,0,0,0,0,0,0.044
SMALL_CAP_VOLUME_BOS,SMALL_CAP,ROSEUSDT,15m,2026-09-29T04:45:00+00:00,2026-09-29T04:45:00+00:00,2026-10-03T12:15:00+00:00,2026-10-03T12:15:00+00:00,415,3,1,0,1,1,1,0,1,0,2,0,0,0,0,0,0,0.026
SMALL_CAP_VOLUME_BOS,SMALL_CAP,ROSEUSDT,1h,2026-09-22T23:00:00+00:00,2026-09-22T23:00:00+00:00,2026-10-03T11:00:00+00:00,2026-10-03T11:00:00+00:00,253,1,0,0,0,0,0,0,0,0,1,0,0,0,0,0,0,0.02
SMALL_CAP_VOLUME_BOS,SMALL_CAP,RUNEUSDT,5m,2026-09-30T14:30:00+00:00,2026-09-30T14:30:00+00:00,2026-10-03T12:20:00+00:00,2026-10-03T12:20:00+00:00,800,3,1,0,1,1,1,0,1,0,2,0,0,0,0,0,0,0.041
SMALL_CAP_VOLUME_BOS,SMALL_CAP,RUNEUSDT,15m,2026-09-29T02:15:00+00:00,2026-09-29T02:15:00+00:00,2026-10-03T12:00:00+00:00,2026-10-03T12:00:00+00:00,419,4,0,0,0,0,0,0,0,0,4,0,0,0,0,0,0,0.021
SMALL_CAP_VOLUME_BOS,SMALL_CAP,RUNEUSDT,1h,2026-09-22T21:00:00+00:00,2026-09-22T21:00:00+00:00,2026-10-03T11:00:00+00:00,2026-10-03T11:00:00+00:00,255,8,1,0,1,1,0,1,0,0,7,0,0,0,1,0,0,0.025
SMALL_CAP_VOLUME_BOS,SMALL_CAP,SEIUSDT,5m,2026-09-30T14:30:00+00:00,2026-09-30T14:30:00+00:00,2026-10-03T12:20:00+00:00,2026-10-03T12:20:00+00:00,836,6,1,0,1,1,1,0,1,0,5,0,0,0,0,0,0,0.046
SMALL_CAP_VOLUME_BOS,SMALL_CAP,SEIUSDT,15m,2026-09-29T02:15:00+00:00,2026-09-29T02:15:00+00:00,2026-10-03T12:00:00+00:00,2026-10-03T12:00:00+00:00,424,1,0,0,0,0,0,0,0,0,1,0,0,0,0,0,0,0.02
SMALL_CAP_VOLUME_BOS,SMALL_CAP,SEIUSDT,1h,2026-09-22T21:00:00+00:00,2026-09-22T21:00:00+00:00,2026-10-03T11:00:00+00:00,2026-10-03T11:00:00+00:00,255,3,0,0,0,0,0,0,0,0,3,0,0,0,0,0,0,0.014
MID_CAP_FVG_DISCOUNT,MID_CAP,SKYUSDT,5m,2026-09-30T14:30:00+00:00,2026-09-30T14:30:00+00:00,2026-10-03T12:20:00+00:00,2026-10-03T12:20:00+00:00,452,49,23,0,23,23,4,1,4,0,26,0,0,0,1,0,0,0.04
MID_CAP_FVG_DISCOUNT,MID_CAP,SKYUSDT,15m,2026-09-29T02:15:00+00:00,2026-09-29T02:15:00+00:00,2026-10-03T12:00:00+00:00,2026-10-03T12:00:00+00:00,420,55,21,0,21,21,9,1,9,0,34,0,0,0,1,0,0,0.031
MID_CAP_FVG_DISCOUNT,MID_CAP,SKYUSDT,1h,2026-09-22T21:00:00+00:00,2026-09-22T21:00:00+00:00,2026-10-03T11:00:00+00:00,2026-10-03T11:00:00+00:00,255,30,15,0,15,15,6,1,6,0,15,0,0,0,1,0,0,0.027
SMALL_CAP_VOLUME_BOS,SMALL_CAP,SNXUSDT,5m,2026-09-30T14:50:00+00:00,2026-09-30T14:50:00+00:00,2026-10-03T12:55:00+00:00,2026-10-03T12:55:00+00:00,779,11,1,0,1,1,1,0,1,0,10,0,0,0,0,0,0,0.039
SMALL_CAP_VOLUME_BOS,SMALL_CAP,SNXUSDT,15m,2026-09-29T04:45:00+00:00,2026-09-29T04:45:00+00:00,2026-10-03T12:45:00+00:00,2026-10-03T12:45:00+00:00,417,1,0,0,0,0,0,0,0,0,1,0,0,0,0,0,0,0.022
SMALL_CAP_VOLUME_BOS,SMALL_CAP,SNXUSDT,1h,2026-09-22T23:00:00+00:00,2026-09-22T23:00:00+00:00,2026-10-03T12:00:00+00:00,2026-10-03T12:00:00+00:00,254,0,0,0,0,0,0,0,0,0,0,0,0,0,0,0,0,0.014
LARGE_CAP_SWEEP_CHOCH,LARGE_CAP,SOLUSDT,5m,2026-01-06T12:55:00+00:00,2026-01-06T12:55:00+00:00,2026-10-03T13:13:30+00:00,2026-10-03T13:10:00+00:00,77718,2017,663,0,663,663,433,0,433,0,1354,0,0,0,0,0,0,57.41
LARGE_CAP_SWEEP_CHOCH,LARGE_CAP,SOLUSDT,15m,2025-10-04T00:00:00+00:00,2025-10-03T09:00:00+00:00,2026-10-03T13:13:30+00:00,2026-10-03T13:00:00+00:00,35053,952,302,0,302,302,216,1,216,0,650,0,0,0,1,0,0,12.65
LARGE_CAP_SWEEP_CHOCH,LARGE_CAP,SOLUSDT,1h,2025-10-04T00:00:00+00:00,2025-10-01T12:00:00+00:00,2026-10-03T12:00:00+00:00,2026-10-03T12:00:00+00:00,8809,237,69,0,69,69,39,1,39,0,168,0,0,0,1,0,0,1.029
SMALL_CAP_VOLUME_BOS,SMALL_CAP,SPKUSDT,5m,2026-09-30T14:30:00+00:00,2026-09-30T14:30:00+00:00,2026-10-03T12:20:00+00:00,2026-10-03T12:20:00+00:00,839,18,3,0,3,3,2,0,2,0,15,0,0,0,0,0,0,0.079
SMALL_CAP_VOLUME_BOS,SMALL_CAP,SPKUSDT,15m,2026-09-29T04:45:00+00:00,2026-09-29T04:45:00+00:00,2026-10-03T12:00:00+00:00,2026-10-03T12:00:00+00:00,414,8,2,0,2,2,2,0,2,0,6,0,0,0,0,0,0,0.08
SMALL_CAP_VOLUME_BOS,SMALL_CAP,SPKUSDT,1h,2026-09-22T22:00:00+00:00,2026-09-22T22:00:00+00:00,2026-10-03T11:00:00+00:00,2026-10-03T11:00:00+00:00,254,7,1,0,1,1,1,0,1,0,6,0,0,0,0,0,0,0.057
SMALL_CAP_VOLUME_BOS,SMALL_CAP,STRKUSDT,5m,2026-09-30T14:30:00+00:00,2026-09-30T14:30:00+00:00,2026-10-02T09:45:00+00:00,2026-10-02T09:45:00+00:00,520,5,0,0,0,0,0,0,0,0,5,0,0,0,0,0,0,0.038
SMALL_CAP_VOLUME_BOS,SMALL_CAP,STRKUSDT,15m,2026-09-29T02:15:00+00:00,2026-09-29T02:15:00+00:00,2026-10-03T12:00:00+00:00,2026-10-03T12:00:00+00:00,424,4,0,0,0,0,0,0,0,0,4,0,0,0,0,0,0,0.024
SMALL_CAP_VOLUME_BOS,SMALL_CAP,STRKUSDT,1h,2026-09-22T21:00:00+00:00,2026-09-22T21:00:00+00:00,2026-10-03T11:00:00+00:00,2026-10-03T11:00:00+00:00,255,0,0,0,0,0,0,0,0,0,0,0,0,0,0,0,0,0.033
SMALL_CAP_VOLUME_BOS,SMALL_CAP,STXUSDT,5m,2026-09-30T14:30:00+00:00,2026-09-30T14:30:00+00:00,2026-10-03T12:20:00+00:00,2026-10-03T12:20:00+00:00,839,7,0,0,0,0,0,0,0,0,7,0,0,0,0,0,0,0.054
SMALL_CAP_VOLUME_BOS,SMALL_CAP,STXUSDT,15m,2026-09-29T02:15:00+00:00,2026-09-29T02:15:00+00:00,2026-10-03T12:00:00+00:00,2026-10-03T12:00:00+00:00,424,6,1,0,1,1,1,0,1,0,5,0,0,0,0,0,0,0.024
SMALL_CAP_VOLUME_BOS,SMALL_CAP,STXUSDT,1h,2026-09-22T21:00:00+00:00,2026-09-22T21:00:00+00:00,2026-10-03T11:00:00+00:00,2026-10-03T11:00:00+00:00,255,8,1,0,1,1,1,0,1,0,7,0,0,0,0,0,0,0.018
MID_CAP_FVG_DISCOUNT,MID_CAP,SUIUSDT,5m,2026-08-19T19:30:00+00:00,2026-08-19T19:30:00+00:00,2026-10-03T13:14:50+00:00,2026-10-03T13:10:00+00:00,12371,1390,692,0,692,692,368,1,368,0,698,0,0,0,1,0,0,2.39
MID_CAP_FVG_DISCOUNT,MID_CAP,SUIUSDT,15m,2026-05-27T02:15:00+00:00,2026-05-27T02:15:00+00:00,2026-10-03T13:14:50+00:00,2026-10-03T13:00:00+00:00,12267,1243,651,0,651,651,348,0,348,0,592,0,0,0,0,0,0,2.492
LARGE_CAP_SWEEP_CHOCH,LARGE_CAP,SUIUSDT,1h,2025-10-04T00:00:00+00:00,2025-10-01T12:00:00+00:00,2026-10-03T11:00:00+00:00,2026-10-03T11:00:00+00:00,8808,262,1,73,74,1,1,0,1,0,188,0,0,0,0,0,73,1.033
MID_CAP_FVG_DISCOUNT,MID_CAP,SUIUSDT,1h,2025-10-04T00:00:00+00:00,2025-10-01T12:00:00+00:00,2026-10-03T11:00:00+00:00,2026-10-03T11:00:00+00:00,8808,764,420,10,430,420,234,1,234,0,334,0,0,0,1,0,10,1.313
SMALL_CAP_VOLUME_BOS,SMALL_CAP,SUSHIUSDT,5m,2026-09-30T14:30:00+00:00,2026-09-30T14:30:00+00:00,2026-10-03T12:25:00+00:00,2026-10-03T12:25:00+00:00,798,4,1,0,1,1,1,0,1,0,3,0,0,0,0,0,0,0.03
SMALL_CAP_VOLUME_BOS,SMALL_CAP,SUSHIUSDT,15m,2026-09-29T02:15:00+00:00,2026-09-29T02:15:00+00:00,2026-10-03T12:15:00+00:00,2026-10-03T12:15:00+00:00,422,6,0,0,0,0,0,0,0,0,6,0,0,0,0,0,0,0.018
SMALL_CAP_VOLUME_BOS,SMALL_CAP,SUSHIUSDT,1h,2026-09-22T21:00:00+00:00,2026-09-22T21:00:00+00:00,2026-10-03T11:00:00+00:00,2026-10-03T11:00:00+00:00,255,2,0,0,0,0,0,0,0,0,2,0,0,0,0,0,0,0.014
LARGE_CAP_SWEEP_CHOCH,LARGE_CAP,TRXUSDT,5m,2026-01-06T12:55:00+00:00,2026-01-06T12:55:00+00:00,2026-10-03T12:20:00+00:00,2026-10-03T12:20:00+00:00,77754,1762,563,0,563,563,437,1,437,0,1199,0,0,0,1,0,0,47.745
LARGE_CAP_SWEEP_CHOCH,LARGE_CAP,TRXUSDT,15m,2026-09-29T02:15:00+00:00,2026-09-29T02:15:00+00:00,2026-10-03T12:00:00+00:00,2026-10-03T12:00:00+00:00,416,6,3,0,3,3,3,0,3,0,3,0,0,0,0,0,0,0.021
LARGE_CAP_SWEEP_CHOCH,LARGE_CAP,TRXUSDT,1h,2026-09-22T21:00:00+00:00,2026-09-22T21:00:00+00:00,2026-10-03T11:00:00+00:00,2026-10-03T11:00:00+00:00,255,3,2,0,2,2,1,1,1,0,1,0,0,0,1,0,0,0.014
SMALL_CAP_VOLUME_BOS,SMALL_CAP,TUSDT,5m,2026-09-30T14:55:00+00:00,2026-09-30T14:55:00+00:00,2026-10-03T06:10:00+00:00,2026-10-03T06:10:00+00:00,760,3,1,0,1,1,1,0,1,0,2,0,0,0,0,0,0,0.023
SMALL_CAP_VOLUME_BOS,SMALL_CAP,TUSDT,15m,2026-09-29T04:45:00+00:00,2026-09-29T04:45:00+00:00,2026-10-03T12:00:00+00:00,2026-10-03T12:00:00+00:00,414,2,0,0,0,0,0,0,0,0,2,0,0,0,0,0,0,0.017
SMALL_CAP_VOLUME_BOS,SMALL_CAP,TUSDT,1h,2026-09-22T23:00:00+00:00,2026-09-22T23:00:00+00:00,2026-10-03T11:00:00+00:00,2026-10-03T11:00:00+00:00,253,2,0,0,0,0,0,0,0,0,2,0,0,0,0,0,0,0.011
SMALL_CAP_VOLUME_BOS,SMALL_CAP,USELESSUSDT,5m,2026-09-30T14:30:00+00:00,2026-09-30T14:30:00+00:00,2026-10-03T12:20:00+00:00,2026-10-03T12:20:00+00:00,466,5,2,0,2,2,1,1,1,0,3,0,0,0,1,0,0,0.018
SMALL_CAP_VOLUME_BOS,SMALL_CAP,USELESSUSDT,15m,2026-09-29T02:15:00+00:00,2026-09-29T02:15:00+00:00,2026-10-03T12:00:00+00:00,2026-10-03T12:00:00+00:00,424,5,2,0,2,2,1,1,1,0,3,0,0,0,1,0,0,0.02
SMALL_CAP_VOLUME_BOS,SMALL_CAP,USELESSUSDT,1h,2026-09-22T21:00:00+00:00,2026-09-22T21:00:00+00:00,2026-10-03T11:00:00+00:00,2026-10-03T11:00:00+00:00,255,2,0,0,0,0,0,0,0,0,2,0,0,0,0,0,0,0.013
MID_CAP_FVG_DISCOUNT,MID_CAP,VETUSDT,5m,2026-01-06T12:55:00+00:00,2026-01-06T12:55:00+00:00,2026-10-03T12:20:00+00:00,2026-10-03T12:20:00+00:00,77754,9077,404,4511,4915,404,198,0,198,0,4162,0,0,0,0,0,4511,83.65
SMALL_CAP_VOLUME_BOS,SMALL_CAP,VETUSDT,5m,2026-01-06T12:55:00+00:00,2026-01-06T12:55:00+00:00,2026-10-03T12:20:00+00:00,2026-10-03T12:20:00+00:00,77754,909,140,8,148,140,125,0,125,0,761,0,0,0,0,0,8,2.523
SMALL_CAP_VOLUME_BOS,SMALL_CAP,VETUSDT,15m,2026-09-29T04:45:00+00:00,2026-09-29T04:45:00+00:00,2026-10-03T12:00:00+00:00,2026-10-03T12:00:00+00:00,414,2,0,0,0,0,0,0,0,0,2,0,0,0,0,0,0,0.014
SMALL_CAP_VOLUME_BOS,SMALL_CAP,VETUSDT,1h,2026-09-22T22:00:00+00:00,2026-09-22T22:00:00+00:00,2026-10-03T11:00:00+00:00,2026-10-03T11:00:00+00:00,254,1,0,0,0,0,0,0,0,0,1,0,0,0,0,0,0,0.012
MID_CAP_FVG_DISCOUNT,MID_CAP,WLFIUSDT,5m,2026-09-30T14:30:00+00:00,2026-09-30T14:30:00+00:00,2026-10-03T12:20:00+00:00,2026-10-03T12:20:00+00:00,839,75,40,0,40,40,21,1,21,0,35,0,0,0,1,0,0,0.049
MID_CAP_FVG_DISCOUNT,MID_CAP,WLFIUSDT,15m,2026-09-29T02:15:00+00:00,2026-09-29T02:15:00+00:00,2026-10-03T12:00:00+00:00,2026-10-03T12:00:00+00:00,424,32,17,0,17,17,11,0,11,0,15,0,0,0,0,0,0,0.025
MID_CAP_FVG_DISCOUNT,MID_CAP,WLFIUSDT,1h,2026-09-22T21:00:00+00:00,2026-09-22T21:00:00+00:00,2026-10-03T11:00:00+00:00,2026-10-03T11:00:00+00:00,255,21,14,0,14,14,6,0,6,0,7,0,0,0,0,0,0,0.019
SMALL_CAP_VOLUME_BOS,SMALL_CAP,WUSDT,5m,2026-09-30T14:30:00+00:00,2026-09-30T14:30:00+00:00,2026-10-02T09:45:00+00:00,2026-10-02T09:45:00+00:00,520,7,1,0,1,1,0,1,0,0,6,0,0,0,1,0,0,0.022
SMALL_CAP_VOLUME_BOS,SMALL_CAP,WUSDT,15m,2026-09-29T04:45:00+00:00,2026-09-29T04:45:00+00:00,2026-10-03T12:00:00+00:00,2026-10-03T12:00:00+00:00,414,3,0,0,0,0,0,0,0,0,3,0,0,0,0,0,0,0.018
SMALL_CAP_VOLUME_BOS,SMALL_CAP,WUSDT,1h,2026-09-22T22:00:00+00:00,2026-09-22T22:00:00+00:00,2026-10-03T11:00:00+00:00,2026-10-03T11:00:00+00:00,254,4,0,0,0,0,0,0,0,0,4,0,0,0,0,0,0,0.012
LARGE_CAP_SWEEP_CHOCH,LARGE_CAP,XMRUSDT,5m,2026-01-06T12:55:00+00:00,2026-01-06T12:55:00+00:00,2026-10-03T12:55:00+00:00,2026-10-03T12:55:00+00:00,77761,2436,62,625,687,62,48,0,48,0,1749,0,0,0,0,0,625,59.77
MID_CAP_FVG_DISCOUNT,MID_CAP,XMRUSDT,5m,2026-01-06T12:55:00+00:00,2026-01-06T12:55:00+00:00,2026-10-03T12:55:00+00:00,2026-10-03T12:55:00+00:00,77761,8989,4216,438,4654,4216,2216,0,2216,0,4335,0,0,0,0,0,438,73.616
LARGE_CAP_SWEEP_CHOCH,LARGE_CAP,XMRUSDT,15m,2026-09-29T02:15:00+00:00,2026-09-29T02:15:00+00:00,2026-10-03T12:45:00+00:00,2026-10-03T12:45:00+00:00,427,7,3,0,3,3,3,0,3,0,4,0,0,0,0,0,0,0.022
LARGE_CAP_SWEEP_CHOCH,LARGE_CAP,XMRUSDT,1h,2026-09-22T21:00:00+00:00,2026-09-22T21:00:00+00:00,2026-10-03T12:00:00+00:00,2026-10-03T12:00:00+00:00,256,6,1,0,1,1,0,1,0,0,5,0,0,0,1,0,0,0.017
LARGE_CAP_SWEEP_CHOCH,LARGE_CAP,XRPUSDT,5m,2026-01-06T12:55:00+00:00,2026-01-06T12:55:00+00:00,2026-10-03T13:14:20+00:00,2026-10-03T13:10:00+00:00,77709,2244,658,0,658,658,462,1,462,0,1586,0,0,0,1,0,0,59.428
LARGE_CAP_SWEEP_CHOCH,LARGE_CAP,XRPUSDT,15m,2026-05-27T02:15:00+00:00,2026-05-27T02:15:00+00:00,2026-10-03T13:14:20+00:00,2026-10-03T13:00:00+00:00,12407,390,105,0,105,105,71,1,71,0,285,0,0,0,1,0,0,1.78
LARGE_CAP_SWEEP_CHOCH,LARGE_CAP,XRPUSDT,1h,2025-10-04T00:00:00+00:00,2025-10-01T12:00:00+00:00,2026-10-03T12:00:00+00:00,2026-10-03T12:00:00+00:00,8809,315,78,0,78,78,40,0,40,0,237,0,0,0,0,0,0,1.622
SMALL_CAP_VOLUME_BOS,SMALL_CAP,XTZUSDT,5m,2026-01-06T12:55:00+00:00,2026-01-06T12:55:00+00:00,2026-10-03T12:55:00+00:00,2026-10-03T12:55:00+00:00,77761,838,147,0,147,147,144,0,144,0,691,0,0,0,0,0,0,3.214
SMALL_CAP_VOLUME_BOS,SMALL_CAP,XTZUSDT,15m,2026-09-29T04:45:00+00:00,2026-09-29T04:45:00+00:00,2026-10-03T12:45:00+00:00,2026-10-03T12:45:00+00:00,417,3,0,0,0,0,0,0,0,0,3,0,0,0,0,0,0,0.015
SMALL_CAP_VOLUME_BOS,SMALL_CAP,XTZUSDT,1h,2026-09-22T23:00:00+00:00,2026-09-22T23:00:00+00:00,2026-10-03T12:00:00+00:00,2026-10-03T12:00:00+00:00,254,0,0,0,0,0,0,0,0,0,0,0,0,0,0,0,0,0.01
