strategy_id,cap_group,symbol,timeframe,bars,signals_detected,cap_eligible_signals,candidates,entries,closed_trades,trade_count,win_count,loss_count,win_rate,mean_R,expectancy_R,profit_factor,gross_R,net_R,net_R_with_slippage,max_drawdown,MAE,MFE,fees,slippage_R,LONG,SHORT,TRAIN,VALIDATION,OOS,TRAIN_mean_R,VALIDATION_mean_R,OOS_mean_R,sample_size_label,requested_start,actual_start,requested_end,actual_end,dataset_label,regime_note
MID_CAP_FVG_DISCOUNT,MID_CAP,AAVEUSDT,5m,826,112,43,43,43,22,22,13,9,0.5909090909090909,0.7727272727272727,0.7727272727272727,2.888888888888889,17.0,14.562791382617954,13.347587073926931,4.0,0.8414670395391493,1.73429610395268,243.7208617382047,1.2152043086910236,22,0,10,6,6,1.1,0.5,0.5,SMALL,2026-09-30T11:30:00+00:00,2026-09-30T11:30:00+00:00,2026-10-03T13:21:40+00:00,2026-10-03T13:20:00+00:00,AVAILABLE_HISTORICAL_CAP_WINDOW,REGIME_NOT_AVAILABLE — no new HTF filters applied
MID_CAP_FVG_DISCOUNT,MID_CAP,AAVEUSDT,15m,424,43,13,13,13,8,8,5,3,0.625,0.875,0.875,3.3333333333333335,7.0,6.503863702071755,6.257195553107633,1.0,0.812057856033671,1.912822138943815,49.6136297928245,0.24666814896412242,8,0,6,0,2,1.0,,0.5,VERY_SMALL,2026-09-29T02:15:00+00:00,2026-09-29T02:15:00+00:00,2026-10-03T13:15:00+00:00,2026-10-03T13:15:00+00:00,AVAILABLE_HISTORICAL_CAP_WINDOW,REGIME_NOT_AVAILABLE — no new HTF filters applied
MID_CAP_FVG_DISCOUNT,MID_CAP,AAVEUSDT,1h,255,24,11,11,11,3,3,2,1,0.6666666666666666,1.0,1.0,4.0,3.0,2.902167549415471,2.853851324123206,1.0,0.7190329287442658,1.865610957941149,9.783245058452945,0.04831622529226473,3,0,2,1,0,0.5,2.0,,VERY_SMALL,2026-09-22T21:00:00+00:00,2026-09-22T21:00:00+00:00,2026-10-03T11:00:00+00:00,2026-10-03T11:00:00+00:00,AVAILABLE_HISTORICAL_CAP_WINDOW,REGIME_NOT_AVAILABLE — no new HTF filters applied
SMALL_CAP_VOLUME_BOS,SMALL_CAP,ALTUSDT,5m,520,9,1,1,1,1,1,0,1,0.0,-1.0,-1.0,0.0,-1.0,-1.1148592592592608,-1.1724888888888911,1.0,1.0740740740740848,0.296296296296307,11.485925925926063,0.057629629629630315,1,0,0,0,1,,,-1.0,VERY_SMALL,2026-09-30T14:55:00+00:00,2026-09-30T14:55:00+00:00,2026-10-02T10:10:00+00:00,2026-10-02T10:10:00+00:00,AVAILABLE_HISTORICAL_CAP_WINDOW,REGIME_NOT_AVAILABLE — no new HTF filters applied
SMALL_CAP_VOLUME_BOS,SMALL_CAP,ALTUSDT,15m,417,4,2,2,2,1,1,0,1,0.0,-1.0,-1.0,0.0,-1.0,-1.0384751515151514,-1.0579127272727271,1.0,1.0727272727272719,1.030303030303029,3.847515151515147,0.019437575757575733,1,0,0,1,0,,-1.0,,VERY_SMALL,2026-09-29T04:45:00+00:00,2026-09-29T04:45:00+00:00,2026-10-03T12:45:00+00:00,2026-10-03T12:45:00+00:00,AVAILABLE_HISTORICAL_CAP_WINDOW,REGIME_NOT_AVAILABLE — no new HTF filters applied
SMALL_CAP_VOLUME_BOS,SMALL_CAP,ALTUSDT,1h,254,2,0,0,0,0,0,0,0,,,,,0,,,,,,0,0.0,0,0,0,0,0,,,,VERY_SMALL,2026-09-22T23:00:00+00:00,2026-09-22T23:00:00+00:00,2026-10-03T12:00:00+00:00,2026-10-03T12:00:00+00:00,AVAILABLE_HISTORICAL_CAP_WINDOW,REGIME_NOT_AVAILABLE — no new HTF filters applied
SMALL_CAP_VOLUME_BOS,SMALL_CAP,ARKMUSDT,5m,640,4,1,1,1,1,1,0,1,0.0,-1.0,-1.0,0.0,-1.0,-1.0564000000000004,-1.0848000000000007,1.0,1.0526315789473777,0.31578947368422206,5.640000000000045,0.028400000000000224,1,0,0,1,0,,-1.0,,VERY_SMALL,2026-09-30T14:50:00+00:00,2026-09-30T14:50:00+00:00,2026-10-02T20:05:00+00:00,2026-10-02T20:05:00+00:00,AVAILABLE_HISTORICAL_CAP_WINDOW,REGIME_NOT_AVAILABLE — no new HTF filters applied
SMALL_CAP_VOLUME_BOS,SMALL_CAP,ARKMUSDT,15m,415,5,0,0,0,0,0,0,0,,,,,0,,,,,,0,0.0,0,0,0,0,0,,,,VERY_SMALL,2026-09-29T04:45:00+00:00,2026-09-29T04:45:00+00:00,2026-10-03T12:15:00+00:00,2026-10-03T12:15:00+00:00,AVAILABLE_HISTORICAL_CAP_WINDOW,REGIME_NOT_AVAILABLE — no new HTF filters applied
SMALL_CAP_VOLUME_BOS,SMALL_CAP,ARKMUSDT,1h,253,0,0,0,0,0,0,0,0,,,,,0,,,,,,0,0.0,0,0,0,0,0,,,,VERY_SMALL,2026-09-22T23:00:00+00:00,2026-09-22T23:00:00+00:00,2026-10-03T11:00:00+00:00,2026-10-03T11:00:00+00:00,AVAILABLE_HISTORICAL_CAP_WINDOW,REGIME_NOT_AVAILABLE — no new HTF filters applied
SMALL_CAP_VOLUME_BOS,SMALL_CAP,BLURUSDT,5m,755,7,0,0,0,0,0,0,0,,,,,0,,,,,,0,0.0,0,0,0,0,0,,,,VERY_SMALL,2026-09-30T14:30:00+00:00,2026-09-30T14:30:00+00:00,2026-10-03T12:25:00+00:00,2026-10-03T12:25:00+00:00,AVAILABLE_HISTORICAL_CAP_WINDOW,REGIME_NOT_AVAILABLE — no new HTF filters applied
SMALL_CAP_VOLUME_BOS,SMALL_CAP,BLURUSDT,15m,425,10,3,3,3,3,3,2,1,0.6666666666666666,1.0,1.0,4.0,3.0,2.879305864418938,2.8195587966284075,1.0,0.930886836441896,1.5776019249163056,12.06941355810617,0.05974706779053085,3,0,1,0,2,2.0,,0.5,VERY_SMALL,2026-09-29T02:15:00+00:00,2026-09-29T02:15:00+00:00,2026-10-03T12:15:00+00:00,2026-10-03T12:15:00+00:00,AVAILABLE_HISTORICAL_CAP_WINDOW,REGIME_NOT_AVAILABLE — no new HTF filters applied
SMALL_CAP_VOLUME_BOS,SMALL_CAP,BLURUSDT,1h,255,3,0,0,0,0,0,0,0,,,,,0,,,,,,0,0.0,0,0,0,0,0,,,,VERY_SMALL,2026-09-22T21:00:00+00:00,2026-09-22T21:00:00+00:00,2026-10-03T11:00:00+00:00,2026-10-03T11:00:00+00:00,AVAILABLE_HISTORICAL_CAP_WINDOW,REGIME_NOT_AVAILABLE — no new HTF filters applied
LARGE_CAP_SWEEP_CHOCH,LARGE_CAP,BNBUSDT,5m,77695,2092,669,669,669,436,436,158,278,0.3623853211009174,0.0871559633027523,0.0871559633027523,1.1366906474820144,38.0,-46.30351840480923,-88.44767760721388,19.0,0.9589420873830258,1.2228214609189485,8430.351840480924,42.144159202404644,436,0,277,85,74,0.05054151624548736,0.058823529411764705,0.25675675675675674,MORE_RELIABLE_DESCRIPTIVE_SAMPLE,2026-01-06T12:55:00+00:00,2026-01-06T12:55:00+00:00,2026-10-03T13:14:20+00:00,2026-10-03T13:10:00+00:00,AVAILABLE_HISTORICAL_CAP_WINDOW,REGIME_NOT_AVAILABLE — no new HTF filters applied
LARGE_CAP_SWEEP_CHOCH,LARGE_CAP,BNBUSDT,15m,12404,290,95,95,95,74,74,24,50,0.32432432432432434,-0.02702702702702703,-0.02702702702702703,0.96,-2.0,-11.222853768697547,-15.83468065304632,16.0,0.9940452922349863,1.1008614132752574,922.2853768697548,4.611826884348772,74,0,47,16,11,0.0851063829787234,-0.0625,-0.45454545454545453,DESCRIPTIVE,2026-05-27T02:15:00+00:00,2026-05-27T02:15:00+00:00,2026-10-03T13:14:20+00:00,2026-10-03T13:00:00+00:00,AVAILABLE_HISTORICAL_CAP_WINDOW,REGIME_NOT_AVAILABLE — no new HTF filters applied
LARGE_CAP_SWEEP_CHOCH,LARGE_CAP,BNBUSDT,1h,8808,219,69,69,69,53,53,19,34,0.3584905660377358,0.07547169811320754,0.07547169811320754,1.1176470588235294,4.0,1.030437900232904,-0.45354314965064435,11.0,0.9314764923515241,1.1386082425067454,296.9562099767097,1.4839810498835484,53,0,26,12,15,-0.3076923076923077,0.25,0.6,DESCRIPTIVE,2025-10-04T00:00:00+00:00,2025-10-01T12:00:00+00:00,2026-10-03T11:00:00+00:00,2026-10-03T11:00:00+00:00,AVAILABLE_HISTORICAL_CAP_WINDOW,REGIME_NOT_AVAILABLE — no new HTF filters applied
SMALL_CAP_VOLUME_BOS,SMALL_CAP,CFXUSDT,5m,717,5,1,1,1,1,1,0,1,0.0,-1.0,-1.0,0.0,-1.0,-1.061008450704225,-1.0917126760563376,1.0,1.126760563380281,1.6056338028168993,6.1008450704225154,0.03070422535211258,1,0,0,1,0,,-1.0,,VERY_SMALL,2026-09-30T14:50:00+00:00,2026-09-30T14:50:00+00:00,2026-10-03T02:40:00+00:00,2026-10-03T02:40:00+00:00,AVAILABLE_HISTORICAL_CAP_WINDOW,REGIME_NOT_AVAILABLE — no new HTF filters applied
SMALL_CAP_VOLUME_BOS,SMALL_CAP,CFXUSDT,15m,415,0,0,0,0,0,0,0,0,,,,,0,,,,,,0,0.0,0,0,0,0,0,,,,VERY_SMALL,2026-09-29T04:45:00+00:00,2026-09-29T04:45:00+00:00,2026-10-03T12:15:00+00:00,2026-10-03T12:15:00+00:00,AVAILABLE_HISTORICAL_CAP_WINDOW,REGIME_NOT_AVAILABLE — no new HTF filters applied
SMALL_CAP_VOLUME_BOS,SMALL_CAP,CFXUSDT,1h,253,1,0,0,0,0,0,0,0,,,,,0,,,,,,0,0.0,0,0,0,0,0,,,,VERY_SMALL,2026-09-22T23:00:00+00:00,2026-09-22T23:00:00+00:00,2026-10-03T11:00:00+00:00,2026-10-03T11:00:00+00:00,AVAILABLE_HISTORICAL_CAP_WINDOW,REGIME_NOT_AVAILABLE — no new HTF filters applied
SMALL_CAP_VOLUME_BOS,SMALL_CAP,CHIPUSDT,5m,520,3,0,0,0,0,0,0,0,,,,,0,,,,,,0,0.0,0,0,0,0,0,,,,VERY_SMALL,2026-09-30T14:30:00+00:00,2026-09-30T14:30:00+00:00,2026-10-02T09:45:00+00:00,2026-10-02T09:45:00+00:00,AVAILABLE_HISTORICAL_CAP_WINDOW,REGIME_NOT_AVAILABLE — no new HTF filters applied
SMALL_CAP_VOLUME_BOS,SMALL_CAP,CHIPUSDT,15m,413,5,0,0,0,0,0,0,0,,,,,0,,,,,,0,0.0,0,0,0,0,0,,,,VERY_SMALL,2026-09-29T02:15:00+00:00,2026-09-29T02:15:00+00:00,2026-10-03T09:15:00+00:00,2026-10-03T09:15:00+00:00,AVAILABLE_HISTORICAL_CAP_WINDOW,REGIME_NOT_AVAILABLE — no new HTF filters applied
SMALL_CAP_VOLUME_BOS,SMALL_CAP,CHIPUSDT,1h,255,0,0,0,0,0,0,0,0,,,,,0,,,,,,0,0.0,0,0,0,0,0,,,,VERY_SMALL,2026-09-22T21:00:00+00:00,2026-09-22T21:00:00+00:00,2026-10-03T11:00:00+00:00,2026-10-03T11:00:00+00:00,AVAILABLE_HISTORICAL_CAP_WINDOW,REGIME_NOT_AVAILABLE — no new HTF filters applied
SMALL_CAP_VOLUME_BOS,SMALL_CAP,DEXEUSDT,5m,568,8,0,0,0,0,0,0,0,,,,,0,,,,,,0,0.0,0,0,0,0,0,,,,VERY_SMALL,2026-09-30T14:50:00+00:00,2026-09-30T14:50:00+00:00,2026-10-03T12:30:00+00:00,2026-10-03T12:30:00+00:00,AVAILABLE_HISTORICAL_CAP_WINDOW,REGIME_NOT_AVAILABLE — no new HTF filters applied
SMALL_CAP_VOLUME_BOS,SMALL_CAP,DEXEUSDT,15m,414,5,0,0,0,0,0,0,0,,,,,0,,,,,,0,0.0,0,0,0,0,0,,,,VERY_SMALL,2026-09-29T04:45:00+00:00,2026-09-29T04:45:00+00:00,2026-10-03T12:15:00+00:00,2026-10-03T12:15:00+00:00,AVAILABLE_HISTORICAL_CAP_WINDOW,REGIME_NOT_AVAILABLE — no new HTF filters applied
SMALL_CAP_VOLUME_BOS,SMALL_CAP,DEXEUSDT,1h,253,3,0,0,0,0,0,0,0,,,,,0,,,,,,0,0.0,0,0,0,0,0,,,,VERY_SMALL,2026-09-22T23:00:00+00:00,2026-09-22T23:00:00+00:00,2026-10-03T11:00:00+00:00,2026-10-03T11:00:00+00:00,AVAILABLE_HISTORICAL_CAP_WINDOW,REGIME_NOT_AVAILABLE — no new HTF filters applied
LARGE_CAP_SWEEP_CHOCH,LARGE_CAP,DOGEUSDT,5m,77711,1906,627,627,627,395,395,124,271,0.3139240506329114,-0.05822784810126585,-0.05822784810126585,0.915129151291513,-23.0,-71.64259069737167,-95.9684860460575,55.000000000000014,1.0244825355234004,1.1666473495359186,4864.259069737166,24.325895348685826,395,0,240,88,67,-0.13750000000000004,-0.011363636363636364,0.16417910447761194,MORE_RELIABLE_DESCRIPTIVE_SAMPLE,2026-01-06T12:55:00+00:00,2026-01-06T12:55:00+00:00,2026-10-03T13:14:50+00:00,2026-10-03T13:10:00+00:00,AVAILABLE_HISTORICAL_CAP_WINDOW,REGIME_NOT_AVAILABLE — no new HTF filters applied
LARGE_CAP_SWEEP_CHOCH,LARGE_CAP,DOGEUSDT,15m,12403,312,105,105,105,70,70,18,52,0.2571428571428571,-0.22857142857142856,-0.22857142857142856,0.6923076923076923,-16.0,-21.255607971539746,-23.88661195730962,26.0,1.0215987747323574,0.9942534539058622,525.5607971539745,2.631003985769871,70,0,48,8,14,-0.3125,-0.25,0.07142857142857142,DESCRIPTIVE,2026-05-27T02:15:00+00:00,2026-05-27T02:15:00+00:00,2026-10-03T13:14:50+00:00,2026-10-03T13:00:00+00:00,AVAILABLE_HISTORICAL_CAP_WINDOW,REGIME_NOT_AVAILABLE — no new HTF filters applied
LARGE_CAP_SWEEP_CHOCH,LARGE_CAP,DOGEUSDT,1h,8808,256,75,75,75,65,65,23,42,0.35384615384615387,0.06153846153846169,0.06153846153846169,1.0952380952380953,4.000000000000007,1.725001351365921,0.5883020270488766,11.0,0.9968895705123639,1.2601588466636549,227.49986486340887,1.1366993243170445,65,0,36,13,16,0.2500000000000003,-0.7692307692307693,0.3125,DESCRIPTIVE,2025-10-04T00:00:00+00:00,2025-10-01T12:00:00+00:00,2026-10-03T11:00:00+00:00,2026-10-03T11:00:00+00:00,AVAILABLE_HISTORICAL_CAP_WINDOW,REGIME_NOT_AVAILABLE — no new HTF filters applied
SMALL_CAP_VOLUME_BOS,SMALL_CAP,DYDXUSDT,5m,795,14,3,3,3,3,3,0,3,0.0,-1.0,-1.0,0.0,-3.0,-3.2527436499656495,-3.3797154749484744,3.0,1.2388668401584995,0.4886555700132103,25.274364996564945,0.12697182498282472,3,0,2,0,1,-1.0,,-1.0,VERY_SMALL,2026-09-30T14:30:00+00:00,2026-09-30T14:30:00+00:00,2026-10-03T12:55:00+00:00,2026-10-03T12:55:00+00:00,AVAILABLE_HISTORICAL_CAP_WINDOW,REGIME_NOT_AVAILABLE — no new HTF filters applied
SMALL_CAP_VOLUME_BOS,SMALL_CAP,DYDXUSDT,15m,427,4,0,0,0,0,0,0,0,,,,,0,,,,,,0,0.0,0,0,0,0,0,,,,VERY_SMALL,2026-09-29T02:15:00+00:00,2026-09-29T02:15:00+00:00,2026-10-03T12:45:00+00:00,2026-10-03T12:45:00+00:00,AVAILABLE_HISTORICAL_CAP_WINDOW,REGIME_NOT_AVAILABLE — no new HTF filters applied
SMALL_CAP_VOLUME_BOS,SMALL_CAP,DYDXUSDT,1h,256,2,0,0,0,0,0,0,0,,,,,0,,,,,,0,0.0,0,0,0,0,0,,,,VERY_SMALL,2026-09-22T21:00:00+00:00,2026-09-22T21:00:00+00:00,2026-10-03T12:00:00+00:00,2026-10-03T12:00:00+00:00,AVAILABLE_HISTORICAL_CAP_WINDOW,REGIME_NOT_AVAILABLE — no new HTF filters applied
SMALL_CAP_VOLUME_BOS,SMALL_CAP,ESPUSDT,5m,519,5,4,4,4,4,4,0,4,0.0,-1.0,-1.0,0.0,-4.0,-4.319943432947847,-4.48071514942177,4.0,1.1004307348199298,0.356886773834374,31.994343294784713,0.16077171647392358,4,0,3,0,1,-1.0,,-1.0,VERY_SMALL,2026-09-30T14:30:00+00:00,2026-09-30T14:30:00+00:00,2026-10-03T02:35:00+00:00,2026-10-03T02:35:00+00:00,AVAILABLE_HISTORICAL_CAP_WINDOW,REGIME_NOT_AVAILABLE — no new HTF filters applied
SMALL_CAP_VOLUME_BOS,SMALL_CAP,ESPUSDT,15m,417,5,1,1,1,1,1,1,0,1.0,2.0,2.0,inf,2.0,1.961820814479638,1.9431312217194572,0.0,0.6923076923076928,2.0995475113122097,3.8179185520361933,0.018689592760180965,1,0,1,0,0,2.0,,,VERY_SMALL,2026-09-29T04:45:00+00:00,2026-09-29T04:45:00+00:00,2026-10-03T12:45:00+00:00,2026-10-03T12:45:00+00:00,AVAILABLE_HISTORICAL_CAP_WINDOW,REGIME_NOT_AVAILABLE — no new HTF filters applied
SMALL_CAP_VOLUME_BOS,SMALL_CAP,ESPUSDT,1h,255,6,0,0,0,0,0,0,0,,,,,0,,,,,,0,0.0,0,0,0,0,0,,,,VERY_SMALL,2026-09-22T22:00:00+00:00,2026-09-22T22:00:00+00:00,2026-10-03T12:00:00+00:00,2026-10-03T12:00:00+00:00,AVAILABLE_HISTORICAL_CAP_WINDOW,REGIME_NOT_AVAILABLE — no new HTF filters applied
SMALL_CAP_VOLUME_BOS,SMALL_CAP,FLOWUSDT,5m,794,12,1,1,1,1,1,0,1,0.0,-1.0,-1.0,0.0,-1.0,-1.055078260869566,-1.0828173913043488,1.0,1.2173913043478346,1.2608695652174136,5.50782608695658,0.0277391304347829,1,0,1,0,0,-1.0,,,VERY_SMALL,2026-09-30T14:45:00+00:00,2026-09-30T14:45:00+00:00,2026-10-03T12:55:00+00:00,2026-10-03T12:55:00+00:00,AVAILABLE_HISTORICAL_CAP_WINDOW,REGIME_NOT_AVAILABLE — no new HTF filters applied
SMALL_CAP_VOLUME_BOS,SMALL_CAP,FLOWUSDT,15m,417,6,1,1,1,1,1,0,1,0.0,-1.0,-1.0,0.0,-1.0,-1.0120718894009217,-1.0183078341013825,1.0,1.0645161290322587,0.12442396313364038,1.2071889400921667,0.0062359447004608345,1,0,1,0,0,-1.0,,,VERY_SMALL,2026-09-29T04:45:00+00:00,2026-09-29T04:45:00+00:00,2026-10-03T12:45:00+00:00,2026-10-03T12:45:00+00:00,AVAILABLE_HISTORICAL_CAP_WINDOW,REGIME_NOT_AVAILABLE — no new HTF filters applied
SMALL_CAP_VOLUME_BOS,SMALL_CAP,FLOWUSDT,1h,255,2,0,0,0,0,0,0,0,,,,,0,,,,,,0,0.0,0,0,0,0,0,,,,VERY_SMALL,2026-09-22T22:00:00+00:00,2026-09-22T22:00:00+00:00,2026-10-03T12:00:00+00:00,2026-10-03T12:00:00+00:00,AVAILABLE_HISTORICAL_CAP_WINDOW,REGIME_NOT_AVAILABLE — no new HTF filters applied
SMALL_CAP_VOLUME_BOS,SMALL_CAP,FORMUSDT,5m,843,3,0,0,0,0,0,0,0,,,,,0,,,,,,0,0.0,0,0,0,0,0,,,,VERY_SMALL,2026-09-30T14:45:00+00:00,2026-09-30T14:45:00+00:00,2026-10-03T12:55:00+00:00,2026-10-03T12:55:00+00:00,AVAILABLE_HISTORICAL_CAP_WINDOW,REGIME_NOT_AVAILABLE — no new HTF filters applied
SMALL_CAP_VOLUME_BOS,SMALL_CAP,FORMUSDT,15m,417,2,0,0,0,0,0,0,0,,,,,0,,,,,,0,0.0,0,0,0,0,0,,,,VERY_SMALL,2026-09-29T04:45:00+00:00,2026-09-29T04:45:00+00:00,2026-10-03T12:45:00+00:00,2026-10-03T12:45:00+00:00,AVAILABLE_HISTORICAL_CAP_WINDOW,REGIME_NOT_AVAILABLE — no new HTF filters applied
SMALL_CAP_VOLUME_BOS,SMALL_CAP,FORMUSDT,1h,255,1,0,0,0,0,0,0,0,,,,,0,,,,,,0,0.0,0,0,0,0,0,,,,VERY_SMALL,2026-09-22T22:00:00+00:00,2026-09-22T22:00:00+00:00,2026-10-03T12:00:00+00:00,2026-10-03T12:00:00+00:00,AVAILABLE_HISTORICAL_CAP_WINDOW,REGIME_NOT_AVAILABLE — no new HTF filters applied
SMALL_CAP_VOLUME_BOS,SMALL_CAP,GRASSUSDT,5m,767,8,1,1,1,1,1,1,0,1.0,2.0,2.0,inf,2.0,1.949650909090909,1.9248763636363637,0.0,0.19999999999999798,2.090909090909091,5.034909090909087,0.02477454545454543,1,0,0,0,1,,,2.0,VERY_SMALL,2026-09-30T14:30:00+00:00,2026-09-30T14:30:00+00:00,2026-10-03T12:30:00+00:00,2026-10-03T12:30:00+00:00,AVAILABLE_HISTORICAL_CAP_WINDOW,REGIME_NOT_AVAILABLE — no new HTF filters applied
SMALL_CAP_VOLUME_BOS,SMALL_CAP,GRASSUSDT,15m,417,6,1,1,1,1,1,0,1,0.0,-1.0,-1.0,0.0,-1.0,-1.0217078222206744,-1.0327617333310115,1.0,1.219839677740365,1.4436634718211616,2.170782222067427,0.011053911110337135,1,0,1,0,0,-1.0,,,VERY_SMALL,2026-09-29T02:15:00+00:00,2026-09-29T02:15:00+00:00,2026-10-03T12:15:00+00:00,2026-10-03T12:15:00+00:00,AVAILABLE_HISTORICAL_CAP_WINDOW,REGIME_NOT_AVAILABLE — no new HTF filters applied
SMALL_CAP_VOLUME_BOS,SMALL_CAP,GRASSUSDT,1h,253,5,0,0,0,0,0,0,0,,,,,0,,,,,,0,0.0,0,0,0,0,0,,,,VERY_SMALL,2026-09-22T21:00:00+00:00,2026-09-22T21:00:00+00:00,2026-10-03T09:00:00+00:00,2026-10-03T09:00:00+00:00,AVAILABLE_HISTORICAL_CAP_WINDOW,REGIME_NOT_AVAILABLE — no new HTF filters applied
SMALL_CAP_VOLUME_BOS,SMALL_CAP,IDUSDT,5m,640,3,1,1,1,1,1,0,1,0.0,-1.0,-1.0,0.0,-1.0,-1.065768888888888,-1.0988533333333321,1.0,1.0,0.17777777777776818,6.576888888888802,0.033084444444444014,1,0,0,1,0,,-1.0,,VERY_SMALL,2026-09-30T14:55:00+00:00,2026-09-30T14:55:00+00:00,2026-10-02T20:10:00+00:00,2026-10-02T20:10:00+00:00,AVAILABLE_HISTORICAL_CAP_WINDOW,REGIME_NOT_AVAILABLE — no new HTF filters applied
SMALL_CAP_VOLUME_BOS,SMALL_CAP,IDUSDT,15m,415,3,0,0,0,0,0,0,0,,,,,0,,,,,,0,0.0,0,0,0,0,0,,,,VERY_SMALL,2026-09-29T04:45:00+00:00,2026-09-29T04:45:00+00:00,2026-10-03T12:15:00+00:00,2026-10-03T12:15:00+00:00,AVAILABLE_HISTORICAL_CAP_WINDOW,REGIME_NOT_AVAILABLE — no new HTF filters applied
SMALL_CAP_VOLUME_BOS,SMALL_CAP,IDUSDT,1h,253,0,0,0,0,0,0,0,0,,,,,0,,,,,,0,0.0,0,0,0,0,0,,,,VERY_SMALL,2026-09-22T23:00:00+00:00,2026-09-22T23:00:00+00:00,2026-10-03T11:00:00+00:00,2026-10-03T11:00:00+00:00,AVAILABLE_HISTORICAL_CAP_WINDOW,REGIME_NOT_AVAILABLE — no new HTF filters applied
SMALL_CAP_VOLUME_BOS,SMALL_CAP,KAITOUSDT,5m,354,1,0,0,0,0,0,0,0,,,,,0,,,,,,0,0.0,0,0,0,0,0,,,,VERY_SMALL,2026-09-30T14:30:00+00:00,2026-09-30T14:30:00+00:00,2026-10-03T12:30:00+00:00,2026-10-03T12:30:00+00:00,AVAILABLE_HISTORICAL_CAP_WINDOW,REGIME_NOT_AVAILABLE — no new HTF filters applied
SMALL_CAP_VOLUME_BOS,SMALL_CAP,KAITOUSDT,15m,425,4,0,0,0,0,0,0,0,,,,,0,,,,,,0,0.0,0,0,0,0,0,,,,VERY_SMALL,2026-09-29T02:15:00+00:00,2026-09-29T02:15:00+00:00,2026-10-03T12:15:00+00:00,2026-10-03T12:15:00+00:00,AVAILABLE_HISTORICAL_CAP_WINDOW,REGIME_NOT_AVAILABLE — no new HTF filters applied
SMALL_CAP_VOLUME_BOS,SMALL_CAP,KAITOUSDT,1h,255,0,0,0,0,0,0,0,0,,,,,0,,,,,,0,0.0,0,0,0,0,0,,,,VERY_SMALL,2026-09-22T21:00:00+00:00,2026-09-22T21:00:00+00:00,2026-10-03T11:00:00+00:00,2026-10-03T11:00:00+00:00,AVAILABLE_HISTORICAL_CAP_WINDOW,REGIME_NOT_AVAILABLE — no new HTF filters applied
SMALL_CAP_VOLUME_BOS,SMALL_CAP,KAVAUSDT,5m,77761,950,96,144,96,75,75,20,55,0.26666666666666666,-0.2,-0.2,0.7272727272727273,-15.0,-23.141412241535605,-27.215118362303407,28.0,1.0286591302277226,1.0483879291876061,814.1412241535604,4.073706120767803,75,0,47,3,25,-0.48936170212765956,0.0,0.32,DESCRIPTIVE,2026-01-06T12:55:00+00:00,2026-01-06T12:55:00+00:00,2026-10-03T12:55:00+00:00,2026-10-03T12:55:00+00:00,AVAILABLE_HISTORICAL_CAP_WINDOW,REGIME_NOT_AVAILABLE — no new HTF filters applied
SMALL_CAP_VOLUME_BOS,SMALL_CAP,KAVAUSDT,15m,417,9,2,2,2,2,2,0,2,0.0,-1.0,-1.0,0.0,-2.0,-2.3602428274428324,-2.540764241164249,2.0,1.4454261954262133,1.063929313929346,36.02428274428323,0.18052141372141617,2,0,2,0,0,-1.0,,,VERY_SMALL,2026-09-29T04:45:00+00:00,2026-09-29T04:45:00+00:00,2026-10-03T12:45:00+00:00,2026-10-03T12:45:00+00:00,AVAILABLE_HISTORICAL_CAP_WINDOW,REGIME_NOT_AVAILABLE — no new HTF filters applied
SMALL_CAP_VOLUME_BOS,SMALL_CAP,KAVAUSDT,1h,254,1,0,0,0,0,0,0,0,,,,,0,,,,,,0,0.0,0,0,0,0,0,,,,VERY_SMALL,2026-09-22T23:00:00+00:00,2026-09-22T23:00:00+00:00,2026-10-03T12:00:00+00:00,2026-10-03T12:00:00+00:00,AVAILABLE_HISTORICAL_CAP_WINDOW,REGIME_NOT_AVAILABLE — no new HTF filters applied
SMALL_CAP_VOLUME_BOS,SMALL_CAP,KSMUSDT,5m,664,6,0,0,0,0,0,0,0,,,,,0,,,,,,0,0.0,0,0,0,0,0,,,,VERY_SMALL,2026-09-30T14:30:00+00:00,2026-09-30T14:30:00+00:00,2026-10-03T02:40:00+00:00,2026-10-03T02:40:00+00:00,AVAILABLE_HISTORICAL_CAP_WINDOW,REGIME_NOT_AVAILABLE — no new HTF filters applied
SMALL_CAP_VOLUME_BOS,SMALL_CAP,KSMUSDT,15m,425,8,0,0,0,0,0,0,0,,,,,0,,,,,,0,0.0,0,0,0,0,0,,,,VERY_SMALL,2026-09-29T02:15:00+00:00,2026-09-29T02:15:00+00:00,2026-10-03T12:15:00+00:00,2026-10-03T12:15:00+00:00,AVAILABLE_HISTORICAL_CAP_WINDOW,REGIME_NOT_AVAILABLE — no new HTF filters applied
SMALL_CAP_VOLUME_BOS,SMALL_CAP,KSMUSDT,1h,255,2,0,0,0,0,0,0,0,,,,,0,,,,,,0,0.0,0,0,0,0,0,,,,VERY_SMALL,2026-09-22T21:00:00+00:00,2026-09-22T21:00:00+00:00,2026-10-03T11:00:00+00:00,2026-10-03T11:00:00+00:00,AVAILABLE_HISTORICAL_CAP_WINDOW,REGIME_NOT_AVAILABLE — no new HTF filters applied
LARGE_CAP_SWEEP_CHOCH,LARGE_CAP,LINKUSDT,5m,77685,2067,28,621,28,24,24,11,13,0.4583333333333333,0.375,0.375,1.6923076923076923,9.0,6.201691624478104,4.804337436717156,5.0,0.7716569565925315,1.3210269765173075,279.83083755218956,1.3973541877609479,24,0,7,0,17,0.2857142857142857,,0.4117647058823529,SMALL,2026-01-06T12:55:00+00:00,2026-01-06T12:55:00+00:00,2026-10-03T13:14:20+00:00,2026-10-03T13:10:00+00:00,AVAILABLE_HISTORICAL_CAP_WINDOW,REGIME_NOT_AVAILABLE — no new HTF filters applied
MID_CAP_FVG_DISCOUNT,MID_CAP,LINKUSDT,5m,77685,8687,4601,4815,4601,2305,2305,751,1554,0.32581344902386117,-0.02255965292841652,-0.02255965292841652,0.9665379665379665,-52.0,-579.9108057802666,-843.8766086704,96.00000000000009,1.0784896309297325,1.2272754742280285,52791.08057802665,263.96580289013326,2305,0,1405,503,397,-0.03914590747330964,-0.05168986083499012,0.07304785894206549,MORE_RELIABLE_DESCRIPTIVE_SAMPLE,2026-01-06T12:55:00+00:00,2026-01-06T12:55:00+00:00,2026-10-03T13:14:20+00:00,2026-10-03T13:10:00+00:00,AVAILABLE_HISTORICAL_CAP_WINDOW,REGIME_NOT_AVAILABLE — no new HTF filters applied
LARGE_CAP_SWEEP_CHOCH,LARGE_CAP,LINKUSDT,15m,12404,315,7,101,7,3,3,0,3,0.0,-1.0,-1.0,0.0,-3.0,-3.1630385768282405,-3.2451578652423607,3.0,1.1509485156661154,1.114200106430774,16.303857682824027,0.08211928841412014,3,0,0,0,3,,,-1.0,VERY_SMALL,2026-05-27T02:15:00+00:00,2026-05-27T02:15:00+00:00,2026-10-03T13:14:20+00:00,2026-10-03T13:00:00+00:00,AVAILABLE_HISTORICAL_CAP_WINDOW,REGIME_NOT_AVAILABLE — no new HTF filters applied
MID_CAP_FVG_DISCOUNT,MID_CAP,LINKUSDT,15m,12404,1311,630,672,630,240,240,84,156,0.35,0.050000000000000155,0.050000000000000155,1.076923076923077,12.000000000000028,-19.214290202441326,-34.819035303662005,16.99999999999998,1.0376982918500455,1.2453276878003874,3121.429020244136,15.604745101220681,240,0,215,25,0,0.004651162790697849,0.44,,MORE_RELIABLE_DESCRIPTIVE_SAMPLE,2026-05-27T02:15:00+00:00,2026-05-27T02:15:00+00:00,2026-10-03T13:14:20+00:00,2026-10-03T13:00:00+00:00,AVAILABLE_HISTORICAL_CAP_WINDOW,REGIME_NOT_AVAILABLE — no new HTF filters applied
LARGE_CAP_SWEEP_CHOCH,LARGE_CAP,LINKUSDT,1h,8808,267,11,79,11,10,10,3,7,0.3,-0.09999999999999978,-0.09999999999999978,0.8571428571428574,-0.9999999999999982,-1.2051303870256538,-1.3078955805384818,3.0,1.1403821654490147,0.936040808733505,20.51303870256561,0.10276519351282805,10,0,9,0,1,2.4671622769447924e-16,,-1.0,SMALL,2025-10-04T00:00:00+00:00,2025-10-01T12:00:00+00:00,2026-10-03T11:00:00+00:00,2026-10-03T11:00:00+00:00,AVAILABLE_HISTORICAL_CAP_WINDOW,REGIME_NOT_AVAILABLE — no new HTF filters applied
MID_CAP_FVG_DISCOUNT,MID_CAP,LINKUSDT,1h,8808,798,351,418,351,200,200,61,139,0.305,-0.08500000000000009,-0.08500000000000009,0.8776978417266186,-17.000000000000014,-27.70424392027794,-33.0597658804169,25.00000000000002,1.1257173861611276,1.1640552811512586,1070.4243920277922,5.35552196013896,200,0,106,57,37,-0.03773584905660377,-0.1578947368421056,-0.10810810810810811,MORE_RELIABLE_DESCRIPTIVE_SAMPLE,2025-10-04T00:00:00+00:00,2025-10-01T12:00:00+00:00,2026-10-03T11:00:00+00:00,2026-10-03T11:00:00+00:00,AVAILABLE_HISTORICAL_CAP_WINDOW,REGIME_NOT_AVAILABLE — no new HTF filters applied
SMALL_CAP_VOLUME_BOS,SMALL_CAP,LPTUSDT,5m,755,7,1,1,1,1,1,0,1,0.0,-1.0,-1.0,0.0,-1.0,-1.0398057142857144,-1.0599085714285716,1.0,1.0,0.0,3.980571428571438,0.02010285714285719,1,0,0,1,0,,-1.0,,VERY_SMALL,2026-09-30T14:50:00+00:00,2026-09-30T14:50:00+00:00,2026-10-03T12:20:00+00:00,2026-10-03T12:20:00+00:00,AVAILABLE_HISTORICAL_CAP_WINDOW,REGIME_NOT_AVAILABLE — no new HTF filters applied
SMALL_CAP_VOLUME_BOS,SMALL_CAP,LPTUSDT,15m,414,6,0,0,0,0,0,0,0,,,,,0,,,,,,0,0.0,0,0,0,0,0,,,,VERY_SMALL,2026-09-29T04:45:00+00:00,2026-09-29T04:45:00+00:00,2026-10-03T12:00:00+00:00,2026-10-03T12:00:00+00:00,AVAILABLE_HISTORICAL_CAP_WINDOW,REGIME_NOT_AVAILABLE — no new HTF filters applied
SMALL_CAP_VOLUME_BOS,SMALL_CAP,LPTUSDT,1h,253,2,0,0,0,0,0,0,0,,,,,0,,,,,,0,0.0,0,0,0,0,0,,,,VERY_SMALL,2026-09-22T23:00:00+00:00,2026-09-22T23:00:00+00:00,2026-10-03T11:00:00+00:00,2026-10-03T11:00:00+00:00,AVAILABLE_HISTORICAL_CAP_WINDOW,REGIME_NOT_AVAILABLE — no new HTF filters applied
SMALL_CAP_VOLUME_BOS,SMALL_CAP,MUBARAKUSDT,5m,586,4,0,0,0,0,0,0,0,,,,,0,,,,,,0,0.0,0,0,0,0,0,,,,VERY_SMALL,2026-09-30T14:30:00+00:00,2026-09-30T14:30:00+00:00,2026-10-03T12:20:00+00:00,2026-10-03T12:20:00+00:00,AVAILABLE_HISTORICAL_CAP_WINDOW,REGIME_NOT_AVAILABLE — no new HTF filters applied
SMALL_CAP_VOLUME_BOS,SMALL_CAP,MUBARAKUSDT,15m,424,6,0,0,0,0,0,0,0,,,,,0,,,,,,0,0.0,0,0,0,0,0,,,,VERY_SMALL,2026-09-29T02:15:00+00:00,2026-09-29T02:15:00+00:00,2026-10-03T12:00:00+00:00,2026-10-03T12:00:00+00:00,AVAILABLE_HISTORICAL_CAP_WINDOW,REGIME_NOT_AVAILABLE — no new HTF filters applied
SMALL_CAP_VOLUME_BOS,SMALL_CAP,MUBARAKUSDT,1h,255,2,0,0,0,0,0,0,0,,,,,0,,,,,,0,0.0,0,0,0,0,0,,,,VERY_SMALL,2026-09-22T21:00:00+00:00,2026-09-22T21:00:00+00:00,2026-10-03T11:00:00+00:00,2026-10-03T11:00:00+00:00,AVAILABLE_HISTORICAL_CAP_WINDOW,REGIME_NOT_AVAILABLE — no new HTF filters applied
SMALL_CAP_VOLUME_BOS,SMALL_CAP,NEOUSDT,5m,77727,894,143,143,143,130,130,38,92,0.2923076923076923,-0.12307692307692303,-0.12307692307692303,0.8260869565217391,-16.0,-31.80337775400134,-39.70826663100201,29.999999999999993,0.9547814469279455,1.1057413606720625,1580.3377754001347,7.904888877000673,130,0,70,26,34,-0.18571428571428572,-0.4230769230769228,0.23529411764705882,MORE_RELIABLE_DESCRIPTIVE_SAMPLE,2026-01-06T12:55:00+00:00,2026-01-06T12:55:00+00:00,2026-10-03T12:25:00+00:00,2026-10-03T12:25:00+00:00,AVAILABLE_HISTORICAL_CAP_WINDOW,REGIME_NOT_AVAILABLE — no new HTF filters applied
SMALL_CAP_VOLUME_BOS,SMALL_CAP,NEOUSDT,15m,415,5,0,0,0,0,0,0,0,,,,,0,,,,,,0,0.0,0,0,0,0,0,,,,VERY_SMALL,2026-09-29T04:45:00+00:00,2026-09-29T04:45:00+00:00,2026-10-03T12:15:00+00:00,2026-10-03T12:15:00+00:00,AVAILABLE_HISTORICAL_CAP_WINDOW,REGIME_NOT_AVAILABLE — no new HTF filters applied
SMALL_CAP_VOLUME_BOS,SMALL_CAP,NEOUSDT,1h,253,1,0,0,0,0,0,0,0,,,,,0,,,,,,0,0.0,0,0,0,0,0,,,,VERY_SMALL,2026-09-22T23:00:00+00:00,2026-09-22T23:00:00+00:00,2026-10-03T11:00:00+00:00,2026-10-03T11:00:00+00:00,AVAILABLE_HISTORICAL_CAP_WINDOW,REGIME_NOT_AVAILABLE — no new HTF filters applied
SMALL_CAP_VOLUME_BOS,SMALL_CAP,ONTUSDT,5m,77755,904,44,107,44,38,38,13,25,0.34210526315789475,0.026315789473684282,0.026315789473684282,1.04,1.0000000000000036,-2.148704565153144,-3.722856847729717,7.999999999999997,0.9248914172774795,1.1784014690022608,314.87045651531463,1.5741522825765732,38,0,31,0,7,0.16129032258064524,,-0.5714285714285714,DESCRIPTIVE,2026-01-06T12:55:00+00:00,2026-01-06T12:55:00+00:00,2026-10-03T12:55:00+00:00,2026-10-03T12:55:00+00:00,AVAILABLE_HISTORICAL_CAP_WINDOW,REGIME_NOT_AVAILABLE — no new HTF filters applied
SMALL_CAP_VOLUME_BOS,SMALL_CAP,ONTUSDT,15m,417,5,0,0,0,0,0,0,0,,,,,0,,,,,,0,0.0,0,0,0,0,0,,,,VERY_SMALL,2026-09-29T04:45:00+00:00,2026-09-29T04:45:00+00:00,2026-10-03T12:45:00+00:00,2026-10-03T12:45:00+00:00,AVAILABLE_HISTORICAL_CAP_WINDOW,REGIME_NOT_AVAILABLE — no new HTF filters applied
SMALL_CAP_VOLUME_BOS,SMALL_CAP,ONTUSDT,1h,254,0,0,0,0,0,0,0,0,,,,,0,,,,,,0,0.0,0,0,0,0,0,,,,VERY_SMALL,2026-09-22T23:00:00+00:00,2026-09-22T23:00:00+00:00,2026-10-03T12:00:00+00:00,2026-10-03T12:00:00+00:00,AVAILABLE_HISTORICAL_CAP_WINDOW,REGIME_NOT_AVAILABLE — no new HTF filters applied
SMALL_CAP_VOLUME_BOS,SMALL_CAP,OPUSDT,5m,839,11,1,1,1,1,1,0,1,0.0,-1.0,-1.0,0.0,-1.0,-1.0344810457516338,-1.0519215686274508,1.0,1.0522875816993442,0.5392156862745036,3.448104575163391,0.017440522875816954,1,0,1,0,0,-1.0,,,VERY_SMALL,2026-09-30T14:30:00+00:00,2026-09-30T14:30:00+00:00,2026-10-03T12:20:00+00:00,2026-10-03T12:20:00+00:00,AVAILABLE_HISTORICAL_CAP_WINDOW,REGIME_NOT_AVAILABLE — no new HTF filters applied
SMALL_CAP_VOLUME_BOS,SMALL_CAP,OPUSDT,15m,424,4,0,0,0,0,0,0,0,,,,,0,,,,,,0,0.0,0,0,0,0,0,,,,VERY_SMALL,2026-09-29T02:15:00+00:00,2026-09-29T02:15:00+00:00,2026-10-03T12:00:00+00:00,2026-10-03T12:00:00+00:00,AVAILABLE_HISTORICAL_CAP_WINDOW,REGIME_NOT_AVAILABLE — no new HTF filters applied
SMALL_CAP_VOLUME_BOS,SMALL_CAP,OPUSDT,1h,255,0,0,0,0,0,0,0,0,,,,,0,,,,,,0,0.0,0,0,0,0,0,,,,VERY_SMALL,2026-09-22T21:00:00+00:00,2026-09-22T21:00:00+00:00,2026-10-03T11:00:00+00:00,2026-10-03T11:00:00+00:00,AVAILABLE_HISTORICAL_CAP_WINDOW,REGIME_NOT_AVAILABLE — no new HTF filters applied
SMALL_CAP_VOLUME_BOS,SMALL_CAP,PENDLEUSDT,5m,566,10,1,1,1,1,1,0,1,0.0,-1.0,-1.0,0.0,-1.0,-1.0819685589519652,-1.1231528384279479,1.0,1.0043668122270835,0.7336244541484709,8.196855895196535,0.04118427947598268,1,0,1,0,0,-1.0,,,VERY_SMALL,2026-09-30T14:30:00+00:00,2026-09-30T14:30:00+00:00,2026-10-03T11:10:00+00:00,2026-10-03T11:10:00+00:00,AVAILABLE_HISTORICAL_CAP_WINDOW,REGIME_NOT_AVAILABLE — no new HTF filters applied
SMALL_CAP_VOLUME_BOS,SMALL_CAP,PENDLEUSDT,15m,420,6,0,0,0,0,0,0,0,,,,,0,,,,,,0,0.0,0,0,0,0,0,,,,VERY_SMALL,2026-09-29T02:15:00+00:00,2026-09-29T02:15:00+00:00,2026-10-03T11:00:00+00:00,2026-10-03T11:00:00+00:00,AVAILABLE_HISTORICAL_CAP_WINDOW,REGIME_NOT_AVAILABLE — no new HTF filters applied
SMALL_CAP_VOLUME_BOS,SMALL_CAP,PENDLEUSDT,1h,254,0,0,0,0,0,0,0,0,,,,,0,,,,,,0,0.0,0,0,0,0,0,,,,VERY_SMALL,2026-09-22T21:00:00+00:00,2026-09-22T21:00:00+00:00,2026-10-03T10:00:00+00:00,2026-10-03T10:00:00+00:00,AVAILABLE_HISTORICAL_CAP_WINDOW,REGIME_NOT_AVAILABLE — no new HTF filters applied
SMALL_CAP_VOLUME_BOS,SMALL_CAP,PLUMEUSDT,5m,640,12,1,1,1,1,1,0,1,0.0,-1.0,-1.0,0.0,-1.0,-1.0444470588235295,-1.0668705882352942,1.0,1.3529411764705943,0.029411764705881152,4.444705882352941,0.022423529411764703,1,0,0,1,0,,-1.0,,VERY_SMALL,2026-09-30T14:30:00+00:00,2026-09-30T14:30:00+00:00,2026-10-02T19:45:00+00:00,2026-10-02T19:45:00+00:00,AVAILABLE_HISTORICAL_CAP_WINDOW,REGIME_NOT_AVAILABLE — no new HTF filters applied
SMALL_CAP_VOLUME_BOS,SMALL_CAP,PLUMEUSDT,15m,424,6,0,0,0,0,0,0,0,,,,,0,,,,,,0,0.0,0,0,0,0,0,,,,VERY_SMALL,2026-09-29T02:15:00+00:00,2026-09-29T02:15:00+00:00,2026-10-03T12:00:00+00:00,2026-10-03T12:00:00+00:00,AVAILABLE_HISTORICAL_CAP_WINDOW,REGIME_NOT_AVAILABLE — no new HTF filters applied
SMALL_CAP_VOLUME_BOS,SMALL_CAP,PLUMEUSDT,1h,255,3,1,1,1,1,1,0,1,0.0,-1.0,-1.0,0.0,-1.0,-1.0190698795180722,-1.0288048192771082,1.0,1.0481927710843353,0.08433734939759102,1.9069879518072268,0.009734939759036136,1,0,0,1,0,,-1.0,,VERY_SMALL,2026-09-22T21:00:00+00:00,2026-09-22T21:00:00+00:00,2026-10-03T11:00:00+00:00,2026-10-03T11:00:00+00:00,AVAILABLE_HISTORICAL_CAP_WINDOW,REGIME_NOT_AVAILABLE — no new HTF filters applied
SMALL_CAP_VOLUME_BOS,SMALL_CAP,PYTHUSDT,5m,640,8,1,1,1,1,1,1,0,1.0,2.0,2.0,inf,2.0,1.9126111111111108,1.8693166666666663,0.0,0.2916666666666699,2.25,8.738888888888908,0.04329444444444454,1,0,0,0,1,,,2.0,VERY_SMALL,2026-09-30T14:30:00+00:00,2026-09-30T14:30:00+00:00,2026-10-02T19:45:00+00:00,2026-10-02T19:45:00+00:00,AVAILABLE_HISTORICAL_CAP_WINDOW,REGIME_NOT_AVAILABLE — no new HTF filters applied
SMALL_CAP_VOLUME_BOS,SMALL_CAP,PYTHUSDT,15m,424,7,1,1,1,1,1,0,1,0.0,-1.0,-1.0,0.0,-1.0,-1.0403122580645159,-1.060668387096774,1.0,1.2967741935483865,1.2258064516128948,4.031225806451587,0.02035612903225794,1,0,0,1,0,,-1.0,,VERY_SMALL,2026-09-29T02:15:00+00:00,2026-09-29T02:15:00+00:00,2026-10-03T12:00:00+00:00,2026-10-03T12:00:00+00:00,AVAILABLE_HISTORICAL_CAP_WINDOW,REGIME_NOT_AVAILABLE — no new HTF filters applied
SMALL_CAP_VOLUME_BOS,SMALL_CAP,PYTHUSDT,1h,255,2,0,0,0,0,0,0,0,,,,,0,,,,,,0,0.0,0,0,0,0,0,,,,VERY_SMALL,2026-09-22T21:00:00+00:00,2026-09-22T21:00:00+00:00,2026-10-03T11:00:00+00:00,2026-10-03T11:00:00+00:00,AVAILABLE_HISTORICAL_CAP_WINDOW,REGIME_NOT_AVAILABLE — no new HTF filters applied
SMALL_CAP_VOLUME_BOS,SMALL_CAP,RAVEUSDT,5m,843,4,1,1,1,1,1,0,1,0.0,-1.0,-1.0,0.0,-1.0,-1.15584,-1.23396,1.0,1.0,0.0,15.583999999999985,0.07811999999999994,1,0,0,0,1,,,-1.0,VERY_SMALL,2026-09-30T14:30:00+00:00,2026-09-30T14:30:00+00:00,2026-10-03T12:40:00+00:00,2026-10-03T12:40:00+00:00,AVAILABLE_HISTORICAL_CAP_WINDOW,REGIME_NOT_AVAILABLE — no new HTF filters applied
SMALL_CAP_VOLUME_BOS,SMALL_CAP,RAVEUSDT,15m,416,5,0,0,0,0,0,0,0,,,,,0,,,,,,0,0.0,0,0,0,0,0,,,,VERY_SMALL,2026-09-29T04:45:00+00:00,2026-09-29T04:45:00+00:00,2026-10-03T12:30:00+00:00,2026-10-03T12:30:00+00:00,AVAILABLE_HISTORICAL_CAP_WINDOW,REGIME_NOT_AVAILABLE — no new HTF filters applied
SMALL_CAP_VOLUME_BOS,SMALL_CAP,RAVEUSDT,1h,254,3,0,0,0,0,0,0,0,,,,,0,,,,,,0,0.0,0,0,0,0,0,,,,VERY_SMALL,2026-09-22T22:00:00+00:00,2026-09-22T22:00:00+00:00,2026-10-03T11:00:00+00:00,2026-10-03T11:00:00+00:00,AVAILABLE_HISTORICAL_CAP_WINDOW,REGIME_NOT_AVAILABLE — no new HTF filters applied
MID_CAP_FVG_DISCOUNT,MID_CAP,RENDERUSDT,5m,843,80,12,43,12,4,4,0,4,0.0,-1.0,-1.0,0.0,-4.0,-4.677016082725869,-5.016324124088803,4.0,1.2564008079695475,0.8011039414988956,67.7016082725869,0.3393080413629345,4,0,0,0,4,,,-1.0,VERY_SMALL,2026-09-30T14:30:00+00:00,2026-09-30T14:30:00+00:00,2026-10-03T12:40:00+00:00,2026-10-03T12:40:00+00:00,AVAILABLE_HISTORICAL_CAP_WINDOW,REGIME_NOT_AVAILABLE — no new HTF filters applied
SMALL_CAP_VOLUME_BOS,SMALL_CAP,RENDERUSDT,5m,843,3,1,1,1,1,1,0,1,0.0,-1.0,-1.0,0.0,-1.0,-1.0507741935483867,-1.07636129032258,1.0,1.0967741935483832,0.9032258064516097,5.077419354838687,0.025587096774193435,1,0,1,0,0,-1.0,,,VERY_SMALL,2026-09-30T14:30:00+00:00,2026-09-30T14:30:00+00:00,2026-10-03T12:40:00+00:00,2026-10-03T12:40:00+00:00,AVAILABLE_HISTORICAL_CAP_WINDOW,REGIME_NOT_AVAILABLE — no new HTF filters applied
MID_CAP_FVG_DISCOUNT,MID_CAP,RENDERUSDT,15m,426,40,2,19,2,2,2,1,1,0.5,0.5,0.5,2.0,1.0,0.8412404259369621,0.7620606389054433,1.0,0.6679619047892548,1.1034213151979544,15.875957406303769,0.07917978703151887,2,0,0,0,2,,,0.5,VERY_SMALL,2026-09-29T02:15:00+00:00,2026-09-29T02:15:00+00:00,2026-10-03T12:30:00+00:00,2026-10-03T12:30:00+00:00,AVAILABLE_HISTORICAL_CAP_WINDOW,REGIME_NOT_AVAILABLE — no new HTF filters applied
SMALL_CAP_VOLUME_BOS,SMALL_CAP,RENDERUSDT,15m,426,3,0,0,0,0,0,0,0,,,,,0,,,,,,0,0.0,0,0,0,0,0,,,,VERY_SMALL,2026-09-29T02:15:00+00:00,2026-09-29T02:15:00+00:00,2026-10-03T12:30:00+00:00,2026-10-03T12:30:00+00:00,AVAILABLE_HISTORICAL_CAP_WINDOW,REGIME_NOT_AVAILABLE — no new HTF filters applied
MID_CAP_FVG_DISCOUNT,MID_CAP,RENDERUSDT,1h,255,22,6,8,6,2,2,1,1,0.5,0.4999999999999981,0.4999999999999981,1.9999999999999962,0.9999999999999962,0.9383471609673257,0.9077207414509905,1.0,0.8833165376713848,1.9965147328042772,6.165283903267046,0.03062641951633523,2,0,2,0,0,0.4999999999999981,,,VERY_SMALL,2026-09-22T21:00:00+00:00,2026-09-22T21:00:00+00:00,2026-10-03T11:00:00+00:00,2026-10-03T11:00:00+00:00,AVAILABLE_HISTORICAL_CAP_WINDOW,REGIME_NOT_AVAILABLE — no new HTF filters applied
SMALL_CAP_VOLUME_BOS,SMALL_CAP,RENDERUSDT,1h,255,1,0,0,0,0,0,0,0,,,,,0,,,,,,0,0.0,0,0,0,0,0,,,,VERY_SMALL,2026-09-22T21:00:00+00:00,2026-09-22T21:00:00+00:00,2026-10-03T11:00:00+00:00,2026-10-03T11:00:00+00:00,AVAILABLE_HISTORICAL_CAP_WINDOW,REGIME_NOT_AVAILABLE — no new HTF filters applied
SMALL_CAP_VOLUME_BOS,SMALL_CAP,ROSEUSDT,5m,835,7,2,2,2,2,2,0,2,0.0,-1.0,-1.0,0.0,-2.0,-2.157864341085271,-2.2371965116279067,2.0,1.0895712209302344,0.7027010658914661,15.786434108527134,0.07933217054263568,2,0,1,0,1,-1.0,,-1.0,VERY_SMALL,2026-09-30T14:55:00+00:00,2026-09-30T14:55:00+00:00,2026-10-03T12:25:00+00:00,2026-10-03T12:25:00+00:00,AVAILABLE_HISTORICAL_CAP_WINDOW,REGIME_NOT_AVAILABLE — no new HTF filters applied
SMALL_CAP_VOLUME_BOS,SMALL_CAP,ROSEUSDT,15m,415,3,1,1,1,1,1,0,1,0.0,-1.0,-1.0,0.0,-1.0,-1.0554730158730152,-1.083409523809523,1.0,1.4365079365079287,0.2063492063492044,5.547301587301539,0.02793650793650769,1,0,0,1,0,,-1.0,,VERY_SMALL,2026-09-29T04:45:00+00:00,2026-09-29T04:45:00+00:00,2026-10-03T12:15:00+00:00,2026-10-03T12:15:00+00:00,AVAILABLE_HISTORICAL_CAP_WINDOW,REGIME_NOT_AVAILABLE — no new HTF filters applied
SMALL_CAP_VOLUME_BOS,SMALL_CAP,ROSEUSDT,1h,253,1,0,0,0,0,0,0,0,,,,,0,,,,,,0,0.0,0,0,0,0,0,,,,VERY_SMALL,2026-09-22T23:00:00+00:00,2026-09-22T23:00:00+00:00,2026-10-03T11:00:00+00:00,2026-10-03T11:00:00+00:00,AVAILABLE_HISTORICAL_CAP_WINDOW,REGIME_NOT_AVAILABLE — no new HTF filters applied
SMALL_CAP_VOLUME_BOS,SMALL_CAP,RUNEUSDT,5m,800,3,1,1,1,1,1,0,1,0.0,-1.0,-1.0,0.0,-1.0,-1.0895605633802818,-1.1345408450704226,1.0,1.1690140845070394,0.08450704225352751,8.956056338028176,0.04498028169014088,1,0,1,0,0,-1.0,,,VERY_SMALL,2026-09-30T14:30:00+00:00,2026-09-30T14:30:00+00:00,2026-10-03T12:20:00+00:00,2026-10-03T12:20:00+00:00,AVAILABLE_HISTORICAL_CAP_WINDOW,REGIME_NOT_AVAILABLE — no new HTF filters applied
SMALL_CAP_VOLUME_BOS,SMALL_CAP,RUNEUSDT,15m,419,4,0,0,0,0,0,0,0,,,,,0,,,,,,0,0.0,0,0,0,0,0,,,,VERY_SMALL,2026-09-29T02:15:00+00:00,2026-09-29T02:15:00+00:00,2026-10-03T12:00:00+00:00,2026-10-03T12:00:00+00:00,AVAILABLE_HISTORICAL_CAP_WINDOW,REGIME_NOT_AVAILABLE — no new HTF filters applied
SMALL_CAP_VOLUME_BOS,SMALL_CAP,RUNEUSDT,1h,255,8,1,1,1,0,0,0,0,,,,,0,,,,,,0,0.0,0,0,0,0,0,,,,VERY_SMALL,2026-09-22T21:00:00+00:00,2026-09-22T21:00:00+00:00,2026-10-03T11:00:00+00:00,2026-10-03T11:00:00+00:00,AVAILABLE_HISTORICAL_CAP_WINDOW,REGIME_NOT_AVAILABLE — no new HTF filters applied
SMALL_CAP_VOLUME_BOS,SMALL_CAP,SEIUSDT,5m,836,6,1,1,1,1,1,1,0,1.0,2.0,2.0,inf,2.0,1.8498736842105286,1.7752105263157927,0.0,0.02631578947371016,2.052631578947311,15.012631578947161,0.07466315789473581,1,0,0,0,1,,,2.0,VERY_SMALL,2026-09-30T14:30:00+00:00,2026-09-30T14:30:00+00:00,2026-10-03T12:20:00+00:00,2026-10-03T12:20:00+00:00,AVAILABLE_HISTORICAL_CAP_WINDOW,REGIME_NOT_AVAILABLE — no new HTF filters applied
SMALL_CAP_VOLUME_BOS,SMALL_CAP,SEIUSDT,15m,424,1,0,0,0,0,0,0,0,,,,,0,,,,,,0,0.0,0,0,0,0,0,,,,VERY_SMALL,2026-09-29T02:15:00+00:00,2026-09-29T02:15:00+00:00,2026-10-03T12:00:00+00:00,2026-10-03T12:00:00+00:00,AVAILABLE_HISTORICAL_CAP_WINDOW,REGIME_NOT_AVAILABLE — no new HTF filters applied
SMALL_CAP_VOLUME_BOS,SMALL_CAP,SEIUSDT,1h,255,3,0,0,0,0,0,0,0,,,,,0,,,,,,0,0.0,0,0,0,0,0,,,,VERY_SMALL,2026-09-22T21:00:00+00:00,2026-09-22T21:00:00+00:00,2026-10-03T11:00:00+00:00,2026-10-03T11:00:00+00:00,AVAILABLE_HISTORICAL_CAP_WINDOW,REGIME_NOT_AVAILABLE — no new HTF filters applied
MID_CAP_FVG_DISCOUNT,MID_CAP,SKYUSDT,5m,452,49,23,23,23,4,4,4,0,1.0,2.0,2.0,inf,8.0,7.429392832363469,7.145689248545204,0.0,0.4380765980624307,10.631679518446003,57.06071676365304,0.2837035838182652,4,0,4,0,0,2.0,,,VERY_SMALL,2026-09-30T14:30:00+00:00,2026-09-30T14:30:00+00:00,2026-10-03T12:20:00+00:00,2026-10-03T12:20:00+00:00,AVAILABLE_HISTORICAL_CAP_WINDOW,REGIME_NOT_AVAILABLE — no new HTF filters applied
MID_CAP_FVG_DISCOUNT,MID_CAP,SKYUSDT,15m,420,55,21,21,21,9,9,3,6,0.3333333333333333,0.0,0.0,1.0,0.0,-0.4875566844325523,-0.7313350266488284,3.0,0.9316240734906651,0.9850314447933033,48.75566844325522,0.24377834221627612,9,0,7,1,1,-0.14285714285714285,2.0,-1.0,VERY_SMALL,2026-09-29T02:15:00+00:00,2026-09-29T02:15:00+00:00,2026-10-03T12:00:00+00:00,2026-10-03T12:00:00+00:00,AVAILABLE_HISTORICAL_CAP_WINDOW,REGIME_NOT_AVAILABLE — no new HTF filters applied
MID_CAP_FVG_DISCOUNT,MID_CAP,SKYUSDT,1h,255,30,15,15,15,6,6,4,2,0.6666666666666666,1.0,1.0,4.0,6.0,5.82850094565673,5.743951418485095,1.0,0.8664284736282742,1.7545966664961947,17.149905434327025,0.08454952717163512,6,0,4,2,0,1.25,0.5,,VERY_SMALL,2026-09-22T21:00:00+00:00,2026-09-22T21:00:00+00:00,2026-10-03T11:00:00+00:00,2026-10-03T11:00:00+00:00,AVAILABLE_HISTORICAL_CAP_WINDOW,REGIME_NOT_AVAILABLE — no new HTF filters applied
SMALL_CAP_VOLUME_BOS,SMALL_CAP,SNXUSDT,5m,779,11,1,1,1,1,1,0,1,0.0,-1.0,-1.0,0.0,-1.0,-1.0928363636363623,-1.1394545454545433,1.0,1.0,0.4090909090908827,9.283636363636216,0.04661818181818107,1,0,0,0,1,,,-1.0,VERY_SMALL,2026-09-30T14:50:00+00:00,2026-09-30T14:50:00+00:00,2026-10-03T12:55:00+00:00,2026-10-03T12:55:00+00:00,AVAILABLE_HISTORICAL_CAP_WINDOW,REGIME_NOT_AVAILABLE — no new HTF filters applied
SMALL_CAP_VOLUME_BOS,SMALL_CAP,SNXUSDT,15m,417,1,0,0,0,0,0,0,0,,,,,0,,,,,,0,0.0,0,0,0,0,0,,,,VERY_SMALL,2026-09-29T04:45:00+00:00,2026-09-29T04:45:00+00:00,2026-10-03T12:45:00+00:00,2026-10-03T12:45:00+00:00,AVAILABLE_HISTORICAL_CAP_WINDOW,REGIME_NOT_AVAILABLE — no new HTF filters applied
SMALL_CAP_VOLUME_BOS,SMALL_CAP,SNXUSDT,1h,254,0,0,0,0,0,0,0,0,,,,,0,,,,,,0,0.0,0,0,0,0,0,,,,VERY_SMALL,2026-09-22T23:00:00+00:00,2026-09-22T23:00:00+00:00,2026-10-03T12:00:00+00:00,2026-10-03T12:00:00+00:00,AVAILABLE_HISTORICAL_CAP_WINDOW,REGIME_NOT_AVAILABLE — no new HTF filters applied
LARGE_CAP_SWEEP_CHOCH,LARGE_CAP,SOLUSDT,5m,77718,2017,663,663,663,433,433,141,292,0.325635103926097,-0.023094688221708962,-0.023094688221708962,0.9657534246575342,-10.0,-66.4104242357738,-94.6176363536607,32.99999999999998,0.9794428504873464,1.1970764845392086,5641.042423577382,28.207212117886897,433,0,261,80,92,-0.09195402298850568,0.0875,0.07608695652173914,MORE_RELIABLE_DESCRIPTIVE_SAMPLE,2026-01-06T12:55:00+00:00,2026-01-06T12:55:00+00:00,2026-10-03T13:13:30+00:00,2026-10-03T13:10:00+00:00,AVAILABLE_HISTORICAL_CAP_WINDOW,REGIME_NOT_AVAILABLE — no new HTF filters applied
LARGE_CAP_SWEEP_CHOCH,LARGE_CAP,SOLUSDT,15m,35053,952,302,302,302,216,216,65,151,0.30092592592592593,-0.09722222222222224,-0.09722222222222224,0.8609271523178808,-21.0,-36.24386889937256,-43.870003349058834,29.000000000000004,1.0401581121259444,1.1905564043053318,1524.3868899372553,7.626134449686275,216,0,127,46,43,-0.007874015748031512,-0.28260869565217395,-0.16279069767441862,MORE_RELIABLE_DESCRIPTIVE_SAMPLE,2025-10-04T00:00:00+00:00,2025-10-03T09:00:00+00:00,2026-10-03T13:13:30+00:00,2026-10-03T13:00:00+00:00,AVAILABLE_HISTORICAL_CAP_WINDOW,REGIME_NOT_AVAILABLE — no new HTF filters applied
LARGE_CAP_SWEEP_CHOCH,LARGE_CAP,SOLUSDT,1h,8809,237,69,69,69,39,39,13,26,0.3333333333333333,1.25255930983351e-16,1.25255930983351e-16,1.0000000000000002,3.552713678800501e-15,-1.3124100062333517,-1.9686150093500294,4.0,0.9945832135586912,1.3990614498311438,131.24100062333557,0.6562050031166778,39,0,22,9,8,-0.04545454545454533,0.3333333333333336,-0.25,DESCRIPTIVE,2025-10-04T00:00:00+00:00,2025-10-01T12:00:00+00:00,2026-10-03T12:00:00+00:00,2026-10-03T12:00:00+00:00,AVAILABLE_HISTORICAL_CAP_WINDOW,REGIME_NOT_AVAILABLE — no new HTF filters applied
SMALL_CAP_VOLUME_BOS,SMALL_CAP,SPKUSDT,5m,839,18,3,3,3,2,2,1,1,0.5,0.5,0.5,2.0,1.0,0.9449910669975183,0.9176866004962776,1.0,0.8942307692307707,1.6972704714640172,5.500893300248141,0.0273044665012407,2,0,1,1,0,2.0,-1.0,,VERY_SMALL,2026-09-30T14:30:00+00:00,2026-09-30T14:30:00+00:00,2026-10-03T12:20:00+00:00,2026-10-03T12:20:00+00:00,AVAILABLE_HISTORICAL_CAP_WINDOW,REGIME_NOT_AVAILABLE — no new HTF filters applied
SMALL_CAP_VOLUME_BOS,SMALL_CAP,SPKUSDT,15m,414,8,2,2,2,2,2,1,1,0.5,0.5,0.5,2.0,1.0,0.9023481993517712,0.8537222990276571,1.0,0.9199681341037458,1.7114572887415025,9.765180064822841,0.04862590032411421,2,0,0,2,0,,0.5,,VERY_SMALL,2026-09-29T04:45:00+00:00,2026-09-29T04:45:00+00:00,2026-10-03T12:00:00+00:00,2026-10-03T12:00:00+00:00,AVAILABLE_HISTORICAL_CAP_WINDOW,REGIME_NOT_AVAILABLE — no new HTF filters applied
SMALL_CAP_VOLUME_BOS,SMALL_CAP,SPKUSDT,1h,254,7,1,1,1,1,1,0,1,0.0,-1.0,-1.0,0.0,-1.0,-1.0144,-1.0218,1.0,1.0140845070422528,0.04225352112675881,1.439999999999999,0.007399999999999995,1,0,0,0,1,,,-1.0,VERY_SMALL,2026-09-22T22:00:00+00:00,2026-09-22T22:00:00+00:00,2026-10-03T11:00:00+00:00,2026-10-03T11:00:00+00:00,AVAILABLE_HISTORICAL_CAP_WINDOW,REGIME_NOT_AVAILABLE — no new HTF filters applied
SMALL_CAP_VOLUME_BOS,SMALL_CAP,STRKUSDT,5m,520,5,0,0,0,0,0,0,0,,,,,0,,,,,,0,0.0,0,0,0,0,0,,,,VERY_SMALL,2026-09-30T14:30:00+00:00,2026-09-30T14:30:00+00:00,2026-10-02T09:45:00+00:00,2026-10-02T09:45:00+00:00,AVAILABLE_HISTORICAL_CAP_WINDOW,REGIME_NOT_AVAILABLE — no new HTF filters applied
SMALL_CAP_VOLUME_BOS,SMALL_CAP,STRKUSDT,15m,424,4,0,0,0,0,0,0,0,,,,,0,,,,,,0,0.0,0,0,0,0,0,,,,VERY_SMALL,2026-09-29T02:15:00+00:00,2026-09-29T02:15:00+00:00,2026-10-03T12:00:00+00:00,2026-10-03T12:00:00+00:00,AVAILABLE_HISTORICAL_CAP_WINDOW,REGIME_NOT_AVAILABLE — no new HTF filters applied
SMALL_CAP_VOLUME_BOS,SMALL_CAP,STRKUSDT,1h,255,0,0,0,0,0,0,0,0,,,,,0,,,,,,0,0.0,0,0,0,0,0,,,,VERY_SMALL,2026-09-22T21:00:00+00:00,2026-09-22T21:00:00+00:00,2026-10-03T11:00:00+00:00,2026-10-03T11:00:00+00:00,AVAILABLE_HISTORICAL_CAP_WINDOW,REGIME_NOT_AVAILABLE — no new HTF filters applied
SMALL_CAP_VOLUME_BOS,SMALL_CAP,STXUSDT,5m,839,7,0,0,0,0,0,0,0,,,,,0,,,,,,0,0.0,0,0,0,0,0,,,,VERY_SMALL,2026-09-30T14:30:00+00:00,2026-09-30T14:30:00+00:00,2026-10-03T12:20:00+00:00,2026-10-03T12:20:00+00:00,AVAILABLE_HISTORICAL_CAP_WINDOW,REGIME_NOT_AVAILABLE — no new HTF filters applied
SMALL_CAP_VOLUME_BOS,SMALL_CAP,STXUSDT,15m,424,6,1,1,1,1,1,1,0,1.0,2.0,2.0,inf,2.0,1.9640639999999998,1.9464959999999998,0.0,0.8933333333333378,2.4666666666666592,3.5935999999999972,0.017567999999999986,1,0,1,0,0,2.0,,,VERY_SMALL,2026-09-29T02:15:00+00:00,2026-09-29T02:15:00+00:00,2026-10-03T12:00:00+00:00,2026-10-03T12:00:00+00:00,AVAILABLE_HISTORICAL_CAP_WINDOW,REGIME_NOT_AVAILABLE — no new HTF filters applied
SMALL_CAP_VOLUME_BOS,SMALL_CAP,STXUSDT,1h,255,8,1,1,1,1,1,0,1,0.0,-1.0,-1.0,0.0,-1.0,-1.0268648446879995,-1.0404972670319992,1.0,1.085257110353473,0.7268235693192998,2.686484468799949,0.013632422343999747,1,0,1,0,0,-1.0,,,VERY_SMALL,2026-09-22T21:00:00+00:00,2026-09-22T21:00:00+00:00,2026-10-03T11:00:00+00:00,2026-10-03T11:00:00+00:00,AVAILABLE_HISTORICAL_CAP_WINDOW,REGIME_NOT_AVAILABLE — no new HTF filters applied
MID_CAP_FVG_DISCOUNT,MID_CAP,SUIUSDT,5m,12371,1390,692,692,692,368,368,135,233,0.36684782608695654,0.10054347826086958,0.10054347826086958,1.1587982832618027,37.0,-9.996314088427155,-33.48707113264073,18.0,1.022503319922716,1.2915309169159235,4699.631408842716,23.490757044213574,368,0,225,71,72,0.09333333333333334,0.3521126760563381,-0.125,MORE_RELIABLE_DESCRIPTIVE_SAMPLE,2026-08-19T19:30:00+00:00,2026-08-19T19:30:00+00:00,2026-10-03T13:14:50+00:00,2026-10-03T13:10:00+00:00,AVAILABLE_HISTORICAL_CAP_WINDOW,REGIME_NOT_AVAILABLE — no new HTF filters applied
MID_CAP_FVG_DISCOUNT,MID_CAP,SUIUSDT,15m,12267,1243,651,651,651,348,348,111,237,0.31896551724137934,-0.04310344827586207,-0.04310344827586207,0.9367088607594937,-15.0,-51.06304806652073,-69.0975720997811,38.0,1.121069216753726,1.2427969437219126,3606.304806652073,18.03452403326037,348,0,221,64,63,-0.09049773755656108,-0.109375,0.19047619047619047,MORE_RELIABLE_DESCRIPTIVE_SAMPLE,2026-05-27T02:15:00+00:00,2026-05-27T02:15:00+00:00,2026-10-03T13:14:50+00:00,2026-10-03T13:00:00+00:00,AVAILABLE_HISTORICAL_CAP_WINDOW,REGIME_NOT_AVAILABLE — no new HTF filters applied
LARGE_CAP_SWEEP_CHOCH,LARGE_CAP,SUIUSDT,1h,8808,262,1,74,1,1,1,0,1,0.0,-1.0,-1.0,0.0,-1.0,-1.0248906666666666,-1.037536,1.0,1.0906666666666645,0.04888888888888536,2.4890666666666608,0.012645333333333305,1,0,1,0,0,-1.0,,,VERY_SMALL,2025-10-04T00:00:00+00:00,2025-10-01T12:00:00+00:00,2026-10-03T11:00:00+00:00,2026-10-03T11:00:00+00:00,AVAILABLE_HISTORICAL_CAP_WINDOW,REGIME_NOT_AVAILABLE — no new HTF filters applied
MID_CAP_FVG_DISCOUNT,MID_CAP,SUIUSDT,1h,8808,764,420,430,420,234,234,71,163,0.3034188034188034,-0.08974358974358973,-0.08974358974358973,0.8711656441717791,-21.0,-31.42379839778757,-36.63989759668136,31.999999999999996,1.1877490708376632,1.1485774763121226,1042.3798397787573,5.216099198893788,234,0,131,56,47,-0.06106870229007627,-0.14285714285714293,-0.10638297872340426,MORE_RELIABLE_DESCRIPTIVE_SAMPLE,2025-10-04T00:00:00+00:00,2025-10-01T12:00:00+00:00,2026-10-03T11:00:00+00:00,2026-10-03T11:00:00+00:00,AVAILABLE_HISTORICAL_CAP_WINDOW,REGIME_NOT_AVAILABLE — no new HTF filters applied
SMALL_CAP_VOLUME_BOS,SMALL_CAP,SUSHIUSDT,5m,798,4,1,1,1,1,1,0,1,0.0,-1.0,-1.0,0.0,-1.0,-1.0468533333333332,-1.0704799999999999,1.0,1.0444444444444394,0.6888888888888864,4.685333333333329,0.023626666666666647,1,0,1,0,0,-1.0,,,VERY_SMALL,2026-09-30T14:30:00+00:00,2026-09-30T14:30:00+00:00,2026-10-03T12:25:00+00:00,2026-10-03T12:25:00+00:00,AVAILABLE_HISTORICAL_CAP_WINDOW,REGIME_NOT_AVAILABLE — no new HTF filters applied
SMALL_CAP_VOLUME_BOS,SMALL_CAP,SUSHIUSDT,15m,422,6,0,0,0,0,0,0,0,,,,,0,,,,,,0,0.0,0,0,0,0,0,,,,VERY_SMALL,2026-09-29T02:15:00+00:00,2026-09-29T02:15:00+00:00,2026-10-03T12:15:00+00:00,2026-10-03T12:15:00+00:00,AVAILABLE_HISTORICAL_CAP_WINDOW,REGIME_NOT_AVAILABLE — no new HTF filters applied
SMALL_CAP_VOLUME_BOS,SMALL_CAP,SUSHIUSDT,1h,255,2,0,0,0,0,0,0,0,,,,,0,,,,,,0,0.0,0,0,0,0,0,,,,VERY_SMALL,2026-09-22T21:00:00+00:00,2026-09-22T21:00:00+00:00,2026-10-03T11:00:00+00:00,2026-10-03T11:00:00+00:00,AVAILABLE_HISTORICAL_CAP_WINDOW,REGIME_NOT_AVAILABLE — no new HTF filters applied
LARGE_CAP_SWEEP_CHOCH,LARGE_CAP,TRXUSDT,5m,77754,1762,563,563,563,437,437,166,271,0.37986270022883295,0.13958810068649885,0.13958810068649885,1.2250922509225093,61.0,-135.80068189850104,-234.18882284775162,21.0,0.9588325140825487,1.3286573177690741,19680.068189850106,98.38814094925058,437,0,269,89,79,0.07063197026022305,0.21348314606741572,0.2911392405063291,MORE_RELIABLE_DESCRIPTIVE_SAMPLE,2026-01-06T12:55:00+00:00,2026-01-06T12:55:00+00:00,2026-10-03T12:20:00+00:00,2026-10-03T12:20:00+00:00,AVAILABLE_HISTORICAL_CAP_WINDOW,REGIME_NOT_AVAILABLE — no new HTF filters applied
LARGE_CAP_SWEEP_CHOCH,LARGE_CAP,TRXUSDT,15m,416,6,3,3,3,3,3,2,1,0.6666666666666666,1.0,1.0,4.0,3.0,2.4608564323177924,2.1918846484766887,1.0,0.43522759952344936,1.5396948482637212,53.91435676822074,0.2689717838411037,3,0,3,0,0,1.0,,,VERY_SMALL,2026-09-29T02:15:00+00:00,2026-09-29T02:15:00+00:00,2026-10-03T12:00:00+00:00,2026-10-03T12:00:00+00:00,AVAILABLE_HISTORICAL_CAP_WINDOW,REGIME_NOT_AVAILABLE — no new HTF filters applied
LARGE_CAP_SWEEP_CHOCH,LARGE_CAP,TRXUSDT,1h,255,3,2,2,2,1,1,0,1,0.0,-1.0,-1.0,0.0,-1.0,-1.22683427063822,-1.34045140595733,1.0,1.246806331325918,0.09329843295635863,22.683427063821988,0.11361713531910994,1,0,1,0,0,-1.0,,,VERY_SMALL,2026-09-22T21:00:00+00:00,2026-09-22T21:00:00+00:00,2026-10-03T11:00:00+00:00,2026-10-03T11:00:00+00:00,AVAILABLE_HISTORICAL_CAP_WINDOW,REGIME_NOT_AVAILABLE — no new HTF filters applied
SMALL_CAP_VOLUME_BOS,SMALL_CAP,TUSDT,5m,760,3,1,1,1,1,1,0,1,0.0,-1.0,-1.0,0.0,-1.0,-1.0388000000000002,-1.0584000000000002,1.0,1.1228070175438611,0.07017543859649324,3.8800000000000168,0.019600000000000083,1,0,0,0,1,,,-1.0,VERY_SMALL,2026-09-30T14:55:00+00:00,2026-09-30T14:55:00+00:00,2026-10-03T06:10:00+00:00,2026-10-03T06:10:00+00:00,AVAILABLE_HISTORICAL_CAP_WINDOW,REGIME_NOT_AVAILABLE — no new HTF filters applied
SMALL_CAP_VOLUME_BOS,SMALL_CAP,TUSDT,15m,414,2,0,0,0,0,0,0,0,,,,,0,,,,,,0,0.0,0,0,0,0,0,,,,VERY_SMALL,2026-09-29T04:45:00+00:00,2026-09-29T04:45:00+00:00,2026-10-03T12:00:00+00:00,2026-10-03T12:00:00+00:00,AVAILABLE_HISTORICAL_CAP_WINDOW,REGIME_NOT_AVAILABLE — no new HTF filters applied
SMALL_CAP_VOLUME_BOS,SMALL_CAP,TUSDT,1h,253,2,0,0,0,0,0,0,0,,,,,0,,,,,,0,0.0,0,0,0,0,0,,,,VERY_SMALL,2026-09-22T23:00:00+00:00,2026-09-22T23:00:00+00:00,2026-10-03T11:00:00+00:00,2026-10-03T11:00:00+00:00,AVAILABLE_HISTORICAL_CAP_WINDOW,REGIME_NOT_AVAILABLE — no new HTF filters applied
SMALL_CAP_VOLUME_BOS,SMALL_CAP,USELESSUSDT,5m,466,5,2,2,2,1,1,0,1,0.0,-1.0,-1.0,0.0,-1.0,-1.0417978401727863,-1.0628967602591795,1.0,1.0539956803455726,1.8574514038876901,4.179784017278623,0.02109892008639311,1,0,1,0,0,-1.0,,,VERY_SMALL,2026-09-30T14:30:00+00:00,2026-09-30T14:30:00+00:00,2026-10-03T12:20:00+00:00,2026-10-03T12:20:00+00:00,AVAILABLE_HISTORICAL_CAP_WINDOW,REGIME_NOT_AVAILABLE — no new HTF filters applied
SMALL_CAP_VOLUME_BOS,SMALL_CAP,USELESSUSDT,15m,424,5,2,2,2,1,1,0,1,0.0,-1.0,-1.0,0.0,-1.0,-1.015463941128373,-1.0233959116925595,1.0,1.556009811937857,1.4137367130008132,1.546394112837283,0.007931970564186415,1,0,0,1,0,,-1.0,,VERY_SMALL,2026-09-29T02:15:00+00:00,2026-09-29T02:15:00+00:00,2026-10-03T12:00:00+00:00,2026-10-03T12:00:00+00:00,AVAILABLE_HISTORICAL_CAP_WINDOW,REGIME_NOT_AVAILABLE — no new HTF filters applied
SMALL_CAP_VOLUME_BOS,SMALL_CAP,USELESSUSDT,1h,255,2,0,0,0,0,0,0,0,,,,,0,,,,,,0,0.0,0,0,0,0,0,,,,VERY_SMALL,2026-09-22T21:00:00+00:00,2026-09-22T21:00:00+00:00,2026-10-03T11:00:00+00:00,2026-10-03T11:00:00+00:00,AVAILABLE_HISTORICAL_CAP_WINDOW,REGIME_NOT_AVAILABLE — no new HTF filters applied
MID_CAP_FVG_DISCOUNT,MID_CAP,VETUSDT,5m,77754,9077,404,4915,404,198,198,62,136,0.31313131313131315,-0.06060606060606061,-0.06060606060606061,0.9117647058823529,-12.0,-47.65121217834928,-65.47921826752392,21.0,1.0735956392837172,1.1845163451793674,3565.121217834928,17.828006089174632,198,0,198,0,0,-0.06060606060606061,,,MORE_RELIABLE_DESCRIPTIVE_SAMPLE,2026-01-06T12:55:00+00:00,2026-01-06T12:55:00+00:00,2026-10-03T12:20:00+00:00,2026-10-03T12:20:00+00:00,AVAILABLE_HISTORICAL_CAP_WINDOW,REGIME_NOT_AVAILABLE — no new HTF filters applied
SMALL_CAP_VOLUME_BOS,SMALL_CAP,VETUSDT,5m,77754,909,140,148,140,125,125,42,83,0.336,0.008,0.008,1.0120481927710843,1.0,-13.113885027038435,-20.170627540557653,17.0,0.9167840105922066,1.2685147063375024,1411.3885027038434,7.056742513519218,125,0,62,28,35,0.016129032258064516,-0.35714285714285715,0.2857142857142857,MORE_RELIABLE_DESCRIPTIVE_SAMPLE,2026-01-06T12:55:00+00:00,2026-01-06T12:55:00+00:00,2026-10-03T12:20:00+00:00,2026-10-03T12:20:00+00:00,AVAILABLE_HISTORICAL_CAP_WINDOW,REGIME_NOT_AVAILABLE — no new HTF filters applied
SMALL_CAP_VOLUME_BOS,SMALL_CAP,VETUSDT,15m,414,2,0,0,0,0,0,0,0,,,,,0,,,,,,0,0.0,0,0,0,0,0,,,,VERY_SMALL,2026-09-29T04:45:00+00:00,2026-09-29T04:45:00+00:00,2026-10-03T12:00:00+00:00,2026-10-03T12:00:00+00:00,AVAILABLE_HISTORICAL_CAP_WINDOW,REGIME_NOT_AVAILABLE — no new HTF filters applied
SMALL_CAP_VOLUME_BOS,SMALL_CAP,VETUSDT,1h,254,1,0,0,0,0,0,0,0,,,,,0,,,,,,0,0.0,0,0,0,0,0,,,,VERY_SMALL,2026-09-22T22:00:00+00:00,2026-09-22T22:00:00+00:00,2026-10-03T11:00:00+00:00,2026-10-03T11:00:00+00:00,AVAILABLE_HISTORICAL_CAP_WINDOW,REGIME_NOT_AVAILABLE — no new HTF filters applied
MID_CAP_FVG_DISCOUNT,MID_CAP,WLFIUSDT,5m,839,75,40,40,40,21,21,8,13,0.38095238095238093,0.14285714285714285,0.14285714285714285,1.2307692307692308,3.0,-1.7890092296569622,-4.182913844485443,6.0,1.1782366602504137,1.1407494723175235,478.9009229656962,2.3939046148284806,21,0,13,5,3,0.6153846153846154,-0.4,-1.0,SMALL,2026-09-30T14:30:00+00:00,2026-09-30T14:30:00+00:00,2026-10-03T12:20:00+00:00,2026-10-03T12:20:00+00:00,AVAILABLE_HISTORICAL_CAP_WINDOW,REGIME_NOT_AVAILABLE — no new HTF filters applied
MID_CAP_FVG_DISCOUNT,MID_CAP,WLFIUSDT,15m,424,32,17,17,17,11,11,3,8,0.2727272727272727,-0.18181818181818182,-0.18181818181818182,0.75,-2.0,-3.21812021595301,-3.827580323929515,4.0,1.4667015665842846,0.9519308921980912,121.81202159530098,0.609460107976505,11,0,7,1,3,-0.14285714285714285,2.0,-1.0,SMALL,2026-09-29T02:15:00+00:00,2026-09-29T02:15:00+00:00,2026-10-03T12:00:00+00:00,2026-10-03T12:00:00+00:00,AVAILABLE_HISTORICAL_CAP_WINDOW,REGIME_NOT_AVAILABLE — no new HTF filters applied
MID_CAP_FVG_DISCOUNT,MID_CAP,WLFIUSDT,1h,255,21,14,14,14,6,6,2,4,0.3333333333333333,0.0,0.0,1.0,0.0,-0.31276568947336325,-0.46914853421004465,2.0,1.2480429428010946,1.35550397438457,31.276568947336287,0.15638284473668143,6,0,3,1,2,0.0,2.0,-1.0,VERY_SMALL,2026-09-22T21:00:00+00:00,2026-09-22T21:00:00+00:00,2026-10-03T11:00:00+00:00,2026-10-03T11:00:00+00:00,AVAILABLE_HISTORICAL_CAP_WINDOW,REGIME_NOT_AVAILABLE — no new HTF filters applied
SMALL_CAP_VOLUME_BOS,SMALL_CAP,WUSDT,5m,520,7,1,1,1,0,0,0,0,,,,,0,,,,,,0,0.0,0,0,0,0,0,,,,VERY_SMALL,2026-09-30T14:30:00+00:00,2026-09-30T14:30:00+00:00,2026-10-02T09:45:00+00:00,2026-10-02T09:45:00+00:00,AVAILABLE_HISTORICAL_CAP_WINDOW,REGIME_NOT_AVAILABLE — no new HTF filters applied
SMALL_CAP_VOLUME_BOS,SMALL_CAP,WUSDT,15m,414,3,0,0,0,0,0,0,0,,,,,0,,,,,,0,0.0,0,0,0,0,0,,,,VERY_SMALL,2026-09-29T04:45:00+00:00,2026-09-29T04:45:00+00:00,2026-10-03T12:00:00+00:00,2026-10-03T12:00:00+00:00,AVAILABLE_HISTORICAL_CAP_WINDOW,REGIME_NOT_AVAILABLE — no new HTF filters applied
SMALL_CAP_VOLUME_BOS,SMALL_CAP,WUSDT,1h,254,4,0,0,0,0,0,0,0,,,,,0,,,,,,0,0.0,0,0,0,0,0,,,,VERY_SMALL,2026-09-22T22:00:00+00:00,2026-09-22T22:00:00+00:00,2026-10-03T11:00:00+00:00,2026-10-03T11:00:00+00:00,AVAILABLE_HISTORICAL_CAP_WINDOW,REGIME_NOT_AVAILABLE — no new HTF filters applied
LARGE_CAP_SWEEP_CHOCH,LARGE_CAP,XMRUSDT,5m,77761,2436,62,687,62,48,48,9,39,0.1875,-0.4375,-0.4375,0.46153846153846156,-21.0,-24.479991881715314,-26.224187822572972,29.0,1.212018552852698,0.9111049605910692,347.9991881715315,1.7441959408576575,48,0,17,0,31,-0.29411764705882354,,-0.5161290322580645,DESCRIPTIVE,2026-01-06T12:55:00+00:00,2026-01-06T12:55:00+00:00,2026-10-03T12:55:00+00:00,2026-10-03T12:55:00+00:00,AVAILABLE_HISTORICAL_CAP_WINDOW,REGIME_NOT_AVAILABLE — no new HTF filters applied
MID_CAP_FVG_DISCOUNT,MID_CAP,XMRUSDT,5m,77761,8989,4216,4654,4216,2216,2216,790,1426,0.3564981949458484,0.06949458483754511,0.06949458483754511,1.1079943899018232,154.0,-214.15190232547224,-398.19705348820855,35.0,1.0273333872100974,1.2596688025304539,36815.19023254722,184.04515116273632,2216,0,1431,491,294,0.07756813417190772,0.05702647657841141,0.05102040816326533,MORE_RELIABLE_DESCRIPTIVE_SAMPLE,2026-01-06T12:55:00+00:00,2026-01-06T12:55:00+00:00,2026-10-03T12:55:00+00:00,2026-10-03T12:55:00+00:00,AVAILABLE_HISTORICAL_CAP_WINDOW,REGIME_NOT_AVAILABLE — no new HTF filters applied
LARGE_CAP_SWEEP_CHOCH,LARGE_CAP,XMRUSDT,15m,427,7,3,3,3,3,3,1,2,0.3333333333333333,0.0,0.0,1.0,0.0,-0.2079505782495108,-0.3119258673742662,2.0,0.9307442871298567,1.0100333145785483,20.79505782495108,0.1039752891247554,3,0,2,0,1,-1.0,,2.0,VERY_SMALL,2026-09-29T02:15:00+00:00,2026-09-29T02:15:00+00:00,2026-10-03T12:45:00+00:00,2026-10-03T12:45:00+00:00,AVAILABLE_HISTORICAL_CAP_WINDOW,REGIME_NOT_AVAILABLE — no new HTF filters applied
LARGE_CAP_SWEEP_CHOCH,LARGE_CAP,XMRUSDT,1h,256,6,1,1,1,0,0,0,0,,,,,0,,,,,,0,0.0,0,0,0,0,0,,,,VERY_SMALL,2026-09-22T21:00:00+00:00,2026-09-22T21:00:00+00:00,2026-10-03T12:00:00+00:00,2026-10-03T12:00:00+00:00,AVAILABLE_HISTORICAL_CAP_WINDOW,REGIME_NOT_AVAILABLE — no new HTF filters applied
LARGE_CAP_SWEEP_CHOCH,LARGE_CAP,XRPUSDT,5m,77709,2244,658,658,658,462,462,131,331,0.28354978354978355,-0.14935064935064934,-0.14935064935064934,0.7915407854984894,-69.0,-136.34641586718996,-170.03342380078493,77.0,1.008699657718531,1.0638207532712232,6734.641586718996,33.68700793359497,462,0,274,85,103,-0.20072992700729927,-0.08235294117647059,-0.06796116504854367,MORE_RELIABLE_DESCRIPTIVE_SAMPLE,2026-01-06T12:55:00+00:00,2026-01-06T12:55:00+00:00,2026-10-03T13:14:20+00:00,2026-10-03T13:10:00+00:00,AVAILABLE_HISTORICAL_CAP_WINDOW,REGIME_NOT_AVAILABLE — no new HTF filters applied
LARGE_CAP_SWEEP_CHOCH,LARGE_CAP,XRPUSDT,15m,12407,390,105,105,105,71,71,19,52,0.2676056338028169,-0.19718309859154928,-0.19718309859154928,0.7307692307692307,-14.0,-20.280062976961915,-23.422894465442873,23.0,1.06087519360839,1.083545404650113,628.0062976961914,3.142831488480957,71,0,45,15,11,-0.26666666666666666,-0.4,0.36363636363636365,DESCRIPTIVE,2026-05-27T02:15:00+00:00,2026-05-27T02:15:00+00:00,2026-10-03T13:14:20+00:00,2026-10-03T13:00:00+00:00,AVAILABLE_HISTORICAL_CAP_WINDOW,REGIME_NOT_AVAILABLE — no new HTF filters applied
LARGE_CAP_SWEEP_CHOCH,LARGE_CAP,XRPUSDT,1h,8809,315,78,78,78,40,40,12,28,0.3,-0.10000000000000006,-0.10000000000000006,0.857142857142857,-4.0000000000000036,-5.387781437924289,-6.082472156886433,9.000000000000004,1.1016585535004428,1.1515754469155886,138.7781437924287,0.6946907189621435,40,0,19,8,13,-0.2105263157894738,0.5,-0.3076923076923077,DESCRIPTIVE,2025-10-04T00:00:00+00:00,2025-10-01T12:00:00+00:00,2026-10-03T12:00:00+00:00,2026-10-03T12:00:00+00:00,AVAILABLE_HISTORICAL_CAP_WINDOW,REGIME_NOT_AVAILABLE — no new HTF filters applied
SMALL_CAP_VOLUME_BOS,SMALL_CAP,XTZUSDT,5m,77761,838,147,147,147,144,144,45,99,0.3125,-0.0625,-0.0625,0.9090909090909091,-9.0,-26.252823005194752,-34.88103450779213,26.0,0.9481908080408572,1.1030608073731183,1725.2823005194753,8.628211502597377,144,0,72,35,37,-0.2916666666666667,0.02857142857142857,0.2972972972972973,MORE_RELIABLE_DESCRIPTIVE_SAMPLE,2026-01-06T12:55:00+00:00,2026-01-06T12:55:00+00:00,2026-10-03T12:55:00+00:00,2026-10-03T12:55:00+00:00,AVAILABLE_HISTORICAL_CAP_WINDOW,REGIME_NOT_AVAILABLE — no new HTF filters applied
SMALL_CAP_VOLUME_BOS,SMALL_CAP,XTZUSDT,15m,417,3,0,0,0,0,0,0,0,,,,,0,,,,,,0,0.0,0,0,0,0,0,,,,VERY_SMALL,2026-09-29T04:45:00+00:00,2026-09-29T04:45:00+00:00,2026-10-03T12:45:00+00:00,2026-10-03T12:45:00+00:00,AVAILABLE_HISTORICAL_CAP_WINDOW,REGIME_NOT_AVAILABLE — no new HTF filters applied
SMALL_CAP_VOLUME_BOS,SMALL_CAP,XTZUSDT,1h,254,0,0,0,0,0,0,0,0,,,,,0,,,,,,0,0.0,0,0,0,0,0,,,,VERY_SMALL,2026-09-22T23:00:00+00:00,2026-09-22T23:00:00+00:00,2026-10-03T12:00:00+00:00,2026-10-03T12:00:00+00:00,AVAILABLE_HISTORICAL_CAP_WINDOW,REGIME_NOT_AVAILABLE — no new HTF filters applied
