axis,value,trade_count,average_R,net_R,profit_factor,maximum_drawdown_R,OOS_trade_count,OOS_average_R,sample_size_label,stability_class
compression_threshold,15.0,171,-0.002025445272867933,-0.34635114166041653,0.9966571454440527,12.527564556658373,41,-0.20656802494353027,STRONGER_RESEARCH_EVIDENCE,STABLE
compression_threshold,20.0,195,0.07577648035650497,14.77641366951847,1.1378150403774332,15.90154194349687,45,-0.07014449866163139,STRONGER_RESEARCH_EVIDENCE,STABLE
compression_threshold,25.0,220,0.10982096577541223,24.16061247059069,1.2047966404477675,14.142027621580086,46,-0.031897642794509726,STRONGER_RESEARCH_EVIDENCE,STABLE
range_lookback,15,239,0.06396144327721766,15.28678494325502,1.106789597822792,24.43506463008932,53,0.007178019508682299,STRONGER_RESEARCH_EVIDENCE,STABLE
range_lookback,20,195,0.07577648035650497,14.77641366951847,1.1378150403774332,15.90154194349687,45,-0.07014449866163139,STRONGER_RESEARCH_EVIDENCE,STABLE
range_lookback,30,146,0.053503263418117765,7.811476459045194,1.10382140343786,11.68258589742629,35,-0.278817124373458,STRONGER_RESEARCH_EVIDENCE,STABLE
breakout_buffer_frac,0.00025,207,0.06469637744061948,13.392150130208233,1.1181128990422622,18.155706135228424,47,-0.004362314564815751,STRONGER_RESEARCH_EVIDENCE,STABLE
breakout_buffer_frac,0.0005,195,0.07577648035650497,14.77641366951847,1.1378150403774332,15.90154194349687,45,-0.07014449866163139,STRONGER_RESEARCH_EVIDENCE,STABLE
breakout_buffer_frac,0.001,178,0.05244062215986243,9.334430744455512,1.0934049881054548,16.12750052071876,44,-0.17404784978296517,STRONGER_RESEARCH_EVIDENCE,STABLE
target_R,1.5,197,0.04712237561696515,9.283107996542133,1.092203478286943,16.814816160882337,46,-0.012261047811230325,STRONGER_RESEARCH_EVIDENCE,STABLE
target_R,2.0,195,0.07577648035650497,14.77641366951847,1.1378150403774332,15.90154194349687,45,-0.07014449866163139,STRONGER_RESEARCH_EVIDENCE,STABLE
target_R,2.5,193,0.1324493458534355,25.562723749713054,1.2364203783744696,16.591938089382452,44,-0.12809749303552498,STRONGER_RESEARCH_EVIDENCE,STABLE
stop_kind,S1,195,0.07577648035650497,14.77641366951847,1.1378150403774332,15.90154194349687,45,-0.07014449866163139,STRONGER_RESEARCH_EVIDENCE,STABLE
stop_kind,S2,256,-0.08145034108909116,-20.851287318807337,0.8889139243945239,32.184851219161885,60,0.01589084365651269,STRONGER_RESEARCH_EVIDENCE,STABLE
