symbol,decision_time,selected_4h_open_time,selected_4h_close_time,selected_4h_is_closed,lookahead_status,partition,trade_id,net_R
ETHUSDT,2024-01-14T13:00:00+00:00,2024-01-14T08:00:00+00:00,2024-01-14T12:00:00+00:00,True,PASS,TRAIN,ETHUSDT-A3-E1-S1-T2.0-1,-1.0379410203700246
ETHUSDT,2024-01-22T00:00:00+00:00,2024-01-21T16:00:00+00:00,2024-01-21T20:00:00+00:00,True,PASS,TRAIN,ETHUSDT-A3-E1-S1-T2.0-2,1.9234573208722736
ETHUSDT,2024-02-17T15:00:00+00:00,2024-02-17T08:00:00+00:00,2024-02-17T12:00:00+00:00,True,PASS,TRAIN,ETHUSDT-A3-E1-S1-T2.0-4,-1.031007040859607
ETHUSDT,2024-03-18T15:00:00+00:00,2024-03-18T08:00:00+00:00,2024-03-18T12:00:00+00:00,True,PASS,TRAIN,ETHUSDT-A3-E1-S1-T2.0-8,1.9831613505747125
ETHUSDT,2024-03-22T14:00:00+00:00,2024-03-22T08:00:00+00:00,2024-03-22T12:00:00+00:00,True,PASS,TRAIN,ETHUSDT-A3-E1-S1-T2.0-9,-0.7143623383542402
ETHUSDT,2024-04-12T16:00:00+00:00,2024-04-12T08:00:00+00:00,2024-04-12T12:00:00+00:00,True,PASS,TRAIN,ETHUSDT-A3-E1-S1-T2.0-12,1.9755379641144075
ETHUSDT,2024-04-17T20:00:00+00:00,2024-04-17T08:00:00+00:00,2024-04-17T12:00:00+00:00,True,PASS,TRAIN,ETHUSDT-A3-E1-S1-T2.0-13,-1.019565960221715
ETHUSDT,2024-05-19T15:00:00+00:00,2024-05-19T08:00:00+00:00,2024-05-19T12:00:00+00:00,True,PASS,TRAIN,ETHUSDT-A3-E1-S1-T2.0-16,-1.0426667128747185
ETHUSDT,2024-06-21T09:00:00+00:00,2024-06-21T04:00:00+00:00,2024-06-21T08:00:00+00:00,True,PASS,TRAIN,ETHUSDT-A3-E1-S1-T2.0-20,0.4297986840531189
ETHUSDT,2024-06-30T05:00:00+00:00,2024-06-29T20:00:00+00:00,2024-06-30T00:00:00+00:00,True,PASS,TRAIN,ETHUSDT-A3-E1-S1-T2.0-21,-1.060257347670251
ETHUSDT,2024-07-07T17:00:00+00:00,2024-07-07T08:00:00+00:00,2024-07-07T12:00:00+00:00,True,PASS,TRAIN,ETHUSDT-A3-E1-S1-T2.0-22,-1.026441569928137
ETHUSDT,2024-08-15T10:00:00+00:00,2024-08-15T00:00:00+00:00,2024-08-15T04:00:00+00:00,True,PASS,TRAIN,ETHUSDT-A3-E1-S1-T2.0-27,-0.14455440656641397
ETHUSDT,2024-09-01T04:00:00+00:00,2024-08-31T20:00:00+00:00,2024-09-01T00:00:00+00:00,True,PASS,TRAIN,ETHUSDT-A3-E1-S1-T2.0-28,1.9514583414634146
ETHUSDT,2024-09-08T17:00:00+00:00,2024-09-08T12:00:00+00:00,2024-09-08T16:00:00+00:00,True,PASS,TRAIN,ETHUSDT-A3-E1-S1-T2.0-29,-1.030434359147785
ETHUSDT,2024-09-15T19:00:00+00:00,2024-09-15T12:00:00+00:00,2024-09-15T16:00:00+00:00,True,PASS,TRAIN,ETHUSDT-A3-E1-S1-T2.0-30,1.9619367326534696
ETHUSDT,2024-12-08T09:00:00+00:00,2024-12-08T00:00:00+00:00,2024-12-08T04:00:00+00:00,True,PASS,TRAIN,ETHUSDT-A3-E1-S1-T2.0-36,1.9632057856059721
ETHUSDT,2024-12-14T18:00:00+00:00,2024-12-14T08:00:00+00:00,2024-12-14T12:00:00+00:00,True,PASS,TRAIN,ETHUSDT-A3-E1-S1-T2.0-37,-1.034801443391971
ETHUSDT,2025-01-22T21:00:00+00:00,2025-01-22T12:00:00+00:00,2025-01-22T16:00:00+00:00,True,PASS,TRAIN,ETHUSDT-A3-E1-S1-T2.0-43,-1.0235734250543085
ETHUSDT,2025-04-06T16:00:00+00:00,2025-04-06T08:00:00+00:00,2025-04-06T12:00:00+00:00,True,PASS,TRAIN,ETHUSDT-A3-E1-S1-T2.0-52,1.9755637374088226
ETHUSDT,2025-05-02T10:00:00+00:00,2025-05-02T04:00:00+00:00,2025-05-02T08:00:00+00:00,True,PASS,TRAIN,ETHUSDT-A3-E1-S1-T2.0-55,-0.08468552010571966
ETHUSDT,2025-05-17T00:00:00+00:00,2025-05-16T16:00:00+00:00,2025-05-16T20:00:00+00:00,True,PASS,TRAIN,ETHUSDT-A3-E1-S1-T2.0-57,0.06038796033994251
ETHUSDT,2025-05-25T07:00:00+00:00,2025-05-24T20:00:00+00:00,2025-05-25T00:00:00+00:00,True,PASS,TRAIN,ETHUSDT-A3-E1-S1-T2.0-58,-1.0293817116060962
ETHUSDT,2025-06-20T16:00:00+00:00,2025-06-20T08:00:00+00:00,2025-06-20T12:00:00+00:00,True,PASS,TRAIN,ETHUSDT-A3-E1-S1-T2.0-60,1.9737980551905387
ETHUSDT,2025-08-29T13:00:00+00:00,2025-08-29T04:00:00+00:00,2025-08-29T08:00:00+00:00,True,PASS,VALIDATION,ETHUSDT-A3-E1-S1-T2.0-69,0.002483952995569076
ETHUSDT,2025-09-06T18:00:00+00:00,2025-09-06T12:00:00+00:00,2025-09-06T16:00:00+00:00,True,PASS,VALIDATION,ETHUSDT-A3-E1-S1-T2.0-70,-1.0488242354958557
ETHUSDT,2025-10-04T19:00:00+00:00,2025-10-04T12:00:00+00:00,2025-10-04T16:00:00+00:00,True,PASS,VALIDATION,ETHUSDT-A3-E1-S1-T2.0-71,-1.039306001765225
ETHUSDT,2025-10-17T08:00:00+00:00,2025-10-17T00:00:00+00:00,2025-10-17T04:00:00+00:00,True,PASS,VALIDATION,ETHUSDT-A3-E1-S1-T2.0-72,-0.9014312718577193
ETHUSDT,2026-01-25T15:00:00+00:00,2026-01-25T04:00:00+00:00,2026-01-25T08:00:00+00:00,True,PASS,VALIDATION,ETHUSDT-A3-E1-S1-T2.0-79,1.93486
ETHUSDT,2026-01-29T14:00:00+00:00,2026-01-29T08:00:00+00:00,2026-01-29T12:00:00+00:00,True,PASS,VALIDATION,ETHUSDT-A3-E1-S1-T2.0-80,1.9773216383307572
ETHUSDT,2026-02-11T13:00:00+00:00,2026-02-11T00:00:00+00:00,2026-02-11T04:00:00+00:00,True,PASS,VALIDATION,ETHUSDT-A3-E1-S1-T2.0-82,-1.016450289809253
ETHUSDT,2026-02-19T18:00:00+00:00,2026-02-19T08:00:00+00:00,2026-02-19T12:00:00+00:00,True,PASS,VALIDATION,ETHUSDT-A3-E1-S1-T2.0-84,-1.0227844510385757
ETHUSDT,2026-02-22T21:00:00+00:00,2026-02-22T12:00:00+00:00,2026-02-22T16:00:00+00:00,True,PASS,VALIDATION,ETHUSDT-A3-E1-S1-T2.0-85,1.9637464143891614
ETHUSDT,2026-03-08T05:00:00+00:00,2026-03-07T20:00:00+00:00,2026-03-08T00:00:00+00:00,True,PASS,VALIDATION,ETHUSDT-A3-E1-S1-T2.0-86,-1.0273118082481494
ETHUSDT,2026-04-19T09:00:00+00:00,2026-04-19T04:00:00+00:00,2026-04-19T08:00:00+00:00,True,PASS,OOS,ETHUSDT-A3-E1-S1-T2.0-90,-1.032486365229583
ETHUSDT,2026-05-22T19:00:00+00:00,2026-05-22T08:00:00+00:00,2026-05-22T12:00:00+00:00,True,PASS,OOS,ETHUSDT-A3-E1-S1-T2.0-93,-1.0347294312306101
ETHUSDT,2026-05-31T16:00:00+00:00,2026-05-31T08:00:00+00:00,2026-05-31T12:00:00+00:00,True,PASS,OOS,ETHUSDT-A3-E1-S1-T2.0-95,1.942667332382311
ETHUSDT,2026-06-14T14:00:00+00:00,2026-06-14T08:00:00+00:00,2026-06-14T12:00:00+00:00,True,PASS,OOS,ETHUSDT-A3-E1-S1-T2.0-97,-1.0409736777367773
ETHUSDT,2026-07-31T19:00:00+00:00,2026-07-31T08:00:00+00:00,2026-07-31T12:00:00+00:00,True,PASS,OOS,ETHUSDT-A3-E1-S1-T2.0-103,0.019538489646775327
ETHUSDT,2026-09-13T09:00:00+00:00,2026-09-13T00:00:00+00:00,2026-09-13T04:00:00+00:00,True,PASS,OOS,ETHUSDT-A3-E1-S1-T2.0-107,-1.0377336360196745
SOLUSDT,2024-01-12T17:00:00+00:00,2024-01-12T12:00:00+00:00,2024-01-12T16:00:00+00:00,True,PASS,TRAIN,SOLUSDT-A3-E1-S1-T2.0-1,-1.0103752251023193
SOLUSDT,2024-01-22T00:00:00+00:00,2024-01-21T16:00:00+00:00,2024-01-21T20:00:00+00:00,True,PASS,TRAIN,SOLUSDT-A3-E1-S1-T2.0-3,1.974533892382949
SOLUSDT,2024-02-11T22:00:00+00:00,2024-02-11T16:00:00+00:00,2024-02-11T20:00:00+00:00,True,PASS,TRAIN,SOLUSDT-A3-E1-S1-T2.0-6,-1.0252681376875552
SOLUSDT,2024-03-21T21:00:00+00:00,2024-03-21T12:00:00+00:00,2024-03-21T16:00:00+00:00,True,PASS,TRAIN,SOLUSDT-A3-E1-S1-T2.0-8,0.027430622656584594
SOLUSDT,2024-05-26T04:00:00+00:00,2024-05-25T20:00:00+00:00,2024-05-26T00:00:00+00:00,True,PASS,TRAIN,SOLUSDT-A3-E1-S1-T2.0-17,-1.0312829532094991
SOLUSDT,2024-06-02T03:00:00+00:00,2024-06-01T20:00:00+00:00,2024-06-02T00:00:00+00:00,True,PASS,TRAIN,SOLUSDT-A3-E1-S1-T2.0-18,1.9341002481389573
SOLUSDT,2024-06-21T09:00:00+00:00,2024-06-21T04:00:00+00:00,2024-06-21T08:00:00+00:00,True,PASS,TRAIN,SOLUSDT-A3-E1-S1-T2.0-19,0.3719179321486274
SOLUSDT,2024-07-07T16:00:00+00:00,2024-07-07T08:00:00+00:00,2024-07-07T12:00:00+00:00,True,PASS,TRAIN,SOLUSDT-A3-E1-S1-T2.0-20,-1.0146773061989558
SOLUSDT,2024-07-11T21:00:00+00:00,2024-07-11T16:00:00+00:00,2024-07-11T20:00:00+00:00,True,PASS,TRAIN,SOLUSDT-A3-E1-S1-T2.0-22,-1.0119754236361649
SOLUSDT,2024-08-11T18:00:00+00:00,2024-08-11T08:00:00+00:00,2024-08-11T12:00:00+00:00,True,PASS,TRAIN,SOLUSDT-A3-E1-S1-T2.0-24,0.48768421993741784
SOLUSDT,2024-09-01T04:00:00+00:00,2024-08-31T20:00:00+00:00,2024-09-01T00:00:00+00:00,True,PASS,TRAIN,SOLUSDT-A3-E1-S1-T2.0-26,1.9767012603215992
SOLUSDT,2024-09-22T15:00:00+00:00,2024-09-22T08:00:00+00:00,2024-09-22T12:00:00+00:00,True,PASS,TRAIN,SOLUSDT-A3-E1-S1-T2.0-28,-1.017443578819233
SOLUSDT,2024-09-29T08:00:00+00:00,2024-09-29T00:00:00+00:00,2024-09-29T04:00:00+00:00,True,PASS,TRAIN,SOLUSDT-A3-E1-S1-T2.0-29,-1.040529595827901
SOLUSDT,2024-11-02T16:00:00+00:00,2024-11-02T08:00:00+00:00,2024-11-02T12:00:00+00:00,True,PASS,TRAIN,SOLUSDT-A3-E1-S1-T2.0-34,-0.4609471074380209
SOLUSDT,2024-12-09T03:00:00+00:00,2024-12-08T20:00:00+00:00,2024-12-09T00:00:00+00:00,True,PASS,TRAIN,SOLUSDT-A3-E1-S1-T2.0-38,1.9740296503496502
SOLUSDT,2024-12-13T17:00:00+00:00,2024-12-13T12:00:00+00:00,2024-12-13T16:00:00+00:00,True,PASS,TRAIN,SOLUSDT-A3-E1-S1-T2.0-39,0.2137245107176137
SOLUSDT,2025-01-05T14:00:00+00:00,2025-01-05T04:00:00+00:00,2025-01-05T08:00:00+00:00,True,PASS,TRAIN,SOLUSDT-A3-E1-S1-T2.0-42,-1.0263182662538701
SOLUSDT,2025-01-25T03:00:00+00:00,2025-01-24T20:00:00+00:00,2025-01-25T00:00:00+00:00,True,PASS,TRAIN,SOLUSDT-A3-E1-S1-T2.0-44,0.7043273461150343
SOLUSDT,2025-01-31T05:00:00+00:00,2025-01-31T00:00:00+00:00,2025-01-31T04:00:00+00:00,True,PASS,TRAIN,SOLUSDT-A3-E1-S1-T2.0-45,1.9785645454545455
SOLUSDT,2025-02-06T18:00:00+00:00,2025-02-06T12:00:00+00:00,2025-02-06T16:00:00+00:00,True,PASS,TRAIN,SOLUSDT-A3-E1-S1-T2.0-46,-1.010916091954023
SOLUSDT,2025-02-23T04:00:00+00:00,2025-02-22T20:00:00+00:00,2025-02-23T00:00:00+00:00,True,PASS,TRAIN,SOLUSDT-A3-E1-S1-T2.0-48,1.966965617433414
SOLUSDT,2025-03-09T20:00:00+00:00,2025-03-09T12:00:00+00:00,2025-03-09T16:00:00+00:00,True,PASS,TRAIN,SOLUSDT-A3-E1-S1-T2.0-50,0.377264299065421
SOLUSDT,2025-03-29T07:00:00+00:00,2025-03-28T20:00:00+00:00,2025-03-29T00:00:00+00:00,True,PASS,TRAIN,SOLUSDT-A3-E1-S1-T2.0-54,0.044652242744063035
SOLUSDT,2025-04-05T20:00:00+00:00,2025-04-05T08:00:00+00:00,2025-04-05T12:00:00+00:00,True,PASS,TRAIN,SOLUSDT-A3-E1-S1-T2.0-55,1.9824014842300557
SOLUSDT,2025-04-26T11:00:00+00:00,2025-04-26T04:00:00+00:00,2025-04-26T08:00:00+00:00,True,PASS,TRAIN,SOLUSDT-A3-E1-S1-T2.0-58,0.10476627906976801
SOLUSDT,2025-05-02T10:00:00+00:00,2025-05-02T00:00:00+00:00,2025-05-02T04:00:00+00:00,True,PASS,TRAIN,SOLUSDT-A3-E1-S1-T2.0-59,0.7052115299334851
SOLUSDT,2025-05-17T00:00:00+00:00,2025-05-16T16:00:00+00:00,2025-05-16T20:00:00+00:00,True,PASS,TRAIN,SOLUSDT-A3-E1-S1-T2.0-60,-1.0195994143484628
SOLUSDT,2025-06-05T07:00:00+00:00,2025-06-05T00:00:00+00:00,2025-06-05T04:00:00+00:00,True,PASS,TRAIN,SOLUSDT-A3-E1-S1-T2.0-65,0.36381811965812
SOLUSDT,2025-06-14T20:00:00+00:00,2025-06-14T12:00:00+00:00,2025-06-14T16:00:00+00:00,True,PASS,TRAIN,SOLUSDT-A3-E1-S1-T2.0-66,-1.0210926470588235
SOLUSDT,2025-06-19T16:00:00+00:00,2025-06-19T08:00:00+00:00,2025-06-19T12:00:00+00:00,True,PASS,TRAIN,SOLUSDT-A3-E1-S1-T2.0-67,-1.0240470588235295
SOLUSDT,2025-06-26T18:00:00+00:00,2025-06-26T08:00:00+00:00,2025-06-26T12:00:00+00:00,True,PASS,TRAIN,SOLUSDT-A3-E1-S1-T2.0-68,-1.0178150943396227
SOLUSDT,2025-09-01T01:00:00+00:00,2025-08-31T20:00:00+00:00,2025-09-01T00:00:00+00:00,True,PASS,VALIDATION,SOLUSDT-A3-E1-S1-T2.0-74,-1.0285195729537366
SOLUSDT,2025-09-04T08:00:00+00:00,2025-09-04T00:00:00+00:00,2025-09-04T04:00:00+00:00,True,PASS,VALIDATION,SOLUSDT-A3-E1-S1-T2.0-75,0.5444937500000028
SOLUSDT,2025-09-19T13:00:00+00:00,2025-09-19T08:00:00+00:00,2025-09-19T12:00:00+00:00,True,PASS,VALIDATION,SOLUSDT-A3-E1-S1-T2.0-77,1.9849196554424433
SOLUSDT,2025-10-04T21:00:00+00:00,2025-10-04T08:00:00+00:00,2025-10-04T12:00:00+00:00,True,PASS,VALIDATION,SOLUSDT-A3-E1-S1-T2.0-79,-1.0220582524271844
SOLUSDT,2025-11-06T16:00:00+00:00,2025-11-06T08:00:00+00:00,2025-11-06T12:00:00+00:00,True,PASS,VALIDATION,SOLUSDT-A3-E1-S1-T2.0-83,-1.0154862111801242
SOLUSDT,2025-11-08T19:00:00+00:00,2025-11-08T08:00:00+00:00,2025-11-08T12:00:00+00:00,True,PASS,VALIDATION,SOLUSDT-A3-E1-S1-T2.0-84,-1.0181176470588236
SOLUSDT,2025-11-15T23:00:00+00:00,2025-11-15T16:00:00+00:00,2025-11-15T20:00:00+00:00,True,PASS,VALIDATION,SOLUSDT-A3-E1-S1-T2.0-85,1.977088524590164
SOLUSDT,2025-11-28T06:00:00+00:00,2025-11-27T20:00:00+00:00,2025-11-28T00:00:00+00:00,True,PASS,VALIDATION,SOLUSDT-A3-E1-S1-T2.0-87,1.9715908860759492
SOLUSDT,2025-12-21T03:00:00+00:00,2025-12-20T20:00:00+00:00,2025-12-21T00:00:00+00:00,True,PASS,VALIDATION,SOLUSDT-A3-E1-S1-T2.0-88,-1.0494455445544553
SOLUSDT,2026-01-18T03:00:00+00:00,2026-01-17T20:00:00+00:00,2026-01-18T00:00:00+00:00,True,PASS,VALIDATION,SOLUSDT-A3-E1-S1-T2.0-93,1.9462415094339625
SOLUSDT,2026-01-23T15:00:00+00:00,2026-01-23T08:00:00+00:00,2026-01-23T12:00:00+00:00,True,PASS,VALIDATION,SOLUSDT-A3-E1-S1-T2.0-94,-1.0275497267759564
SOLUSDT,2026-01-25T15:00:00+00:00,2026-01-25T04:00:00+00:00,2026-01-25T08:00:00+00:00,True,PASS,VALIDATION,SOLUSDT-A3-E1-S1-T2.0-95,1.9388945454545456
SOLUSDT,2026-02-03T17:00:00+00:00,2026-02-03T08:00:00+00:00,2026-02-03T12:00:00+00:00,True,PASS,VALIDATION,SOLUSDT-A3-E1-S1-T2.0-96,1.981942600896861
SOLUSDT,2026-02-10T13:00:00+00:00,2026-02-10T08:00:00+00:00,2026-02-10T12:00:00+00:00,True,PASS,VALIDATION,SOLUSDT-A3-E1-S1-T2.0-97,0.8182155136268348
SOLUSDT,2026-03-06T14:00:00+00:00,2026-03-06T08:00:00+00:00,2026-03-06T12:00:00+00:00,True,PASS,VALIDATION,SOLUSDT-A3-E1-S1-T2.0-100,0.08467634660421713
SOLUSDT,2026-03-14T11:00:00+00:00,2026-03-14T04:00:00+00:00,2026-03-14T08:00:00+00:00,True,PASS,OOS,SOLUSDT-A3-E1-S1-T2.0-101,-1.0102182890855458
SOLUSDT,2026-04-18T20:00:00+00:00,2026-04-18T12:00:00+00:00,2026-04-18T16:00:00+00:00,True,PASS,OOS,SOLUSDT-A3-E1-S1-T2.0-104,0.43784047619047206
SOLUSDT,2026-04-25T22:00:00+00:00,2026-04-25T12:00:00+00:00,2026-04-25T16:00:00+00:00,True,PASS,OOS,SOLUSDT-A3-E1-S1-T2.0-105,-1.06418691588785
SOLUSDT,2026-05-26T07:00:00+00:00,2026-05-25T20:00:00+00:00,2026-05-26T00:00:00+00:00,True,PASS,OOS,SOLUSDT-A3-E1-S1-T2.0-108,1.9649492227979273
SOLUSDT,2026-07-24T13:00:00+00:00,2026-07-24T08:00:00+00:00,2026-07-24T12:00:00+00:00,True,PASS,OOS,SOLUSDT-A3-E1-S1-T2.0-114,-1.0371726708074533
SOLUSDT,2026-07-31T16:00:00+00:00,2026-07-31T08:00:00+00:00,2026-07-31T12:00:00+00:00,True,PASS,OOS,SOLUSDT-A3-E1-S1-T2.0-115,-0.2560576576576537
SOLUSDT,2026-08-14T20:00:00+00:00,2026-08-14T12:00:00+00:00,2026-08-14T16:00:00+00:00,True,PASS,OOS,SOLUSDT-A3-E1-S1-T2.0-117,-0.6027123287671212
