symbol,partition,direction,trade_id,signal_time,entry_time,exit_time,entry_price,stop_price,target_price,exit_reason,bars_held,gross_R,fees_R,net_R,selected_4h_open_time,selected_4h_close_time,selected_4h_is_closed,lookahead_status,decision_time,ambiguity
SOLUSDT,TRAIN,SHORT,SOLUSDT-A3-E1-S1-T2.0-1,2024-01-12T17:00:00+00:00,2024-01-12T16:00:00+00:00,2024-01-14T16:00:00+00:00,95.063,102.393,80.403,SL,48,-1.0,0.010375225102319238,-1.0103752251023193,2024-01-12T12:00:00+00:00,2024-01-12T16:00:00+00:00,True,PASS,2024-01-12T17:00:00+00:00,NONE
SOLUSDT,TRAIN,SHORT,SOLUSDT-A3-E1-S1-T2.0-3,2024-01-22T00:00:00+00:00,2024-01-21T23:00:00+00:00,2024-01-22T18:00:00+00:00,91.105,93.967,85.38100000000001,TP,19,2.0,0.02546610761705106,1.974533892382949,2024-01-21T16:00:00+00:00,2024-01-21T20:00:00+00:00,True,PASS,2024-01-22T00:00:00+00:00,NONE
SOLUSDT,TRAIN,SHORT,SOLUSDT-A3-E1-S1-T2.0-6,2024-02-11T22:00:00+00:00,2024-02-11T21:00:00+00:00,2024-02-12T17:00:00+00:00,107.358,110.757,100.56,SL,20,-1.0,0.025268137687555158,-1.0252681376875552,2024-02-11T16:00:00+00:00,2024-02-11T20:00:00+00:00,True,PASS,2024-02-11T22:00:00+00:00,NONE
SOLUSDT,TRAIN,SHORT,SOLUSDT-A3-E1-S1-T2.0-8,2024-03-21T21:00:00+00:00,2024-03-21T20:00:00+00:00,2024-03-24T20:00:00+00:00,179.664,195.933,147.12599999999998,TIME,72,0.036265289814984,0.008834667158399407,0.027430622656584594,2024-03-21T12:00:00+00:00,2024-03-21T16:00:00+00:00,True,PASS,2024-03-21T21:00:00+00:00,NONE
SOLUSDT,TRAIN,SHORT,SOLUSDT-A3-E1-S1-T2.0-17,2024-05-26T04:00:00+00:00,2024-05-26T03:00:00+00:00,2024-05-27T15:00:00+00:00,166.308,170.561,157.80199999999996,SL,36,-1.0,0.03128295320949907,-1.0312829532094991,2024-05-25T20:00:00+00:00,2024-05-26T00:00:00+00:00,True,PASS,2024-05-26T04:00:00+00:00,NONE
SOLUSDT,TRAIN,SHORT,SOLUSDT-A3-E1-S1-T2.0-18,2024-06-02T03:00:00+00:00,2024-06-02T02:00:00+00:00,2024-06-02T18:00:00+00:00,165.985,168.0,161.95500000000004,TP,16,2.0,0.06589975186104263,1.9341002481389573,2024-06-01T20:00:00+00:00,2024-06-02T00:00:00+00:00,True,PASS,2024-06-02T03:00:00+00:00,NONE
SOLUSDT,TRAIN,SHORT,SOLUSDT-A3-E1-S1-T2.0-19,2024-06-21T09:00:00+00:00,2024-06-21T08:00:00+00:00,2024-06-24T08:00:00+00:00,130.113,141.255,107.82900000000001,TIME,72,0.3812600969305337,0.009342164781906304,0.3719179321486274,2024-06-21T04:00:00+00:00,2024-06-21T08:00:00+00:00,True,PASS,2024-06-21T09:00:00+00:00,NONE
SOLUSDT,TRAIN,SHORT,SOLUSDT-A3-E1-S1-T2.0-20,2024-07-07T16:00:00+00:00,2024-07-07T15:00:00+00:00,2024-07-10T04:00:00+00:00,137.031,144.5,122.09300000000002,SL,61,-1.0,0.014677306198955697,-1.0146773061989558,2024-07-07T08:00:00+00:00,2024-07-07T12:00:00+00:00,True,PASS,2024-07-07T16:00:00+00:00,NONE
SOLUSDT,TRAIN,SHORT,SOLUSDT-A3-E1-S1-T2.0-22,2024-07-11T21:00:00+00:00,2024-07-11T20:00:00+00:00,2024-07-14T09:00:00+00:00,136.924,146.071,118.63000000000002,SL,61,-1.0,0.011975423636164877,-1.0119754236361649,2024-07-11T16:00:00+00:00,2024-07-11T20:00:00+00:00,True,PASS,2024-07-11T21:00:00+00:00,NONE
SOLUSDT,TRAIN,SHORT,SOLUSDT-A3-E1-S1-T2.0-24,2024-08-11T18:00:00+00:00,2024-08-11T17:00:00+00:00,2024-08-14T17:00:00+00:00,149.002,157.95,131.10600000000005,TIME,72,0.5010058113544943,0.013321591417076475,0.48768421993741784,2024-08-11T08:00:00+00:00,2024-08-11T12:00:00+00:00,True,PASS,2024-08-11T18:00:00+00:00,NONE
SOLUSDT,TRAIN,SHORT,SOLUSDT-A3-E1-S1-T2.0-26,2024-09-01T04:00:00+00:00,2024-09-01T03:00:00+00:00,2024-09-04T01:00:00+00:00,134.026,138.628,124.82200000000006,TP,70,2.0,0.023298739678400824,1.9767012603215992,2024-08-31T20:00:00+00:00,2024-09-01T00:00:00+00:00,True,PASS,2024-09-01T04:00:00+00:00,NONE
SOLUSDT,TRAIN,SHORT,SOLUSDT-A3-E1-S1-T2.0-28,2024-09-22T15:00:00+00:00,2024-09-22T14:00:00+00:00,2024-09-24T22:00:00+00:00,143.299,149.871,130.155,SL,56,-1.0,0.017443578819233106,-1.017443578819233,2024-09-22T08:00:00+00:00,2024-09-22T12:00:00+00:00,True,PASS,2024-09-22T15:00:00+00:00,NONE
SOLUSDT,TRAIN,SHORT,SOLUSDT-A3-E1-S1-T2.0-29,2024-09-29T08:00:00+00:00,2024-09-29T07:00:00+00:00,2024-09-29T19:00:00+00:00,155.431,158.499,149.29500000000004,SL,12,-1.0,0.04052959582790114,-1.040529595827901,2024-09-29T00:00:00+00:00,2024-09-29T04:00:00+00:00,True,PASS,2024-09-29T08:00:00+00:00,NONE
SOLUSDT,TRAIN,SHORT,SOLUSDT-A3-E1-S1-T2.0-34,2024-11-02T16:00:00+00:00,2024-11-02T15:00:00+00:00,2024-11-05T15:00:00+00:00,163.73,168.57,154.04999999999998,TIME,72,-0.43388429752066554,0.02706280991735535,-0.4609471074380209,2024-11-02T08:00:00+00:00,2024-11-02T12:00:00+00:00,True,PASS,2024-11-02T16:00:00+00:00,NONE
SOLUSDT,TRAIN,SHORT,SOLUSDT-A3-E1-S1-T2.0-38,2024-12-09T03:00:00+00:00,2024-12-09T02:00:00+00:00,2024-12-09T21:00:00+00:00,232.11,239.26,217.81000000000006,TP,19,2.0,0.025970349650349736,1.9740296503496502,2024-12-08T20:00:00+00:00,2024-12-09T00:00:00+00:00,True,PASS,2024-12-09T03:00:00+00:00,NONE
SOLUSDT,TRAIN,SHORT,SOLUSDT-A3-E1-S1-T2.0-39,2024-12-13T17:00:00+00:00,2024-12-13T16:00:00+00:00,2024-12-16T16:00:00+00:00,220.92,231.65,199.45999999999995,TIME,72,0.23019571295433314,0.01647120223671945,0.2137245107176137,2024-12-13T12:00:00+00:00,2024-12-13T16:00:00+00:00,True,PASS,2024-12-13T17:00:00+00:00,NONE
SOLUSDT,TRAIN,SHORT,SOLUSDT-A3-E1-S1-T2.0-42,2025-01-05T14:00:00+00:00,2025-01-05T13:00:00+00:00,2025-01-06T14:00:00+00:00,212.52,218.98,199.60000000000005,SL,25,-1.0,0.026318266253870057,-1.0263182662538701,2025-01-05T04:00:00+00:00,2025-01-05T08:00:00+00:00,True,PASS,2025-01-05T14:00:00+00:00,NONE
SOLUSDT,TRAIN,SHORT,SOLUSDT-A3-E1-S1-T2.0-44,2025-01-25T03:00:00+00:00,2025-01-25T02:00:00+00:00,2025-01-28T02:00:00+00:00,250.29,270.11,210.64999999999995,TIME,72,0.7144298688193734,0.01010252270433904,0.7043273461150343,2025-01-24T20:00:00+00:00,2025-01-25T00:00:00+00:00,True,PASS,2025-01-25T03:00:00+00:00,NONE
SOLUSDT,TRAIN,SHORT,SOLUSDT-A3-E1-S1-T2.0-45,2025-01-31T05:00:00+00:00,2025-01-31T04:00:00+00:00,2025-02-01T20:00:00+00:00,235.79,244.59,218.18999999999997,TP,40,2.0,0.021435454545454518,1.9785645454545455,2025-01-31T00:00:00+00:00,2025-01-31T04:00:00+00:00,True,PASS,2025-01-31T05:00:00+00:00,NONE
SOLUSDT,TRAIN,SHORT,SOLUSDT-A3-E1-S1-T2.0-46,2025-02-06T18:00:00+00:00,2025-02-06T17:00:00+00:00,2025-02-09T03:00:00+00:00,189.94,203.86,162.09999999999997,SL,58,-1.0,0.010916091954022976,-1.010916091954023,2025-02-06T12:00:00+00:00,2025-02-06T16:00:00+00:00,True,PASS,2025-02-06T18:00:00+00:00,NONE
SOLUSDT,TRAIN,SHORT,SOLUSDT-A3-E1-S1-T2.0-48,2025-02-23T04:00:00+00:00,2025-02-23T03:00:00+00:00,2025-02-24T03:00:00+00:00,170.54,174.67,162.28,TP,24,2.0,0.033034382566585994,1.966965617433414,2025-02-22T20:00:00+00:00,2025-02-23T00:00:00+00:00,True,PASS,2025-02-23T04:00:00+00:00,NONE
SOLUSDT,TRAIN,SHORT,SOLUSDT-A3-E1-S1-T2.0-50,2025-03-09T20:00:00+00:00,2025-03-09T19:00:00+00:00,2025-03-12T19:00:00+00:00,129.09,139.79,107.69000000000003,TIME,72,0.38691588785046777,0.00965158878504674,0.377264299065421,2025-03-09T12:00:00+00:00,2025-03-09T16:00:00+00:00,True,PASS,2025-03-09T20:00:00+00:00,NONE
SOLUSDT,TRAIN,SHORT,SOLUSDT-A3-E1-S1-T2.0-54,2025-03-29T07:00:00+00:00,2025-03-29T06:00:00+00:00,2025-04-01T06:00:00+00:00,126.92,134.5,111.76,TIME,72,0.05804749340369365,0.01339525065963061,0.044652242744063035,2025-03-28T20:00:00+00:00,2025-03-29T00:00:00+00:00,True,PASS,2025-03-29T07:00:00+00:00,NONE
SOLUSDT,TRAIN,SHORT,SOLUSDT-A3-E1-S1-T2.0-55,2025-04-05T20:00:00+00:00,2025-04-05T19:00:00+00:00,2025-04-06T18:00:00+00:00,118.57,123.96,107.78999999999999,TP,23,2.0,0.01759851576994434,1.9824014842300557,2025-04-05T08:00:00+00:00,2025-04-05T12:00:00+00:00,True,PASS,2025-04-05T20:00:00+00:00,NONE
SOLUSDT,TRAIN,SHORT,SOLUSDT-A3-E1-S1-T2.0-58,2025-04-26T11:00:00+00:00,2025-04-26T10:00:00+00:00,2025-04-29T10:00:00+00:00,149.01,155.89,135.25,TIME,72,0.12209302325581453,0.017326744186046523,0.10476627906976801,2025-04-26T04:00:00+00:00,2025-04-26T08:00:00+00:00,True,PASS,2025-04-26T11:00:00+00:00,NONE
SOLUSDT,TRAIN,SHORT,SOLUSDT-A3-E1-S1-T2.0-59,2025-05-02T10:00:00+00:00,2025-05-02T09:00:00+00:00,2025-05-05T09:00:00+00:00,149.37,153.88,140.35000000000002,TIME,72,0.7317073170731747,0.026495787139689635,0.7052115299334851,2025-05-02T00:00:00+00:00,2025-05-02T04:00:00+00:00,True,PASS,2025-05-02T10:00:00+00:00,NONE
SOLUSDT,TRAIN,SHORT,SOLUSDT-A3-E1-S1-T2.0-60,2025-05-17T00:00:00+00:00,2025-05-16T23:00:00+00:00,2025-05-18T14:00:00+00:00,167.33,174.16,153.67000000000004,SL,39,-1.0,0.019599414348462713,-1.0195994143484628,2025-05-16T16:00:00+00:00,2025-05-16T20:00:00+00:00,True,PASS,2025-05-17T00:00:00+00:00,NONE
SOLUSDT,TRAIN,SHORT,SOLUSDT-A3-E1-S1-T2.0-65,2025-06-05T07:00:00+00:00,2025-06-05T06:00:00+00:00,2025-06-08T06:00:00+00:00,152.08,157.93,140.38000000000002,TIME,72,0.38461538461538497,0.020797264957264982,0.36381811965812,2025-06-05T00:00:00+00:00,2025-06-05T04:00:00+00:00,True,PASS,2025-06-05T07:00:00+00:00,NONE
SOLUSDT,TRAIN,SHORT,SOLUSDT-A3-E1-S1-T2.0-66,2025-06-14T20:00:00+00:00,2025-06-14T19:00:00+00:00,2025-06-15T14:00:00+00:00,143.43,148.87,132.55,SL,19,-1.0,0.02109264705882354,-1.0210926470588235,2025-06-14T12:00:00+00:00,2025-06-14T16:00:00+00:00,True,PASS,2025-06-14T20:00:00+00:00,NONE
SOLUSDT,TRAIN,SHORT,SOLUSDT-A3-E1-S1-T2.0-67,2025-06-19T16:00:00+00:00,2025-06-19T15:00:00+00:00,2025-06-20T08:00:00+00:00,143.08,147.84,133.56000000000003,SL,17,-1.0,0.02404705882352946,-1.0240470588235295,2025-06-19T08:00:00+00:00,2025-06-19T12:00:00+00:00,True,PASS,2025-06-19T16:00:00+00:00,NONE
SOLUSDT,TRAIN,SHORT,SOLUSDT-A3-E1-S1-T2.0-68,2025-06-26T18:00:00+00:00,2025-06-26T17:00:00+00:00,2025-06-28T15:00:00+00:00,141.63,147.99,128.90999999999997,SL,46,-1.0,0.017815094339622604,-1.0178150943396227,2025-06-26T08:00:00+00:00,2025-06-26T12:00:00+00:00,True,PASS,2025-06-26T18:00:00+00:00,NONE
SOLUSDT,VALIDATION,SHORT,SOLUSDT-A3-E1-S1-T2.0-74,2025-09-01T01:00:00+00:00,2025-09-01T00:00:00+00:00,2025-09-02T18:00:00+00:00,200.35,205.97,189.10999999999999,SL,42,-1.0,0.02851957295373663,-1.0285195729537366,2025-08-31T20:00:00+00:00,2025-09-01T00:00:00+00:00,True,PASS,2025-09-01T01:00:00+00:00,NONE
SOLUSDT,VALIDATION,SHORT,SOLUSDT-A3-E1-S1-T2.0-75,2025-09-04T08:00:00+00:00,2025-09-04T07:00:00+00:00,2025-09-07T07:00:00+00:00,206.55,212.95,193.75000000000006,TIME,72,0.5703125000000029,0.025818750000000095,0.5444937500000028,2025-09-04T00:00:00+00:00,2025-09-04T04:00:00+00:00,True,PASS,2025-09-04T08:00:00+00:00,NONE
SOLUSDT,VALIDATION,SHORT,SOLUSDT-A3-E1-S1-T2.0-77,2025-09-19T13:00:00+00:00,2025-09-19T12:00:00+00:00,2025-09-22T06:00:00+00:00,240.72,253.49,215.17999999999998,TP,66,2.0,0.015080344557556762,1.9849196554424433,2025-09-19T08:00:00+00:00,2025-09-19T12:00:00+00:00,True,PASS,2025-09-19T13:00:00+00:00,NONE
SOLUSDT,VALIDATION,SHORT,SOLUSDT-A3-E1-S1-T2.0-79,2025-10-04T21:00:00+00:00,2025-10-04T20:00:00+00:00,2025-10-05T06:00:00+00:00,227.2,235.44,210.71999999999997,SL,10,-1.0,0.02205825242718444,-1.0220582524271844,2025-10-04T08:00:00+00:00,2025-10-04T12:00:00+00:00,True,PASS,2025-10-04T21:00:00+00:00,NONE
SOLUSDT,VALIDATION,SHORT,SOLUSDT-A3-E1-S1-T2.0-83,2025-11-06T16:00:00+00:00,2025-11-06T15:00:00+00:00,2025-11-07T19:00:00+00:00,155.83,163.88,139.73000000000005,SL,28,-1.0,0.015486211180124257,-1.0154862111801242,2025-11-06T08:00:00+00:00,2025-11-06T12:00:00+00:00,True,PASS,2025-11-06T16:00:00+00:00,NONE
SOLUSDT,VALIDATION,SHORT,SOLUSDT-A3-E1-S1-T2.0-84,2025-11-08T19:00:00+00:00,2025-11-08T18:00:00+00:00,2025-11-09T19:00:00+00:00,157.85,164.82,143.91,SL,25,-1.0,0.018117647058823533,-1.0181176470588236,2025-11-08T08:00:00+00:00,2025-11-08T12:00:00+00:00,True,PASS,2025-11-08T19:00:00+00:00,NONE
SOLUSDT,VALIDATION,SHORT,SOLUSDT-A3-E1-S1-T2.0-85,2025-11-15T23:00:00+00:00,2025-11-15T22:00:00+00:00,2025-11-17T19:00:00+00:00,139.76,144.64,130.0,TP,45,2.0,0.02291147540983609,1.977088524590164,2025-11-15T16:00:00+00:00,2025-11-15T20:00:00+00:00,True,PASS,2025-11-15T23:00:00+00:00,NONE
SOLUSDT,VALIDATION,SHORT,SOLUSDT-A3-E1-S1-T2.0-87,2025-11-28T06:00:00+00:00,2025-11-28T05:00:00+00:00,2025-12-01T00:00:00+00:00,140.27,144.22,132.37000000000003,TP,67,2.0,0.028409113924050718,1.9715908860759492,2025-11-27T20:00:00+00:00,2025-11-28T00:00:00+00:00,True,PASS,2025-11-28T06:00:00+00:00,NONE
SOLUSDT,VALIDATION,SHORT,SOLUSDT-A3-E1-S1-T2.0-88,2025-12-21T03:00:00+00:00,2025-12-21T02:00:00+00:00,2025-12-22T00:00:00+00:00,124.85,126.87,120.80999999999997,SL,22,-1.0,0.04944554455445519,-1.0494455445544553,2025-12-20T20:00:00+00:00,2025-12-21T00:00:00+00:00,True,PASS,2025-12-21T03:00:00+00:00,NONE
SOLUSDT,VALIDATION,SHORT,SOLUSDT-A3-E1-S1-T2.0-93,2026-01-18T03:00:00+00:00,2026-01-18T02:00:00+00:00,2026-01-18T23:00:00+00:00,142.46,144.58,138.22,TP,21,2.0,0.053758490566037626,1.9462415094339625,2026-01-17T20:00:00+00:00,2026-01-18T00:00:00+00:00,True,PASS,2026-01-18T03:00:00+00:00,NONE
SOLUSDT,VALIDATION,SHORT,SOLUSDT-A3-E1-S1-T2.0-94,2026-01-23T15:00:00+00:00,2026-01-23T14:00:00+00:00,2026-01-23T17:00:00+00:00,126.04,129.7,118.72000000000004,SL,3,-1.0,0.027549726775956417,-1.0275497267759564,2026-01-23T08:00:00+00:00,2026-01-23T12:00:00+00:00,True,PASS,2026-01-23T15:00:00+00:00,NONE
SOLUSDT,VALIDATION,SHORT,SOLUSDT-A3-E1-S1-T2.0-95,2026-01-25T15:00:00+00:00,2026-01-25T14:00:00+00:00,2026-01-25T16:00:00+00:00,126.03,127.68,122.72999999999999,TP,2,2.0,0.061105454545454345,1.9388945454545456,2026-01-25T04:00:00+00:00,2026-01-25T08:00:00+00:00,True,PASS,2026-01-25T15:00:00+00:00,NONE
SOLUSDT,VALIDATION,SHORT,SOLUSDT-A3-E1-S1-T2.0-96,2026-02-03T17:00:00+00:00,2026-02-03T16:00:00+00:00,2026-02-04T15:00:00+00:00,100.67,105.13,91.75000000000001,TP,23,2.0,0.01805739910313904,1.981942600896861,2026-02-03T08:00:00+00:00,2026-02-03T12:00:00+00:00,True,PASS,2026-02-03T17:00:00+00:00,NONE
SOLUSDT,VALIDATION,SHORT,SOLUSDT-A3-E1-S1-T2.0-97,2026-02-10T13:00:00+00:00,2026-02-10T12:00:00+00:00,2026-02-13T12:00:00+00:00,83.89,88.66,74.35000000000001,TIME,72,0.8322851153039836,0.01406960167714886,0.8182155136268348,2026-02-10T08:00:00+00:00,2026-02-10T12:00:00+00:00,True,PASS,2026-02-10T13:00:00+00:00,NONE
SOLUSDT,VALIDATION,SHORT,SOLUSDT-A3-E1-S1-T2.0-100,2026-03-06T14:00:00+00:00,2026-03-06T13:00:00+00:00,2026-03-09T13:00:00+00:00,85.54,89.81,77.00000000000001,TIME,72,0.10070257611241387,0.016026229508196738,0.08467634660421713,2026-03-06T08:00:00+00:00,2026-03-06T12:00:00+00:00,True,PASS,2026-03-06T14:00:00+00:00,NONE
SOLUSDT,OOS,SHORT,SOLUSDT-A3-E1-S1-T2.0-101,2026-03-14T11:00:00+00:00,2026-03-14T10:00:00+00:00,2026-03-16T03:00:00+00:00,86.6,93.38,73.03999999999999,SL,41,-1.0,0.01021828908554572,-1.0102182890855458,2026-03-14T04:00:00+00:00,2026-03-14T08:00:00+00:00,True,PASS,2026-03-14T11:00:00+00:00,NONE
SOLUSDT,OOS,SHORT,SOLUSDT-A3-E1-S1-T2.0-104,2026-04-18T20:00:00+00:00,2026-04-18T19:00:00+00:00,2026-04-21T19:00:00+00:00,86.07,89.43,79.34999999999997,TIME,72,0.4583333333333291,0.02049285714285706,0.43784047619047206,2026-04-18T12:00:00+00:00,2026-04-18T16:00:00+00:00,True,PASS,2026-04-18T20:00:00+00:00,NONE
SOLUSDT,OOS,SHORT,SOLUSDT-A3-E1-S1-T2.0-105,2026-04-25T22:00:00+00:00,2026-04-25T21:00:00+00:00,2026-04-26T18:00:00+00:00,85.85,86.92,83.70999999999998,SL,21,-1.0,0.06418691588785003,-1.06418691588785,2026-04-25T12:00:00+00:00,2026-04-25T16:00:00+00:00,True,PASS,2026-04-25T22:00:00+00:00,NONE
SOLUSDT,OOS,SHORT,SOLUSDT-A3-E1-S1-T2.0-108,2026-05-26T07:00:00+00:00,2026-05-26T06:00:00+00:00,2026-05-28T03:00:00+00:00,84.56,86.49,80.70000000000002,TP,45,2.0,0.035050777202072676,1.9649492227979273,2026-05-25T20:00:00+00:00,2026-05-26T00:00:00+00:00,True,PASS,2026-05-26T07:00:00+00:00,NONE
SOLUSDT,OOS,SHORT,SOLUSDT-A3-E1-S1-T2.0-114,2026-07-24T13:00:00+00:00,2026-07-24T12:00:00+00:00,2026-07-26T22:00:00+00:00,74.81,76.42,71.59,SL,58,-1.0,0.037172670807453435,-1.0371726708074533,2026-07-24T08:00:00+00:00,2026-07-24T12:00:00+00:00,True,PASS,2026-07-24T13:00:00+00:00,NONE
SOLUSDT,OOS,SHORT,SOLUSDT-A3-E1-S1-T2.0-115,2026-07-31T16:00:00+00:00,2026-07-31T15:00:00+00:00,2026-08-03T15:00:00+00:00,73.06,75.28,68.62,TIME,72,-0.22972972972972575,0.026327927927927944,-0.2560576576576537,2026-07-31T08:00:00+00:00,2026-07-31T12:00:00+00:00,True,PASS,2026-07-31T16:00:00+00:00,NONE
SOLUSDT,OOS,SHORT,SOLUSDT-A3-E1-S1-T2.0-117,2026-08-14T20:00:00+00:00,2026-08-14T19:00:00+00:00,2026-08-17T19:00:00+00:00,74.95,76.41,72.03000000000002,TIME,72,-0.561643835616436,0.041068493150685115,-0.6027123287671212,2026-08-14T12:00:00+00:00,2026-08-14T16:00:00+00:00,True,PASS,2026-08-14T20:00:00+00:00,NONE
