mtf_alignment,bars,accepted_signals,avg_mtf_score,avg_R_accepted,win_rate_accepted
1H_15M_BEARISH_AGAINST_4H,264,0,-1.2575757575757576,,
1H_15M_BULLISH_AGAINST_4H,283,0,1.11660777385159,,
BEARISH_HIGHER_TIMEFRAME_BUT_15M_WEAK,239,0,-2.518828451882845,,
BULLISH_HIGHER_TIMEFRAME_BUT_15M_WEAK,303,1,2.5775577557755778,-1.0,0.0
FULL_BEAR_ALIGNMENT,101,0,-4.0,,
FULL_BULL_ALIGNMENT,119,7,4.0,-0.4832546734600637,0.14285714285714285
INSUFFICIENT_DATA,30,0,0.0,,
RANGE_ALIGNED,1250,0,0.0112,,
TIMEFRAME_CONFLICT,2793,5,0.1836734693877551,0.8222105091023695,0.6
TRANSITION_ALIGNED,61,0,-0.3442622950819672,,
VOLATILITY_ALIGNED,317,3,0.12618296529968454,1.0494993809075583,0.6666666666666666
