regime,bars_in_regime,accepted_signals,rejected_signals,trades_executed,signal_rate,trade_rate
BEAR_TREND,613,1,612,1,0.0016313213703099511,0.0016313213703099511
BULL_TREND,1152,8,1144,8,0.006944444444444444,0.006944444444444444
CHOPPY,1948,0,1948,0,0.0,0.0
HIGH_VOLATILITY_RANGE,458,1,457,1,0.002183406113537118,0.002183406113537118
HIGH_VOLATILITY_TREND,733,4,729,4,0.005457025920873124,0.005457025920873124
LOW_VOLATILITY_COMPRESSION,220,0,220,0,0.0,0.0
RANGE,43,0,43,0,0.0,0.0
TRANSITION,499,2,497,2,0.004008016032064128,0.004008016032064128
UNKNOWN,94,0,94,0,0.0,0.0
