trade_id,entry_time,exit_time,direction,entry_regime_4h,entry_regime_1h,entry_regime_15m,entry_market_regime,entry_mtf_alignment,entry_mtf_score,entry_volatility_state,entry_choppiness_state,entry_bos_4h,entry_bos_1h,entry_bos_15m,entry_research_label,win_loss,r_multiple,gross_pnl,fees,net_pnl,context_match_status
1,2026-03-04T15:00:00+00:00,2026-03-05T15:00:00+00:00,LONG,HIGH_VOLATILITY_RANGE,HIGH_VOLATILITY_TREND,HIGH_VOLATILITY_TREND,HIGH_VOLATILITY_TREND,VOLATILITY_ALIGNED,2,HIGH,LOW,NO_CONFIRMED_BOS,BULLISH_BOS,BULLISH_BOS,NONE,LOSS,-1.0,-20.0,-0.57863232,-20.57863232,MATCHED_UNIQUE
2,2026-03-15T09:00:00+00:00,2026-03-15T12:00:00+00:00,LONG,BULL_TREND,BULL_TREND,BULL_TREND,BULL_TREND,FULL_BULL_ALIGNMENT,4,LOW,MID,NO_CONFIRMED_BOS,BULLISH_BOS,NO_CONFIRMED_BOS,TREND_FOLLOWING_CANDIDATE,LOSS,-1.0,-4.512167218842732,-1.5981951300000001,-6.110362348842733,MATCHED_UNIQUE
3,2026-03-15T21:00:00+00:00,2026-03-16T03:00:00+00:00,LONG,BULL_TREND,BULL_TREND,HIGH_VOLATILITY_TREND,BULL_TREND,FULL_BULL_ALIGNMENT,4,NORMAL,MID,NO_CONFIRMED_BOS,BULLISH_BOS,BULLISH_BOS,TREND_FOLLOWING_CANDIDATE,WIN,2.6172172857795544,40.63844960638005,-1.6162553800000001,39.02219422638005,MATCHED_UNIQUE
4,2026-03-16T04:00:00+00:00,2026-03-16T07:00:00+00:00,LONG,BULL_TREND,BULL_TREND,HIGH_VOLATILITY_TREND,BULL_TREND,FULL_BULL_ALIGNMENT,4,NORMAL,MID,NO_CONFIRMED_BOS,BULLISH_BOS,NO_CONFIRMED_BOS,TREND_FOLLOWING_CANDIDATE,LOSS,-1.0,-10.341473364676144,-1.5958634100000002,-11.937336774676144,MATCHED_UNIQUE
5,2026-03-16T22:00:00+00:00,2026-03-16T23:00:00+00:00,LONG,BULL_TREND,BULL_TREND,BULL_TREND,BULL_TREND,FULL_BULL_ALIGNMENT,4,NORMAL,MID,BULLISH_BOS,BULLISH_BOS,NO_CONFIRMED_BOS,TREND_FOLLOWING_CANDIDATE,LOSS,-1.0,-13.758085968887391,-1.5944967700000001,-15.352582738887392,MATCHED_UNIQUE
6,2026-03-17T00:00:00+00:00,2026-03-17T03:00:00+00:00,LONG,BULL_TREND,HIGH_VOLATILITY_TREND,HIGH_VOLATILITY_TREND,HIGH_VOLATILITY_TREND,FULL_BULL_ALIGNMENT,4,HIGH,MID,BULLISH_BOS,BULLISH_BOS,NO_CONFIRMED_BOS,TREND_FOLLOWING_CANDIDATE,LOSS,-1.0,-20.0,-1.41182192,-21.41182192,MATCHED_UNIQUE
7,2026-04-05T22:00:00+00:00,2026-04-07T22:00:00+00:00,LONG,LOW_VOLATILITY_COMPRESSION,BULL_TREND,HIGH_VOLATILITY_TREND,BULL_TREND,TIMEFRAME_CONFLICT,1,NORMAL,MID,NO_CONFIRMED_BOS,BULLISH_BOS,NO_CONFIRMED_BOS,TREND_FOLLOWING_CANDIDATE,WIN,2.108795834570636,42.175916691412716,-1.0449393699999998,41.130977321412715,MATCHED_UNIQUE
8,2026-05-05T13:00:00+00:00,2026-05-05T14:00:00+00:00,LONG,BULL_TREND,BULL_TREND,BULL_TREND,BULL_TREND,BULLISH_HIGHER_TIMEFRAME_BUT_15M_WEAK,3,NORMAL,MID,BULLISH_BOS,BULLISH_BOS,NO_CONFIRMED_BOS,TREND_FOLLOWING_CANDIDATE,LOSS,-1.0,-5.582942007989578,-1.59776682,-7.180708827989578,MATCHED_UNIQUE
9,2026-05-05T15:00:00+00:00,2026-05-05T16:00:00+00:00,LONG,BULL_TREND,BULL_TREND,BULL_TREND,BULL_TREND,FULL_BULL_ALIGNMENT,4,NORMAL,MID,BULLISH_BOS,NO_CONFIRMED_BOS,NO_CONFIRMED_BOS,TREND_FOLLOWING_CANDIDATE,LOSS,-1.0,-9.65601227744686,-1.5961376,-11.252149877446861,MATCHED_UNIQUE
10,2026-06-13T21:00:00+00:00,2026-06-14T14:00:00+00:00,LONG,LOW_VOLATILITY_COMPRESSION,BULL_TREND,HIGH_VOLATILITY_TREND,BULL_TREND,FULL_BULL_ALIGNMENT,4,LOW,MID,NO_CONFIRMED_BOS,BULLISH_BOS,BULLISH_BOS,TREND_FOLLOWING_CANDIDATE,LOSS,-1.0,-9.27031160944665,-1.5962918799999999,-10.86660348944665,MATCHED_UNIQUE
11,2026-08-04T18:00:00+00:00,2026-08-05T13:00:00+00:00,LONG,CHOPPY,HIGH_VOLATILITY_RANGE,RANGE,HIGH_VOLATILITY_RANGE,TIMEFRAME_CONFLICT,1,HIGH,MID,NO_CONFIRMED_BOS,NO_CONFIRMED_BOS,NO_CONFIRMED_BOS,NO_TRADE_CHOPPY,LOSS,-1.0,-12.587480336451149,-1.5949650100000001,-14.18244534645115,MATCHED_UNIQUE
12,2026-08-20T16:00:00+00:00,2026-08-21T01:00:00+00:00,LONG,HIGH_VOLATILITY_TREND,HIGH_VOLATILITY_TREND,BULL_TREND,HIGH_VOLATILITY_TREND,VOLATILITY_ALIGNED,4,HIGH,LOW,BULLISH_BOS,BULLISH_BOS,NO_CONFIRMED_BOS,NONE,WIN,2.0759187244780564,41.51837448956113,-1.49284573,40.02552875956113,MATCHED_UNIQUE
13,2026-08-21T02:00:00+00:00,2026-09-03T19:00:00+00:00,LONG,HIGH_VOLATILITY_TREND,HIGH_VOLATILITY_TREND,HIGH_VOLATILITY_TREND,HIGH_VOLATILITY_TREND,VOLATILITY_ALIGNED,4,HIGH,LOW,BULLISH_BOS,BULLISH_BOS,NO_CONFIRMED_BOS,NONE,WIN,2.0725794182446187,41.45158836489238,-0.36037984,41.09120852489238,MATCHED_UNIQUE
14,2026-09-18T03:00:00+00:00,2026-09-18T09:00:00+00:00,LONG,CHOPPY,TRANSITION,BULL_TREND,TRANSITION,TIMEFRAME_CONFLICT,0,NORMAL,MID,NO_CONFIRMED_BOS,NO_CONFIRMED_BOS,NO_CONFIRMED_BOS,NO_TRADE_CHOPPY,WIN,2.0022567109412113,24.975112800423904,-1.60999005,23.365122750423904,MATCHED_UNIQUE
15,2026-09-18T10:00:00+00:00,2026-09-18T12:00:00+00:00,LONG,CHOPPY,BEAR_TREND,BULL_TREND,BEAR_TREND,TIMEFRAME_CONFLICT,0,LOW,LOW,NO_CONFIRMED_BOS,NO_CONFIRMED_BOS,NO_CONFIRMED_BOS,NO_TRADE_CHOPPY,LOSS,-1.0,-6.975872206474693,-1.59720965,-8.573081856474694,MATCHED_UNIQUE
16,2026-09-18T13:00:00+00:00,2026-09-21T09:00:00+00:00,LONG,CHOPPY,TRANSITION,TRANSITION,TRANSITION,TIMEFRAME_CONFLICT,-1,HIGH,LOW,NO_CONFIRMED_BOS,NO_CONFIRMED_BOS,NO_CONFIRMED_BOS,NO_TRADE_CHOPPY,WIN,2.0,40.0,-0.59070628,39.40929372,MATCHED_UNIQUE
