variant,partition,partition_start,partition_end,partition_1h_rows,candidate_count,trade_count,wins,losses,win_rate,gross_R,fees_R,net_R,average_R,median_R,profit_factor,maximum_drawdown_R,longest_losing_streak,average_hold_bars,average_hold_hours,sample_size_label
S1_COMBINED,TRAIN,2022-10-06T08:00:00+00:00,2025-02-28T06:00:00+00:00,21023,632,362,156,206,0.430939226519337,63.62094329988357,19.76005772883427,43.8608855710493,0.1211626673233406,-0.45056076374466936,1.2280674127149245,12.819901397830654,9,34.28453038674033,34.28453038674033,STRONGER_RESEARCH_EVIDENCE
S1_COMBINED,VALIDATION,2025-02-28T07:00:00+00:00,2025-12-17T06:00:00+00:00,7008,632,137,53,84,0.38686131386861317,-1.5504442916322954,7.800844874366546,-9.351289165998843,-0.06825758515327622,-1.0253816234343394,0.888902864779224,11.547616885615488,11,32.8978102189781,32.8978102189781,STRONGER_RESEARCH_EVIDENCE
S1_COMBINED,OOS,2025-12-17T07:00:00+00:00,2026-10-05T06:00:00+00:00,7008,632,133,59,74,0.44360902255639095,38.251373484323466,7.910310031640118,30.34106345268335,0.2281282966367169,-0.18183860279665492,1.4506426116039333,7.689642141984423,6,31.721804511278197,31.721804511278197,STRONGER_RESEARCH_EVIDENCE
S1_LONG,TRAIN,2022-10-06T08:00:00+00:00,2025-02-28T06:00:00+00:00,21023,343,204,93,111,0.45588235294117646,48.83632796791737,10.33536004848509,38.500967919432284,0.18873023489917787,-0.3521008200242436,1.3671476912282698,10.551480045757282,6,34.455882352941174,34.455882352941174,STRONGER_RESEARCH_EVIDENCE
S1_LONG,VALIDATION,2025-02-28T07:00:00+00:00,2025-12-17T06:00:00+00:00,7008,343,75,30,45,0.4,4.208776088097541,4.737994703369143,-0.5292186152716027,-0.00705624820362137,-1.0195841885306016,0.9881916175859741,7.7439245775671655,7,31.2,31.2,PRELIMINARY
S1_LONG,OOS,2025-12-17T07:00:00+00:00,2026-10-05T06:00:00+00:00,7008,343,64,32,32,0.5,28.553787178231083,4.281391541563881,24.272395636667202,0.37925618182292503,0.08911060044178479,1.835372469552981,5.7050604378388865,5,30.53125,30.53125,PRELIMINARY
S1_SHORT,TRAIN,2022-10-06T08:00:00+00:00,2025-02-28T06:00:00+00:00,21023,289,158,63,95,0.3987341772151899,14.784615331966197,9.42469768034918,5.359917651617017,0.03392352944061403,-0.6157927541108748,1.061290962874138,10.045848312053467,8,34.063291139240505,34.063291139240505,STRONGER_RESEARCH_EVIDENCE
S1_SHORT,VALIDATION,2025-02-28T07:00:00+00:00,2025-12-17T06:00:00+00:00,7008,289,62,23,39,0.3709677419354839,-5.759220379729836,3.062850170997403,-8.82207055072724,-0.14229146049560065,-1.027788817359145,0.7758335050343995,10.030361844894687,6,34.95161290322581,34.95161290322581,PRELIMINARY
S1_SHORT,OOS,2025-12-17T07:00:00+00:00,2026-10-05T06:00:00+00:00,7008,289,69,27,42,0.391304347826087,9.697586306092385,3.628918490076236,6.0686678160161485,0.0879517074784949,-0.8225712168114102,1.158564036086014,7.778939449493633,8,32.82608695652174,32.82608695652174,PRELIMINARY
