symbol,partition,direction,trade_id,signal_time,entry_time,exit_time,entry_price,stop_price,target_price,exit_reason,bars_held,gross_R,fees_R,net_R,selected_4h_open_time,selected_4h_close_time,selected_4h_is_closed,lookahead_status,ambiguity,ablation
BTCUSDT,TRAIN,SHORT,A0-SHORT-1,2022-10-14T17:00:00+00:00,2022-10-14T16:00:00+00:00,2022-10-17T16:00:00+00:00,19297.0,19853.1485,18184.703,TIME,72,-0.36842677809973723,0.027758053829148185,-0.39618483192888543,2022-10-14T12:00:00+00:00,2022-10-14T16:00:00+00:00,True,PASS,NONE,A0
BTCUSDT,TRAIN,SHORT,A0-SHORT-2,2022-10-18T19:00:00+00:00,2022-10-18T18:00:00+00:00,2022-10-21T18:00:00+00:00,19211.6,19683.6058,18267.588399999993,TIME,72,0.17224364615858284,0.03256163377653392,0.13968201238204891,2022-10-18T12:00:00+00:00,2022-10-18T16:00:00+00:00,True,PASS,NONE,A0
BTCUSDT,TRAIN,SHORT,A0-SHORT-6,2022-11-03T12:00:00+00:00,2022-11-03T11:00:00+00:00,2022-11-04T05:00:00+00:00,20124.3,20410.06215,19552.775699999995,SL,18,-1.0,0.056338601875720325,-1.0563386018757204,2022-11-03T08:00:00+00:00,2022-11-03T12:00:00+00:00,True,PASS,NONE,A0
BTCUSDT,TRAIN,SHORT,A0-SHORT-9,2022-11-08T04:00:00+00:00,2022-11-08T03:00:00+00:00,2022-11-08T18:00:00+00:00,20140.6,20895.670299999998,18630.4594,TP,15,2.0,0.02133904617887899,1.978660953821121,2022-11-08T00:00:00+00:00,2022-11-08T04:00:00+00:00,True,PASS,NONE,A0
BTCUSDT,TRAIN,SHORT,A0-SHORT-10,2022-11-08T20:00:00+00:00,2022-11-08T19:00:00+00:00,2022-11-11T19:00:00+00:00,18238.0,20694.119,13325.762000000002,TIME,72,0.5681320815481669,0.005940428782155917,0.5621916527660109,2022-11-08T16:00:00+00:00,2022-11-08T20:00:00+00:00,True,PASS,NONE,A0
BTCUSDT,TRAIN,SHORT,A0-SHORT-11,2022-11-13T07:00:00+00:00,2022-11-13T06:00:00+00:00,2022-11-14T00:00:00+00:00,16675.0,16958.3375,16108.324999999997,TP,18,2.0,0.047081660563815,1.952918339436185,2022-11-13T00:00:00+00:00,2022-11-13T04:00:00+00:00,True,PASS,NONE,A0
BTCUSDT,TRAIN,SHORT,A0-SHORT-12,2022-11-14T20:00:00+00:00,2022-11-14T19:00:00+00:00,2022-11-17T19:00:00+00:00,16245.0,17196.1225,14342.754999999997,TIME,72,-0.38869861663455574,0.013663855076501695,-0.40236247171105743,2022-11-14T16:00:00+00:00,2022-11-14T20:00:00+00:00,True,PASS,NONE,A0
BTCUSDT,TRAIN,SHORT,A0-SHORT-13,2022-11-18T18:00:00+00:00,2022-11-18T17:00:00+00:00,2022-11-21T02:00:00+00:00,16588.6,16853.194300000003,16059.41139999999,TP,57,2.0,0.05015557780345149,1.9498444221965485,2022-11-18T12:00:00+00:00,2022-11-18T16:00:00+00:00,True,PASS,NONE,A0
BTCUSDT,TRAIN,SHORT,A0-SHORT-14,2022-11-21T20:00:00+00:00,2022-11-21T19:00:00+00:00,2022-11-22T15:00:00+00:00,15712.8,16280.8564,14576.687199999997,SL,20,-1.0,0.022128506958111856,-1.0221285069581119,2022-11-21T16:00:00+00:00,2022-11-21T20:00:00+00:00,True,PASS,NONE,A0
BTCUSDT,TRAIN,SHORT,A0-SHORT-15,2022-11-23T17:00:00+00:00,2022-11-23T16:00:00+00:00,2022-11-23T19:00:00+00:00,16327.1,16702.16355,15576.972899999999,SL,3,-1.0,0.03482524494848933,-1.0348252449484894,2022-11-23T12:00:00+00:00,2022-11-23T16:00:00+00:00,True,PASS,NONE,A0
BTCUSDT,TRAIN,SHORT,A0-SHORT-17,2022-11-28T00:00:00+00:00,2022-11-27T23:00:00+00:00,2022-11-28T02:00:00+00:00,16422.6,16596.2113,16075.377399999998,TP,3,2.0,0.07567525846531857,1.9243247415346814,2022-11-27T20:00:00+00:00,2022-11-28T00:00:00+00:00,True,PASS,NONE,A0
BTCUSDT,TRAIN,SHORT,A0-SHORT-18,2022-11-28T16:00:00+00:00,2022-11-28T15:00:00+00:00,2022-11-28T16:00:00+00:00,16136.7,16308.06835,15793.963300000003,SL,1,-1.0,0.07533106317473495,-1.075331063174735,2022-11-28T12:00:00+00:00,2022-11-28T16:00:00+00:00,True,PASS,NONE,A0
BTCUSDT,TRAIN,SHORT,A0-SHORT-27,2022-12-16T17:00:00+00:00,2022-12-16T16:00:00+00:00,2022-12-19T16:00:00+00:00,16801.7,17518.90085,15367.298299999999,TIME,72,0.2434464487876749,0.01874141671750665,0.22470503207016826,2022-12-16T12:00:00+00:00,2022-12-16T16:00:00+00:00,True,PASS,NONE,A0
BTCUSDT,TRAIN,SHORT,A0-SHORT-28,2022-12-19T23:00:00+00:00,2022-12-19T22:00:00+00:00,2022-12-20T02:00:00+00:00,16407.4,16765.9037,15690.392600000006,SL,4,-1.0,0.03661306703389699,-1.0366130670338969,2022-12-19T16:00:00+00:00,2022-12-19T20:00:00+00:00,True,PASS,NONE,A0
BTCUSDT,TRAIN,SHORT,A0-SHORT-29,2022-12-22T14:00:00+00:00,2022-12-22T13:00:00+00:00,2022-12-22T17:00:00+00:00,16775.3,16870.287650000002,16585.324699999994,TP,4,2.0,0.14128405113717005,1.85871594886283,2022-12-22T08:00:00+00:00,2022-12-22T12:00:00+00:00,True,PASS,NONE,A0
BTCUSDT,TRAIN,SHORT,A0-SHORT-30,2022-12-26T16:00:00+00:00,2022-12-26T15:00:00+00:00,2022-12-26T23:00:00+00:00,16801.2,16871.4006,16660.7988,SL,8,-1.0,0.19146503021341665,-1.1914650302134167,2022-12-26T12:00:00+00:00,2022-12-26T16:00:00+00:00,True,PASS,NONE,A0
BTCUSDT,TRAIN,SHORT,A0-SHORT-31,2022-12-27T12:00:00+00:00,2022-12-27T11:00:00+00:00,2022-12-27T17:00:00+00:00,16823.7,16896.41185,16678.2763,TP,6,2.0,0.18509995275873273,1.8149000472412673,2022-12-27T08:00:00+00:00,2022-12-27T12:00:00+00:00,True,PASS,NONE,A0
BTCUSDT,TRAIN,SHORT,A0-SHORT-32,2022-12-28T16:00:00+00:00,2022-12-28T15:00:00+00:00,2022-12-31T15:00:00+00:00,16571.3,16767.985650000002,16177.928699999993,TIME,72,-0.07473854854180007,0.06740217194289361,-0.14214072048469367,2022-12-28T12:00:00+00:00,2022-12-28T16:00:00+00:00,True,PASS,NONE,A0
BTCUSDT,TRAIN,SHORT,A0-SHORT-33,2022-12-31T22:00:00+00:00,2022-12-31T21:00:00+00:00,2023-01-02T03:00:00+00:00,16544.0,16648.272,16335.455999999998,SL,30,-1.0,0.1269295688200082,-1.1269295688200083,2022-12-31T16:00:00+00:00,2022-12-31T20:00:00+00:00,True,PASS,NONE,A0
BTCUSDT,TRAIN,SHORT,A0-SHORT-49,2023-02-05T18:00:00+00:00,2023-02-05T17:00:00+00:00,2023-02-08T01:00:00+00:00,22848.6,23417.4243,21710.951399999998,SL,56,-1.0,0.03213449214458664,-1.0321344921445867,2023-02-05T12:00:00+00:00,2023-02-05T16:00:00+00:00,True,PASS,NONE,A0
BTCUSDT,TRAIN,SHORT,A0-SHORT-50,2023-02-08T16:00:00+00:00,2023-02-08T15:00:00+00:00,2023-02-09T19:00:00+00:00,22862.4,23245.031199999998,22097.13760000001,TP,28,2.0,0.04780038846806059,1.9521996115319393,2023-02-08T12:00:00+00:00,2023-02-08T16:00:00+00:00,True,PASS,NONE,A0
BTCUSDT,TRAIN,SHORT,A0-SHORT-51,2023-02-11T19:00:00+00:00,2023-02-11T18:00:00+00:00,2023-02-11T21:00:00+00:00,21644.3,21780.82215,21371.255699999998,SL,3,-1.0,0.12683245905517831,-1.1268324590551784,2023-02-11T12:00:00+00:00,2023-02-11T16:00:00+00:00,True,PASS,NONE,A0
BTCUSDT,TRAIN,SHORT,A0-SHORT-52,2023-02-12T22:00:00+00:00,2023-02-12T21:00:00+00:00,2023-02-14T14:00:00+00:00,21728.0,22091.764000000003,21000.471999999994,SL,41,-1.0,0.047784827525538164,-1.0477848275255381,2023-02-12T16:00:00+00:00,2023-02-12T20:00:00+00:00,True,PASS,NONE,A0
BTCUSDT,TRAIN,SHORT,A0-SHORT-55,2023-02-24T17:00:00+00:00,2023-02-24T16:00:00+00:00,2023-02-27T16:00:00+00:00,23179.8,24040.8899,21457.6202,TIME,72,-0.23284444516188174,0.021535312398856404,-0.25437975756073816,2023-02-24T12:00:00+00:00,2023-02-24T16:00:00+00:00,True,PASS,NONE,A0
BTCUSDT,TRAIN,SHORT,A0-SHORT-56,2023-02-28T08:00:00+00:00,2023-02-28T07:00:00+00:00,2023-02-28T16:00:00+00:00,23223.3,23585.11165,22499.6767,SL,9,-1.0,0.05134892699005136,-1.0513489269900513,2023-02-28T04:00:00+00:00,2023-02-28T08:00:00+00:00,True,PASS,NONE,A0
BTCUSDT,TRAIN,SHORT,A0-SHORT-57,2023-02-28T20:00:00+00:00,2023-02-28T19:00:00+00:00,2023-03-01T04:00:00+00:00,23251.0,23604.425499999998,22544.149000000005,SL,9,-1.0,0.05263004508729599,-1.052630045087296,2023-02-28T16:00:00+00:00,2023-02-28T20:00:00+00:00,True,PASS,NONE,A0
BTCUSDT,TRAIN,SHORT,A0-SHORT-59,2023-03-04T16:00:00+00:00,2023-03-04T15:00:00+00:00,2023-03-05T01:00:00+00:00,22306.3,22401.15315,22116.5937,SL,10,-1.0,0.1881333408537322,-1.1881333408537322,2023-03-04T12:00:00+00:00,2023-03-04T16:00:00+00:00,True,PASS,NONE,A0
BTCUSDT,TRAIN,SHORT,A0-SHORT-60,2023-03-06T21:00:00+00:00,2023-03-06T20:00:00+00:00,2023-03-08T05:00:00+00:00,22340.8,22605.6704,21811.0592,TP,33,2.0,0.06747692456386223,1.9325230754361378,2023-03-06T16:00:00+00:00,2023-03-06T20:00:00+00:00,True,PASS,NONE,A0
BTCUSDT,TRAIN,SHORT,A0-SHORT-61,2023-03-08T23:00:00+00:00,2023-03-08T22:00:00+00:00,2023-03-09T19:00:00+00:00,21792.7,22232.89635,20912.307300000004,TP,21,2.0,0.03960541699175849,1.9603945830082414,2023-03-08T16:00:00+00:00,2023-03-08T20:00:00+00:00,True,PASS,NONE,A0
BTCUSDT,TRAIN,SHORT,A0-SHORT-62,2023-03-09T21:00:00+00:00,2023-03-09T20:00:00+00:00,2023-03-12T20:00:00+00:00,20098.0,21833.049,16627.902000000002,TIME,72,-0.6633818410892145,0.009266827622735733,-0.6726486687119503,2023-03-09T16:00:00+00:00,2023-03-09T20:00:00+00:00,True,PASS,NONE,A0
BTCUSDT,TRAIN,SHORT,A0-SHORT-68,2023-03-27T16:00:00+00:00,2023-03-27T15:00:00+00:00,2023-03-29T06:00:00+00:00,26887.3,28000.24365,24661.412699999997,SL,39,-1.0,0.01932698030129376,-1.0193269803012939,2023-03-27T12:00:00+00:00,2023-03-27T16:00:00+00:00,True,PASS,NONE,A0
BTCUSDT,TRAIN,SHORT,A0-SHORT-71,2023-04-09T07:00:00+00:00,2023-04-09T06:00:00+00:00,2023-04-09T19:00:00+00:00,27865.6,28092.032799999997,27412.7344,SL,13,-1.0,0.09845075448433324,-1.0984507544843332,2023-04-09T00:00:00+00:00,2023-04-09T04:00:00+00:00,True,PASS,NONE,A0
BTCUSDT,TRAIN,SHORT,A0-SHORT-77,2023-04-21T18:00:00+00:00,2023-04-21T17:00:00+00:00,2023-04-24T16:00:00+00:00,27893.4,28313.9467,27052.306600000004,TP,71,2.0,0.05306121769591833,1.9469387823040816,2023-04-21T12:00:00+00:00,2023-04-21T16:00:00+00:00,True,PASS,NONE,A0
BTCUSDT,TRAIN,SHORT,A0-SHORT-78,2023-04-25T08:00:00+00:00,2023-04-25T07:00:00+00:00,2023-04-25T17:00:00+00:00,27252.3,27597.22615,26562.4477,SL,10,-1.0,0.06320726915022258,-1.0632072691502226,2023-04-25T04:00:00+00:00,2023-04-25T08:00:00+00:00,True,PASS,NONE,A0
BTCUSDT,TRAIN,SHORT,A0-SHORT-79,2023-04-26T20:00:00+00:00,2023-04-26T19:00:00+00:00,2023-04-29T19:00:00+00:00,27871.9,30062.13595,23491.428100000005,TIME,72,-0.6164176056008941,0.010180419146165517,-0.6265980247470596,2023-04-26T16:00:00+00:00,2023-04-26T20:00:00+00:00,True,PASS,NONE,A0
BTCUSDT,TRAIN,SHORT,A0-SHORT-81,2023-05-03T13:00:00+00:00,2023-05-03T12:00:00+00:00,2023-05-03T17:00:00+00:00,28296.4,28773.0482,27343.103600000002,SL,5,-1.0,0.047492301450000274,-1.0474923014500002,2023-05-03T08:00:00+00:00,2023-05-03T12:00:00+00:00,True,PASS,NONE,A0
BTCUSDT,TRAIN,SHORT,A0-SHORT-84,2023-05-08T00:00:00+00:00,2023-05-07T23:00:00+00:00,2023-05-10T17:00:00+00:00,28419.4,29052.1097,27153.980600000003,TP,66,2.0,0.03593357269534515,1.9640664273046549,2023-05-07T20:00:00+00:00,2023-05-08T00:00:00+00:00,True,PASS,NONE,A0
BTCUSDT,TRAIN,SHORT,A0-SHORT-85,2023-05-11T14:00:00+00:00,2023-05-11T13:00:00+00:00,2023-05-12T05:00:00+00:00,27197.0,27643.5985,26303.803,TP,16,2.0,0.04871847979784974,1.9512815202021503,2023-05-11T08:00:00+00:00,2023-05-11T12:00:00+00:00,True,PASS,NONE,A0
BTCUSDT,TRAIN,SHORT,A0-SHORT-86,2023-05-15T01:00:00+00:00,2023-05-15T00:00:00+00:00,2023-05-15T01:00:00+00:00,26787.8,27128.493899999998,26106.412200000002,SL,1,-1.0,0.06290174259063665,-1.0629017425906366,2023-05-14T20:00:00+00:00,2023-05-15T00:00:00+00:00,True,PASS,NONE,A0
BTCUSDT,TRAIN,SHORT,A0-SHORT-87,2023-05-16T00:00:00+00:00,2023-05-15T23:00:00+00:00,2023-05-18T23:00:00+00:00,27152.5,27663.57625,26130.347500000003,TIME,72,0.6715240631901833,0.04250246416263733,0.629021599027546,2023-05-15T20:00:00+00:00,2023-05-16T00:00:00+00:00,True,PASS,NONE,A0
BTCUSDT,TRAIN,SHORT,A0-SHORT-88,2023-05-21T11:00:00+00:00,2023-05-21T10:00:00+00:00,2023-05-23T03:00:00+00:00,26946.7,27193.07335,26453.953300000005,SL,41,-1.0,0.08749874935742918,-1.087498749357429,2023-05-21T04:00:00+00:00,2023-05-21T08:00:00+00:00,True,PASS,NONE,A0
BTCUSDT,TRAIN,SHORT,A0-SHORT-89,2023-05-24T04:00:00+00:00,2023-05-24T03:00:00+00:00,2023-05-27T03:00:00+00:00,26770.0,27257.385,25795.230000000003,TIME,72,0.06257886475784051,0.043940621890292214,0.018638242867548296,2023-05-24T00:00:00+00:00,2023-05-24T04:00:00+00:00,True,PASS,NONE,A0
BTCUSDT,TRAIN,SHORT,A0-SHORT-90,2023-05-27T14:00:00+00:00,2023-05-27T13:00:00+00:00,2023-05-27T18:00:00+00:00,26617.8,26766.8089,26319.782199999998,SL,5,-1.0,0.14290582643050112,-1.1429058264305012,2023-05-27T08:00:00+00:00,2023-05-27T12:00:00+00:00,True,PASS,NONE,A0
BTCUSDT,TRAIN,SHORT,A0-SHORT-93,2023-06-01T03:00:00+00:00,2023-06-01T02:00:00+00:00,2023-06-04T02:00:00+00:00,26705.1,27361.25255,25392.794899999994,TIME,72,-0.5724278599542145,0.032559623520475416,-0.6049874834746899,2023-05-31T20:00:00+00:00,2023-06-01T00:00:00+00:00,True,PASS,NONE,A0
BTCUSDT,TRAIN,SHORT,A0-SHORT-95,2023-06-05T04:00:00+00:00,2023-06-05T03:00:00+00:00,2023-06-05T16:00:00+00:00,26835.9,27473.41795,25560.864100000006,TP,13,2.0,0.03367547533367504,1.966324524666325,2023-06-05T00:00:00+00:00,2023-06-05T04:00:00+00:00,True,PASS,NONE,A0
BTCUSDT,TRAIN,SHORT,A0-SHORT-97,2023-06-10T05:00:00+00:00,2023-06-10T04:00:00+00:00,2023-06-13T04:00:00+00:00,25753.6,26537.8768,24185.0464,TIME,72,-0.36887486662872476,0.02626990878730572,-0.3951447754160305,2023-06-10T00:00:00+00:00,2023-06-10T04:00:00+00:00,True,PASS,NONE,A0
BTCUSDT,TRAIN,SHORT,A0-SHORT-98,2023-06-13T16:00:00+00:00,2023-06-13T15:00:00+00:00,2023-06-16T15:00:00+00:00,25750.9,26443.37545,24365.949100000005,TIME,72,-0.11769370307640542,0.02974938678331493,-0.14744308985972035,2023-06-13T12:00:00+00:00,2023-06-13T16:00:00+00:00,True,PASS,NONE,A0
BTCUSDT,TRAIN,SHORT,A0-SHORT-109,2023-07-05T13:00:00+00:00,2023-07-05T12:00:00+00:00,2023-07-06T08:00:00+00:00,30310.0,30877.754999999997,29174.490000000005,SL,20,-1.0,0.04270856267227961,-1.0427085626722796,2023-07-05T08:00:00+00:00,2023-07-05T12:00:00+00:00,True,PASS,NONE,A0
BTCUSDT,TRAIN,SHORT,A0-SHORT-110,2023-07-08T07:00:00+00:00,2023-07-08T06:00:00+00:00,2023-07-09T01:00:00+00:00,30161.3,30395.08065,29693.738699999998,SL,19,-1.0,0.10321230606553596,-1.1032123060655359,2023-07-08T00:00:00+00:00,2023-07-08T04:00:00+00:00,True,PASS,NONE,A0
BTCUSDT,TRAIN,SHORT,A0-SHORT-113,2023-07-16T03:00:00+00:00,2023-07-16T02:00:00+00:00,2023-07-16T14:00:00+00:00,30239.2,30356.6196,30004.3608,SL,12,-1.0,0.20602488851946166,-1.2060248885194618,2023-07-15T20:00:00+00:00,2023-07-16T00:00:00+00:00,True,PASS,NONE,A0
BTCUSDT,TRAIN,SHORT,A0-SHORT-114,2023-07-17T10:00:00+00:00,2023-07-17T09:00:00+00:00,2023-07-17T18:00:00+00:00,30163.6,30344.7818,29801.236399999994,TP,9,2.0,0.13318600433376707,1.8668139956662329,2023-07-17T04:00:00+00:00,2023-07-17T08:00:00+00:00,True,PASS,NONE,A0
BTCUSDT,TRAIN,SHORT,A0-SHORT-115,2023-07-18T07:00:00+00:00,2023-07-18T06:00:00+00:00,2023-07-20T08:00:00+00:00,29976.9,30272.98845,29384.723100000003,SL,50,-1.0,0.08099444608528317,-1.0809944460852832,2023-07-18T00:00:00+00:00,2023-07-18T04:00:00+00:00,True,PASS,NONE,A0
BTCUSDT,TRAIN,SHORT,A0-SHORT-116,2023-07-24T04:00:00+00:00,2023-07-24T03:00:00+00:00,2023-07-27T03:00:00+00:00,29705.6,30383.0528,28350.694399999993,TIME,72,0.46866733741450134,0.035079167139024155,0.4335881702754772,2023-07-24T00:00:00+00:00,2023-07-24T04:00:00+00:00,True,PASS,NONE,A0
BTCUSDT,TRAIN,SHORT,A0-SHORT-117,2023-07-27T15:00:00+00:00,2023-07-27T14:00:00+00:00,2023-07-30T14:00:00+00:00,29336.0,29573.068000000003,28861.863999999994,TIME,72,-0.17378979870754474,0.09899606863853287,-0.2727858673460776,2023-07-27T08:00:00+00:00,2023-07-27T12:00:00+00:00,True,PASS,NONE,A0
BTCUSDT,TRAIN,SHORT,A0-SHORT-118,2023-07-30T20:00:00+00:00,2023-07-30T19:00:00+00:00,2023-07-31T00:00:00+00:00,29187.2,29457.0936,28647.412800000002,SL,5,-1.0,0.08651468578728823,-1.0865146857872883,2023-07-30T16:00:00+00:00,2023-07-30T20:00:00+00:00,True,PASS,NONE,A0
BTCUSDT,TRAIN,SHORT,A0-SHORT-119,2023-07-31T15:00:00+00:00,2023-07-31T14:00:00+00:00,2023-08-01T02:00:00+00:00,29290.0,29476.045000000002,28917.909999999996,TP,12,2.0,0.12594802332768826,1.8740519766723118,2023-07-31T08:00:00+00:00,2023-07-31T12:00:00+00:00,True,PASS,NONE,A0
BTCUSDT,TRAIN,SHORT,A0-SHORT-121,2023-08-06T13:00:00+00:00,2023-08-06T12:00:00+00:00,2023-08-06T20:00:00+00:00,29026.2,29146.5131,28785.573800000002,SL,8,-1.0,0.19300441930263718,-1.1930044193026372,2023-08-06T08:00:00+00:00,2023-08-06T12:00:00+00:00,True,PASS,NONE,A0
BTCUSDT,TRAIN,SHORT,A0-SHORT-122,2023-08-07T14:00:00+00:00,2023-08-07T13:00:00+00:00,2023-08-07T16:00:00+00:00,29019.4,29186.809699999998,28684.58060000001,TP,3,2.0,0.1386748796515404,1.8613251203484595,2023-08-07T08:00:00+00:00,2023-08-07T12:00:00+00:00,True,PASS,NONE,A0
BTCUSDT,TRAIN,SHORT,A0-SHORT-127,2023-08-15T16:00:00+00:00,2023-08-15T15:00:00+00:00,2023-08-16T16:00:00+00:00,29315.2,29470.757599999997,29004.084800000008,TP,25,2.0,0.15076190427211875,1.8492380957278813,2023-08-15T12:00:00+00:00,2023-08-15T16:00:00+00:00,True,PASS,NONE,A0
BTCUSDT,TRAIN,SHORT,A0-SHORT-128,2023-08-17T00:00:00+00:00,2023-08-16T23:00:00+00:00,2023-08-17T20:00:00+00:00,28714.4,29243.957199999997,27655.28560000001,TP,21,2.0,0.043378732269149,1.956621267730851,2023-08-16T20:00:00+00:00,2023-08-17T00:00:00+00:00,True,PASS,NONE,A0
BTCUSDT,TRAIN,SHORT,A0-SHORT-129,2023-08-21T05:00:00+00:00,2023-08-21T04:00:00+00:00,2023-08-22T21:00:00+00:00,26043.8,26298.0219,25535.3562,TP,41,2.0,0.08195611786396043,1.9180438821360395,2023-08-21T00:00:00+00:00,2023-08-21T04:00:00+00:00,True,PASS,NONE,A0
BTCUSDT,TRAIN,SHORT,A0-SHORT-130,2023-08-23T11:00:00+00:00,2023-08-23T10:00:00+00:00,2023-08-23T15:00:00+00:00,25954.8,26182.9774,25498.4452,SL,5,-1.0,0.0909986703328198,-1.0909986703328198,2023-08-23T04:00:00+00:00,2023-08-23T08:00:00+00:00,True,PASS,NONE,A0
BTCUSDT,TRAIN,SHORT,A0-SHORT-131,2023-08-24T14:00:00+00:00,2023-08-24T13:00:00+00:00,2023-08-24T17:00:00+00:00,26346.4,26581.4732,25876.253600000004,TP,4,2.0,0.08966194359884537,1.9103380564011547,2023-08-24T08:00:00+00:00,2023-08-24T12:00:00+00:00,True,PASS,NONE,A0
BTCUSDT,TRAIN,SHORT,A0-SHORT-132,2023-08-25T08:00:00+00:00,2023-08-25T07:00:00+00:00,2023-08-25T13:00:00+00:00,25969.3,26212.98465,25481.9307,SL,6,-1.0,0.08525543155877921,-1.0852554315587792,2023-08-25T04:00:00+00:00,2023-08-25T08:00:00+00:00,True,PASS,NONE,A0
BTCUSDT,TRAIN,SHORT,A0-SHORT-133,2023-08-25T15:00:00+00:00,2023-08-25T14:00:00+00:00,2023-08-28T12:00:00+00:00,25821.6,26241.0108,24982.778399999996,SL,70,-1.0,0.04925309505620725,-1.0492530950562073,2023-08-25T08:00:00+00:00,2023-08-25T12:00:00+00:00,True,PASS,NONE,A0
BTCUSDT,TRAIN,SHORT,A0-SHORT-134,2023-08-29T09:00:00+00:00,2023-08-29T08:00:00+00:00,2023-08-29T14:00:00+00:00,25940.9,26212.97045,25396.759100000003,SL,6,-1.0,0.07627700839984666,-1.0762770083998467,2023-08-29T04:00:00+00:00,2023-08-29T08:00:00+00:00,True,PASS,NONE,A0
BTCUSDT,TRAIN,SHORT,A0-SHORT-136,2023-09-04T13:00:00+00:00,2023-09-04T12:00:00+00:00,2023-09-06T17:00:00+00:00,25845.0,26018.6225,25497.754999999997,STOP_FIRST,53,-1.0,0.11908594796181282,-1.1190859479618127,2023-09-04T08:00:00+00:00,2023-09-04T12:00:00+00:00,True,PASS,BOTH_TOUCHED_SAME_CANDLE,A0
BTCUSDT,TRAIN,SHORT,A0-SHORT-137,2023-09-07T12:00:00+00:00,2023-09-07T11:00:00+00:00,2023-09-07T16:00:00+00:00,25695.5,25850.84775,25384.8045,SL,5,-1.0,0.13232505781383955,-1.1323250578138395,2023-09-07T08:00:00+00:00,2023-09-07T12:00:00+00:00,True,PASS,NONE,A0
BTCUSDT,TRAIN,SHORT,A0-SHORT-138,2023-09-09T06:00:00+00:00,2023-09-09T05:00:00+00:00,2023-09-09T16:00:00+00:00,25828.9,25936.01445,25614.671100000007,SL,11,-1.0,0.19290693272476797,-1.1929069327247679,2023-09-09T00:00:00+00:00,2023-09-09T04:00:00+00:00,True,PASS,NONE,A0
BTCUSDT,TRAIN,SHORT,A0-SHORT-139,2023-09-11T15:00:00+00:00,2023-09-11T14:00:00+00:00,2023-09-12T03:00:00+00:00,25138.9,25907.56945,23601.561100000006,SL,13,-1.0,0.026163547933380292,-1.0261635479333804,2023-09-11T08:00:00+00:00,2023-09-11T12:00:00+00:00,True,PASS,NONE,A0
BTCUSDT,TRAIN,SHORT,A0-SHORT-143,2023-09-25T00:00:00+00:00,2023-09-24T23:00:00+00:00,2023-09-27T11:00:00+00:00,26232.4,26753.016200000002,25191.1676,SL,60,-1.0,0.04030977138245023,-1.0403097713824503,2023-09-24T20:00:00+00:00,2023-09-25T00:00:00+00:00,True,PASS,NONE,A0
BTCUSDT,TRAIN,SHORT,A0-SHORT-150,2023-10-10T12:00:00+00:00,2023-10-10T11:00:00+00:00,2023-10-11T03:00:00+00:00,27494.1,27741.04705,27000.205899999994,TP,16,2.0,0.0890688105000638,1.9109311894999361,2023-10-10T08:00:00+00:00,2023-10-10T12:00:00+00:00,True,PASS,NONE,A0
BTCUSDT,TRAIN,SHORT,A0-SHORT-151,2023-10-11T16:00:00+00:00,2023-10-11T15:00:00+00:00,2023-10-14T15:00:00+00:00,26769.1,27333.38455,25640.530899999998,TIME,72,-0.28141830216688163,0.037951207418314016,-0.31936950958519567,2023-10-11T12:00:00+00:00,2023-10-11T16:00:00+00:00,True,PASS,NONE,A0
BTCUSDT,TRAIN,SHORT,A0-SHORT-152,2023-10-14T21:00:00+00:00,2023-10-14T20:00:00+00:00,2023-10-15T13:00:00+00:00,26831.8,26951.3159,26592.768199999995,SL,17,-1.0,0.179603215973771,-1.179603215973771,2023-10-14T16:00:00+00:00,2023-10-14T20:00:00+00:00,True,PASS,NONE,A0
BTCUSDT,TRAIN,SHORT,A0-SHORT-164,2023-11-14T16:00:00+00:00,2023-11-14T15:00:00+00:00,2023-11-14T18:00:00+00:00,36168.7,36797.98435,34910.131299999994,TP,3,2.0,0.045980739867438176,1.9540192601325619,2023-11-14T12:00:00+00:00,2023-11-14T16:00:00+00:00,True,PASS,NONE,A0
BTCUSDT,TRAIN,SHORT,A0-SHORT-166,2023-11-16T16:00:00+00:00,2023-11-16T15:00:00+00:00,2023-11-19T15:00:00+00:00,36423.1,37664.11155,33941.07689999999,TIME,72,-0.12248072953067975,0.023479620314573166,-0.1459603498452529,2023-11-16T12:00:00+00:00,2023-11-16T16:00:00+00:00,True,PASS,NONE,A0
BTCUSDT,TRAIN,SHORT,A0-SHORT-168,2023-11-22T00:00:00+00:00,2023-11-21T23:00:00+00:00,2023-11-22T20:00:00+00:00,35737.0,37548.8685,32113.263000000006,SL,21,-1.0,0.01577907005944419,-1.0157790700594442,2023-11-21T20:00:00+00:00,2023-11-22T00:00:00+00:00,True,PASS,NONE,A0
BTCUSDT,TRAIN,SHORT,A0-SHORT-177,2023-12-12T18:00:00+00:00,2023-12-12T17:00:00+00:00,2023-12-13T16:00:00+00:00,40734.5,42106.267250000004,37990.96549999999,SL,23,-1.0,0.023755925066734095,-1.023755925066734,2023-12-12T12:00:00+00:00,2023-12-12T16:00:00+00:00,True,PASS,NONE,A0
BTCUSDT,TRAIN,SHORT,A0-SHORT-179,2023-12-17T02:00:00+00:00,2023-12-17T01:00:00+00:00,2023-12-18T09:00:00+00:00,42029.0,42641.0145,40804.971000000005,TP,32,2.0,0.05493856763197627,1.9450614323680238,2023-12-16T20:00:00+00:00,2023-12-17T00:00:00+00:00,True,PASS,NONE,A0
BTCUSDT,TRAIN,SHORT,A0-SHORT-183,2023-12-26T10:00:00+00:00,2023-12-26T09:00:00+00:00,2023-12-27T22:00:00+00:00,42449.0,43618.824499999995,40109.35100000001,SL,37,-1.0,0.029029311661706643,-1.0290293116617066,2023-12-26T04:00:00+00:00,2023-12-26T08:00:00+00:00,True,PASS,NONE,A0
BTCUSDT,TRAIN,SHORT,A0-SHORT-184,2023-12-28T16:00:00+00:00,2023-12-28T15:00:00+00:00,2023-12-31T15:00:00+00:00,42485.8,43254.2429,40948.914200000014,TIME,72,-0.004945064883800295,0.04423053424008504,-0.04917559912388533,2023-12-28T12:00:00+00:00,2023-12-28T16:00:00+00:00,True,PASS,NONE,A0
BTCUSDT,TRAIN,SHORT,A0-SHORT-185,2023-12-31T23:00:00+00:00,2023-12-31T22:00:00+00:00,2024-01-01T01:00:00+00:00,42294.8,42787.8474,41308.70520000001,SL,3,-1.0,0.0686259373845198,-1.0686259373845197,2023-12-31T16:00:00+00:00,2023-12-31T20:00:00+00:00,True,PASS,NONE,A0
BTCUSDT,TRAIN,SHORT,A0-SHORT-190,2024-01-14T01:00:00+00:00,2024-01-14T00:00:00+00:00,2024-01-15T18:00:00+00:00,42691.2,43215.2456,41643.10879999999,SL,42,-1.0,0.06517173314688585,-1.0651717331468857,2024-01-13T20:00:00+00:00,2024-01-14T00:00:00+00:00,True,PASS,NONE,A0
BTCUSDT,TRAIN,SHORT,A0-SHORT-191,2024-01-17T04:00:00+00:00,2024-01-17T03:00:00+00:00,2024-01-18T19:00:00+00:00,42842.1,43610.42105,41305.4579,TP,40,2.0,0.04460853962025388,1.9553914603797462,2024-01-17T00:00:00+00:00,2024-01-17T04:00:00+00:00,True,PASS,NONE,A0
BTCUSDT,TRAIN,SHORT,A0-SHORT-192,2024-01-19T15:00:00+00:00,2024-01-19T14:00:00+00:00,2024-01-19T18:00:00+00:00,40973.4,41598.786700000004,39722.626599999996,SL,4,-1.0,0.052413522705231586,-1.0524135227052316,2024-01-19T08:00:00+00:00,2024-01-19T12:00:00+00:00,True,PASS,NONE,A0
BTCUSDT,TRAIN,SHORT,A0-SHORT-193,2024-01-21T07:00:00+00:00,2024-01-21T06:00:00+00:00,2024-01-21T13:00:00+00:00,41604.0,41840.402,41131.195999999996,SL,7,-1.0,0.14079068705002384,-1.140790687050024,2024-01-21T00:00:00+00:00,2024-01-21T04:00:00+00:00,True,PASS,NONE,A0
BTCUSDT,TRAIN,SHORT,A0-SHORT-194,2024-01-22T02:00:00+00:00,2024-01-22T01:00:00+00:00,2024-01-22T10:00:00+00:00,41363.9,41840.68195,40410.33610000001,TP,9,2.0,0.06940514421739376,1.9305948557826063,2024-01-21T20:00:00+00:00,2024-01-22T00:00:00+00:00,True,PASS,NONE,A0
BTCUSDT,TRAIN,SHORT,A0-SHORT-195,2024-01-22T19:00:00+00:00,2024-01-22T18:00:00+00:00,2024-01-25T18:00:00+00:00,40320.7,41273.860349999995,38414.3793,TIME,72,0.5120859255213454,0.03384169305825621,0.4782442324630891,2024-01-22T12:00:00+00:00,2024-01-22T16:00:00+00:00,True,PASS,NONE,A0
BTCUSDT,TRAIN,SHORT,A0-SHORT-214,2024-03-16T11:00:00+00:00,2024-03-16T10:00:00+00:00,2024-03-16T21:00:00+00:00,68471.4,69561.83570000001,66290.52859999996,TP,11,2.0,0.050234158694546754,1.9497658413054533,2024-03-16T04:00:00+00:00,2024-03-16T08:00:00+00:00,True,PASS,NONE,A0
BTCUSDT,TRAIN,SHORT,A0-SHORT-215,2024-03-18T01:00:00+00:00,2024-03-18T00:00:00+00:00,2024-03-18T05:00:00+00:00,67360.8,69006.08039999999,64070.239200000025,SL,5,-1.0,0.03275346864887005,-1.03275346864887,2024-03-17T20:00:00+00:00,2024-03-18T00:00:00+00:00,True,PASS,NONE,A0
BTCUSDT,TRAIN,SHORT,A0-SHORT-216,2024-03-18T15:00:00+00:00,2024-03-18T14:00:00+00:00,2024-03-19T08:00:00+00:00,67045.2,68816.92259999999,63501.75480000001,TP,18,2.0,0.030273452514519027,1.969726547485481,2024-03-18T08:00:00+00:00,2024-03-18T12:00:00+00:00,True,PASS,NONE,A0
BTCUSDT,TRAIN,SHORT,A0-SHORT-217,2024-03-20T00:00:00+00:00,2024-03-19T23:00:00+00:00,2024-03-20T19:00:00+00:00,61974.1,65833.78705,54254.7259,SL,20,-1.0,0.012845414500639371,-1.0128454145006394,2024-03-19T20:00:00+00:00,2024-03-20T00:00:00+00:00,True,PASS,NONE,A0
BTCUSDT,TRAIN,SHORT,A0-SHORT-218,2024-03-21T18:00:00+00:00,2024-03-21T17:00:00+00:00,2024-03-24T17:00:00+00:00,65785.1,67807.19255,61740.9149,TIME,72,0.1980126972922226,0.026026543641634984,0.17198615365058761,2024-03-21T12:00:00+00:00,2024-03-21T16:00:00+00:00,True,PASS,NONE,A0
BTCUSDT,TRAIN,SHORT,A0-SHORT-223,2024-04-01T16:00:00+00:00,2024-04-01T15:00:00+00:00,2024-04-04T15:00:00+00:00,68281.0,70179.1405,64484.71900000001,TIME,72,0.34201893906167596,0.028778059369156377,0.31324087969251957,2024-04-01T12:00:00+00:00,2024-04-01T16:00:00+00:00,True,PASS,NONE,A0
BTCUSDT,TRAIN,SHORT,A0-SHORT-225,2024-04-10T13:00:00+00:00,2024-04-10T12:00:00+00:00,2024-04-10T17:00:00+00:00,68013.6,69598.0068,64844.78640000001,SL,5,-1.0,0.034341483512946365,-1.0343414835129463,2024-04-10T08:00:00+00:00,2024-04-10T12:00:00+00:00,True,PASS,NONE,A0
BTCUSDT,TRAIN,SHORT,A0-SHORT-227,2024-04-12T19:00:00+00:00,2024-04-12T18:00:00+00:00,2024-04-15T18:00:00+00:00,66522.6,71072.16129999999,57423.47740000003,TIME,72,0.7413901643659614,0.01169740915459259,0.7296927552113688,2024-04-12T12:00:00+00:00,2024-04-12T16:00:00+00:00,True,PASS,NONE,A0
BTCUSDT,TRAIN,SHORT,A0-SHORT-228,2024-04-17T08:00:00+00:00,2024-04-17T07:00:00+00:00,2024-04-17T14:00:00+00:00,63260.8,64514.930400000005,60752.5392,TP,7,2.0,0.040353570888641194,1.959646429111359,2024-04-17T04:00:00+00:00,2024-04-17T08:00:00+00:00,True,PASS,NONE,A0
BTCUSDT,TRAIN,SHORT,A0-SHORT-229,2024-04-17T16:00:00+00:00,2024-04-17T15:00:00+00:00,2024-04-18T14:00:00+00:00,60272.0,63943.136,52929.728,SL,23,-1.0,0.013134245094706386,-1.0131342450947063,2024-04-17T12:00:00+00:00,2024-04-17T16:00:00+00:00,True,PASS,NONE,A0
BTCUSDT,TRAIN,SHORT,A0-SHORT-230,2024-04-19T02:00:00+00:00,2024-04-19T01:00:00+00:00,2024-04-19T06:00:00+00:00,61000.0,63846.1,55307.8,SL,5,-1.0,0.017146270334844182,-1.0171462703348442,2024-04-18T20:00:00+00:00,2024-04-19T00:00:00+00:00,True,PASS,NONE,A0
BTCUSDT,TRAIN,SHORT,A0-SHORT-233,2024-04-24T16:00:00+00:00,2024-04-24T15:00:00+00:00,2024-04-27T15:00:00+00:00,64594.0,66888.297,60005.40599999999,TIME,72,0.7259740129547283,0.022523326317386055,0.7034506866373422,2024-04-24T12:00:00+00:00,2024-04-24T16:00:00+00:00,True,PASS,NONE,A0
BTCUSDT,TRAIN,SHORT,A0-SHORT-234,2024-04-28T23:00:00+00:00,2024-04-28T22:00:00+00:00,2024-04-29T23:00:00+00:00,63127.9,64005.463950000005,61372.772099999995,SL,25,-1.0,0.05754830744813504,-1.057548307448135,2024-04-28T16:00:00+00:00,2024-04-28T20:00:00+00:00,True,PASS,NONE,A0
BTCUSDT,TRAIN,SHORT,A0-SHORT-235,2024-04-30T09:00:00+00:00,2024-04-30T08:00:00+00:00,2024-05-03T08:00:00+00:00,61904.9,64730.95245,56252.79510000001,TIME,72,0.9571655331450073,0.017524062584188798,0.9396414705608185,2024-04-30T04:00:00+00:00,2024-04-30T08:00:00+00:00,True,PASS,NONE,A0
BTCUSDT,TRAIN,SHORT,A0-SHORT-236,2024-05-03T11:00:00+00:00,2024-05-03T10:00:00+00:00,2024-05-03T12:00:00+00:00,59009.0,60006.404500000004,57014.19099999999,SL,2,-1.0,0.04733004513214027,-1.0473300451321403,2024-05-03T04:00:00+00:00,2024-05-03T08:00:00+00:00,True,PASS,NONE,A0
BTCUSDT,TRAIN,SHORT,A0-SHORT-239,2024-05-08T21:00:00+00:00,2024-05-08T20:00:00+00:00,2024-05-09T22:00:00+00:00,61544.0,62830.772,58970.456000000006,SL,26,-1.0,0.0382625671059054,-1.0382625671059054,2024-05-08T16:00:00+00:00,2024-05-08T20:00:00+00:00,True,PASS,NONE,A0
BTCUSDT,TRAIN,SHORT,A0-SHORT-245,2024-05-28T04:00:00+00:00,2024-05-28T03:00:00+00:00,2024-05-31T03:00:00+00:00,68070.0,70217.035,63775.92999999999,TIME,72,-0.23474233070257317,0.025363349922101836,-0.260105680624675,2024-05-28T00:00:00+00:00,2024-05-28T04:00:00+00:00,True,PASS,NONE,A0
BTCUSDT,TRAIN,SHORT,A0-SHORT-246,2024-05-31T08:00:00+00:00,2024-05-31T07:00:00+00:00,2024-05-31T12:00:00+00:00,68226.1,68816.11305,67046.07390000002,SL,5,-1.0,0.09250791995194098,-1.092507919951941,2024-05-31T04:00:00+00:00,2024-05-31T08:00:00+00:00,True,PASS,NONE,A0
BTCUSDT,TRAIN,SHORT,A0-SHORT-247,2024-05-31T16:00:00+00:00,2024-05-31T15:00:00+00:00,2024-06-03T06:00:00+00:00,67252.7,69113.62635,63530.84729999998,SL,63,-1.0,0.028911493461307454,-1.0289114934613075,2024-05-31T12:00:00+00:00,2024-05-31T16:00:00+00:00,True,PASS,NONE,A0
BTCUSDT,TRAIN,SHORT,A0-SHORT-251,2024-06-11T03:00:00+00:00,2024-06-11T02:00:00+00:00,2024-06-14T02:00:00+00:00,68285.8,70200.24290000001,64456.914199999985,TIME,72,0.6969129243812865,0.0285350061890066,0.6683779181922799,2024-06-10T20:00:00+00:00,2024-06-11T00:00:00+00:00,True,PASS,NONE,A0
BTCUSDT,TRAIN,SHORT,A0-SHORT-252,2024-06-14T16:00:00+00:00,2024-06-14T15:00:00+00:00,2024-06-17T15:00:00+00:00,66380.0,67399.69,64340.619999999995,TIME,72,1.0180545067618552,0.05207857289960662,0.9659759338622486,2024-06-14T12:00:00+00:00,2024-06-14T16:00:00+00:00,True,PASS,NONE,A0
BTCUSDT,TRAIN,SHORT,A0-SHORT-253,2024-06-18T02:00:00+00:00,2024-06-18T01:00:00+00:00,2024-06-21T01:00:00+00:00,65103.8,67313.15190000001,60685.096199999985,TIME,72,0.06825531052794365,0.023573899658085158,0.04468141086985849,2024-06-17T20:00:00+00:00,2024-06-18T00:00:00+00:00,True,PASS,NONE,A0
BTCUSDT,TRAIN,SHORT,A0-SHORT-254,2024-06-23T11:00:00+00:00,2024-06-23T10:00:00+00:00,2024-06-23T20:00:00+00:00,64275.0,64522.1375,63780.725000000006,TP,10,2.0,0.2080623134894567,1.7919376865105434,2024-06-23T04:00:00+00:00,2024-06-23T08:00:00+00:00,True,PASS,NONE,A0
BTCUSDT,TRAIN,SHORT,A0-SHORT-255,2024-06-26T06:00:00+00:00,2024-06-26T05:00:00+00:00,2024-06-29T05:00:00+00:00,61537.9,62495.86895,59621.96210000001,TIME,72,0.8161016074686002,0.05139030863161094,0.7647112988369892,2024-06-26T00:00:00+00:00,2024-06-26T04:00:00+00:00,True,PASS,NONE,A0
BTCUSDT,TRAIN,SHORT,A0-SHORT-256,2024-06-30T03:00:00+00:00,2024-06-30T02:00:00+00:00,2024-06-30T07:00:00+00:00,60831.6,61127.4158,60239.96839999999,SL,5,-1.0,0.16451210516814638,-1.1645121051681464,2024-06-29T20:00:00+00:00,2024-06-30T00:00:00+00:00,True,PASS,NONE,A0
BTCUSDT,TRAIN,SHORT,A0-SHORT-258,2024-07-05T00:00:00+00:00,2024-07-04T23:00:00+00:00,2024-07-05T04:00:00+00:00,57045.9,58828.52295,53480.65410000001,TP,5,2.0,0.02560088211587317,1.974399117884127,2024-07-04T20:00:00+00:00,2024-07-05T00:00:00+00:00,True,PASS,NONE,A0
BTCUSDT,TRAIN,SHORT,A0-SHORT-259,2024-07-06T05:00:00+00:00,2024-07-06T04:00:00+00:00,2024-07-06T13:00:00+00:00,56040.0,57003.02,54113.96000000001,SL,9,-1.0,0.046553550289713766,-1.0465535502897139,2024-07-06T00:00:00+00:00,2024-07-06T04:00:00+00:00,True,PASS,NONE,A0
BTCUSDT,TRAIN,SHORT,A0-SHORT-260,2024-07-07T05:00:00+00:00,2024-07-07T04:00:00+00:00,2024-07-07T23:00:00+00:00,57580.7,58500.79035,55740.519299999985,TP,19,2.0,0.05006525717827571,1.9499347428217242,2024-07-07T00:00:00+00:00,2024-07-07T04:00:00+00:00,True,PASS,NONE,A0
BTCUSDT,TRAIN,SHORT,A0-SHORT-261,2024-07-08T01:00:00+00:00,2024-07-08T00:00:00+00:00,2024-07-08T08:00:00+00:00,55068.9,57399.734449999996,50407.23110000001,SL,8,-1.0,0.018901007748534048,-1.018901007748534,2024-07-07T20:00:00+00:00,2024-07-08T00:00:00+00:00,True,PASS,NONE,A0
BTCUSDT,TRAIN,SHORT,A0-SHORT-270,2024-07-25T02:00:00+00:00,2024-07-25T01:00:00+00:00,2024-07-26T02:00:00+00:00,64467.9,66720.13394999999,59963.43210000003,SL,25,-1.0,0.02289918416335048,-1.0228991841633506,2024-07-24T20:00:00+00:00,2024-07-25T00:00:00+00:00,True,PASS,NONE,A0
BTCUSDT,TRAIN,SHORT,A0-SHORT-272,2024-07-30T15:00:00+00:00,2024-07-30T14:00:00+00:00,2024-08-01T15:00:00+00:00,65779.4,66999.4897,63339.22059999997,TP,49,2.0,0.0431308616079617,1.9568691383920382,2024-07-30T08:00:00+00:00,2024-07-30T12:00:00+00:00,True,PASS,NONE,A0
BTCUSDT,TRAIN,SHORT,A0-SHORT-273,2024-08-02T15:00:00+00:00,2024-08-02T14:00:00+00:00,2024-08-04T17:00:00+00:00,63145.6,65565.8728,58305.0544,TP,51,2.0,0.020872225643324183,1.9791277743566758,2024-08-02T08:00:00+00:00,2024-08-02T12:00:00+00:00,True,PASS,NONE,A0
BTCUSDT,TRAIN,SHORT,A0-SHORT-274,2024-08-07T15:00:00+00:00,2024-08-07T14:00:00+00:00,2024-08-08T12:00:00+00:00,56060.1,57727.03005,52726.23989999999,SL,22,-1.0,0.02690459626665194,-1.0269045962666519,2024-08-07T08:00:00+00:00,2024-08-07T12:00:00+00:00,True,PASS,NONE,A0
BTCUSDT,TRAIN,SHORT,A0-SHORT-276,2024-08-11T20:00:00+00:00,2024-08-11T19:00:00+00:00,2024-08-13T16:00:00+00:00,59598.0,61070.799,56652.402,SL,45,-1.0,0.032372645554485054,-1.032372645554485,2024-08-11T16:00:00+00:00,2024-08-11T20:00:00+00:00,True,PASS,NONE,A0
BTCUSDT,TRAIN,SHORT,A0-SHORT-277,2024-08-15T20:00:00+00:00,2024-08-15T19:00:00+00:00,2024-08-18T02:00:00+00:00,57002.4,59848.5012,51310.19760000001,SL,55,-1.0,0.01602259259087486,-1.0160225925908748,2024-08-15T16:00:00+00:00,2024-08-15T20:00:00+00:00,True,PASS,NONE,A0
BTCUSDT,TRAIN,SHORT,A0-SHORT-278,2024-08-19T00:00:00+00:00,2024-08-18T23:00:00+00:00,2024-08-20T00:00:00+00:00,58390.0,59945.195,55279.61,SL,25,-1.0,0.030036104797147634,-1.0300361047971476,2024-08-18T20:00:00+00:00,2024-08-19T00:00:00+00:00,True,PASS,NONE,A0
BTCUSDT,TRAIN,SHORT,A0-SHORT-279,2024-08-20T16:00:00+00:00,2024-08-20T15:00:00+00:00,2024-08-21T19:00:00+00:00,58783.7,61011.49185,54328.116299999994,SL,28,-1.0,0.021109225262674326,-1.0211092252626743,2024-08-20T12:00:00+00:00,2024-08-20T16:00:00+00:00,True,PASS,NONE,A0
BTCUSDT,TRAIN,SHORT,A0-SHORT-282,2024-08-29T19:00:00+00:00,2024-08-29T18:00:00+00:00,2024-09-01T18:00:00+00:00,59130.0,61174.465000000004,55041.06999999999,TIME,72,0.30692626188269245,0.02313759345354404,0.2837886684291484,2024-08-29T12:00:00+00:00,2024-08-29T16:00:00+00:00,True,PASS,NONE,A0
BTCUSDT,TRAIN,SHORT,A0-SHORT-283,2024-09-03T09:00:00+00:00,2024-09-03T08:00:00+00:00,2024-09-04T01:00:00+00:00,58756.0,59819.378,56629.244000000006,TP,17,2.0,0.04420328425075574,1.9557967157492442,2024-09-03T04:00:00+00:00,2024-09-03T08:00:00+00:00,True,PASS,NONE,A0
BTCUSDT,TRAIN,SHORT,A0-SHORT-284,2024-09-05T04:00:00+00:00,2024-09-05T03:00:00+00:00,2024-09-06T14:00:00+00:00,57104.1,58400.252049999996,54511.795900000005,TP,35,2.0,0.0352453093755475,1.9647546906244524,2024-09-05T00:00:00+00:00,2024-09-05T04:00:00+00:00,True,PASS,NONE,A0
BTCUSDT,TRAIN,SHORT,A0-SHORT-285,2024-09-06T16:00:00+00:00,2024-09-06T15:00:00+00:00,2024-09-09T15:00:00+00:00,54022.1,57027.01105,48012.277899999994,TIME,72,-0.445337641525197,0.014382349188006736,-0.45971999071320374,2024-09-06T12:00:00+00:00,2024-09-06T16:00:00+00:00,True,PASS,NONE,A0
BTCUSDT,TRAIN,SHORT,A0-SHORT-299,2024-10-01T14:00:00+00:00,2024-10-01T13:00:00+00:00,2024-10-01T20:00:00+00:00,62838.9,64124.01945,60268.661100000005,TP,7,2.0,0.03911785787694682,1.9608821421230531,2024-10-01T08:00:00+00:00,2024-10-01T12:00:00+00:00,True,PASS,NONE,A0
BTCUSDT,TRAIN,SHORT,A0-SHORT-300,2024-10-02T13:00:00+00:00,2024-10-02T12:00:00+00:00,2024-10-02T16:00:00+00:00,60780.2,61957.090099999994,58426.4198,SL,4,-1.0,0.041315803404243207,-1.0413158034042431,2024-10-02T08:00:00+00:00,2024-10-02T12:00:00+00:00,True,PASS,NONE,A0
BTCUSDT,TRAIN,SHORT,A0-SHORT-301,2024-10-02T20:00:00+00:00,2024-10-02T19:00:00+00:00,2024-10-04T19:00:00+00:00,60155.0,62385.0775,55694.845,SL,48,-1.0,0.02157951909743048,-1.0215795190974304,2024-10-02T16:00:00+00:00,2024-10-02T20:00:00+00:00,True,PASS,NONE,A0
BTCUSDT,TRAIN,SHORT,A0-SHORT-302,2024-10-05T03:00:00+00:00,2024-10-05T02:00:00+00:00,2024-10-06T14:00:00+00:00,61782.4,62487.9912,60371.21760000001,SL,36,-1.0,0.07004894618867176,-1.0700489461886717,2024-10-04T20:00:00+00:00,2024-10-05T00:00:00+00:00,True,PASS,NONE,A0
BTCUSDT,TRAIN,SHORT,A0-SHORT-305,2024-10-09T13:00:00+00:00,2024-10-09T12:00:00+00:00,2024-10-09T20:00:00+00:00,61952.2,62551.8761,60752.84779999999,TP,8,2.0,0.08264754923532829,1.9173524507646718,2024-10-09T08:00:00+00:00,2024-10-09T12:00:00+00:00,True,PASS,NONE,A0
BTCUSDT,TRAIN,SHORT,A0-SHORT-306,2024-10-10T15:00:00+00:00,2024-10-10T14:00:00+00:00,2024-10-10T18:00:00+00:00,60573.7,61327.28685,59066.5263,TP,4,2.0,0.06430441295518893,1.9356955870448112,2024-10-10T08:00:00+00:00,2024-10-10T12:00:00+00:00,True,PASS,NONE,A0
BTCUSDT,TRAIN,SHORT,A0-SHORT-310,2024-10-23T08:00:00+00:00,2024-10-23T07:00:00+00:00,2024-10-24T13:00:00+00:00,66838.0,67799.419,64915.16200000001,SL,30,-1.0,0.05561612574746319,-1.0556161257474632,2024-10-23T04:00:00+00:00,2024-10-23T08:00:00+00:00,True,PASS,NONE,A0
BTCUSDT,TRAIN,SHORT,A0-SHORT-312,2024-10-26T14:00:00+00:00,2024-10-26T13:00:00+00:00,2024-10-26T20:00:00+00:00,66864.7,67283.43235,66027.23529999999,SL,7,-1.0,0.12774690085444623,-1.1277469008544463,2024-10-26T08:00:00+00:00,2024-10-26T12:00:00+00:00,True,PASS,NONE,A0
BTCUSDT,TRAIN,SHORT,A0-SHORT-316,2024-11-02T14:00:00+00:00,2024-11-02T13:00:00+00:00,2024-11-03T02:00:00+00:00,69359.9,69880.87995,68317.94009999998,TP,13,2.0,0.10650682430292976,1.8934931756970703,2024-11-02T08:00:00+00:00,2024-11-02T12:00:00+00:00,True,PASS,NONE,A0
BTCUSDT,TRAIN,SHORT,A0-SHORT-317,2024-11-04T15:00:00+00:00,2024-11-04T14:00:00+00:00,2024-11-05T14:00:00+00:00,68390.0,69277.99500000001,66614.00999999998,SL,24,-1.0,0.06161295953242912,-1.061612959532429,2024-11-04T08:00:00+00:00,2024-11-04T12:00:00+00:00,True,PASS,NONE,A0
BTCUSDT,TRAIN,SHORT,A0-SHORT-325,2024-11-25T22:00:00+00:00,2024-11-25T21:00:00+00:00,2024-11-28T21:00:00+00:00,93840.0,98065.72,85388.56,TIME,72,-0.3202767812349123,0.01776549321772384,-0.3380422744526362,2024-11-25T16:00:00+00:00,2024-11-25T20:00:00+00:00,True,PASS,NONE,A0
BTCUSDT,TRAIN,SHORT,A0-SHORT-328,2024-12-03T10:00:00+00:00,2024-12-03T09:00:00+00:00,2024-12-04T01:00:00+00:00,95313.7,96422.65685,93095.78629999999,SL,16,-1.0,0.06875917669835381,-1.0687591766983537,2024-12-03T04:00:00+00:00,2024-12-03T08:00:00+00:00,True,PASS,NONE,A0
BTCUSDT,TRAIN,SHORT,A0-SHORT-332,2024-12-09T16:00:00+00:00,2024-12-09T15:00:00+00:00,2024-12-11T15:00:00+00:00,97856.0,100516.928,92534.144,SL,48,-1.0,0.029420112081198744,-1.0294201120811988,2024-12-09T12:00:00+00:00,2024-12-09T16:00:00+00:00,True,PASS,NONE,A0
BTCUSDT,TRAIN,SHORT,A0-SHORT-336,2024-12-19T00:00:00+00:00,2024-12-18T23:00:00+00:00,2024-12-21T23:00:00+00:00,100181.1,105009.49054999999,90524.31890000004,TIME,72,0.6046114061755037,0.016598673858310885,0.5880127323171928,2024-12-18T20:00:00+00:00,2024-12-19T00:00:00+00:00,True,PASS,NONE,A0
BTCUSDT,TRAIN,SHORT,A0-SHORT-337,2024-12-22T05:00:00+00:00,2024-12-22T04:00:00+00:00,2024-12-24T15:00:00+00:00,96062.1,98132.93105,91920.43790000002,SL,59,-1.0,0.03711055037541583,-1.0371105503754159,2024-12-22T00:00:00+00:00,2024-12-22T04:00:00+00:00,True,PASS,NONE,A0
BTCUSDT,TRAIN,SHORT,A0-SHORT-339,2024-12-29T13:00:00+00:00,2024-12-29T12:00:00+00:00,2024-12-29T16:00:00+00:00,94860.6,95333.8303,93914.13940000001,TP,4,2.0,0.160362681764039,1.8396373182359609,2024-12-29T08:00:00+00:00,2024-12-29T12:00:00+00:00,True,PASS,NONE,A0
BTCUSDT,TRAIN,SHORT,A0-SHORT-340,2024-12-30T14:00:00+00:00,2024-12-30T13:00:00+00:00,2024-12-30T18:00:00+00:00,92658.8,94296.2294,89383.94120000002,SL,5,-1.0,0.0452703731837234,-1.0452703731837234,2024-12-30T08:00:00+00:00,2024-12-30T12:00:00+00:00,True,PASS,NONE,A0
BTCUSDT,TRAIN,SHORT,A0-SHORT-341,2025-01-01T09:00:00+00:00,2025-01-01T08:00:00+00:00,2025-01-01T19:00:00+00:00,93398.2,94495.8991,91202.8018,SL,11,-1.0,0.06806834404801838,-1.0680683440480183,2025-01-01T04:00:00+00:00,2025-01-01T08:00:00+00:00,True,PASS,NONE,A0
BTCUSDT,TRAIN,SHORT,A0-SHORT-345,2025-01-07T16:00:00+00:00,2025-01-07T15:00:00+00:00,2025-01-10T15:00:00+00:00,97915.3,102035.05765,89675.7847,TIME,72,1.0222203240523149,0.019013798056786185,1.0032065259955287,2025-01-07T12:00:00+00:00,2025-01-07T16:00:00+00:00,True,PASS,NONE,A0
BTCUSDT,TRAIN,SHORT,A0-SHORT-346,2025-01-11T05:00:00+00:00,2025-01-11T04:00:00+00:00,2025-01-13T00:00:00+00:00,94022.0,95459.311,91147.378,SL,44,-1.0,0.052332167498891975,-1.052332167498892,2025-01-11T00:00:00+00:00,2025-01-11T04:00:00+00:00,True,PASS,NONE,A0
BTCUSDT,TRAIN,SHORT,A0-SHORT-347,2025-01-13T07:00:00+00:00,2025-01-13T06:00:00+00:00,2025-01-14T09:00:00+00:00,93604.0,95981.302,88849.39600000001,SL,27,-1.0,0.031499237370767416,-1.0314992373707674,2025-01-13T00:00:00+00:00,2025-01-13T04:00:00+00:00,True,PASS,NONE,A0
BTCUSDT,TRAIN,SHORT,A0-SHORT-352,2025-01-27T02:00:00+00:00,2025-01-27T01:00:00+00:00,2025-01-30T01:00:00+00:00,101244.1,105287.62205,93157.0559,TIME,72,-0.7364371859923426,0.02003087382694006,-0.7564680598192827,2025-01-26T20:00:00+00:00,2025-01-27T00:00:00+00:00,True,PASS,NONE,A0
BTCUSDT,TRAIN,SHORT,A0-SHORT-355,2025-02-07T20:00:00+00:00,2025-02-07T19:00:00+00:00,2025-02-10T19:00:00+00:00,96840.1,100160.82005,90198.65990000003,TIME,72,-0.15162374196524084,0.0233299040068133,-0.17495364597205415,2025-02-07T16:00:00+00:00,2025-02-07T20:00:00+00:00,True,PASS,NONE,A0
BTCUSDT,TRAIN,SHORT,A0-SHORT-356,2025-02-11T17:00:00+00:00,2025-02-11T16:00:00+00:00,2025-02-14T16:00:00+00:00,96328.0,98355.064,92273.872,TIME,72,-0.6407296464245844,0.038016757241014616,-0.678746403665599,2025-02-11T12:00:00+00:00,2025-02-11T16:00:00+00:00,True,PASS,NONE,A0
BTCUSDT,TRAIN,SHORT,A0-SHORT-357,2025-02-16T08:00:00+00:00,2025-02-16T07:00:00+00:00,2025-02-16T23:00:00+00:00,97207.4,97714.40370000001,96193.39259999996,TP,16,2.0,0.1533833382280989,1.846616661771901,2025-02-16T04:00:00+00:00,2025-02-16T08:00:00+00:00,True,PASS,NONE,A0
BTCUSDT,TRAIN,SHORT,A0-SHORT-358,2025-02-17T05:00:00+00:00,2025-02-17T04:00:00+00:00,2025-02-18T19:00:00+00:00,95987.0,97295.5935,93369.813,TP,39,2.0,0.058681018971896044,1.941318981028104,2025-02-17T00:00:00+00:00,2025-02-17T04:00:00+00:00,True,PASS,NONE,A0
BTCUSDT,TRAIN,SHORT,A0-SHORT-360,2025-02-21T20:00:00+00:00,2025-02-21T19:00:00+00:00,2025-02-24T19:00:00+00:00,95247.5,99479.12375,86784.2525,TIME,72,0.3146309971438256,0.018006799399403133,0.29662419774442245,2025-02-21T16:00:00+00:00,2025-02-21T20:00:00+00:00,True,PASS,NONE,A0
BTCUSDT,TRAIN,SHORT,A0-SHORT-361,2025-02-24T23:00:00+00:00,2025-02-24T22:00:00+00:00,2025-02-26T14:00:00+00:00,92380.2,95794.0901,85552.41979999999,TP,40,2.0,0.021648078243643495,1.9783519217563565,2025-02-24T16:00:00+00:00,2025-02-24T20:00:00+00:00,True,PASS,NONE,A0
BTCUSDT,TRAIN,SHORT,A0-SHORT-362,2025-02-26T19:00:00+00:00,2025-02-26T18:00:00+00:00,2025-03-01T18:00:00+00:00,84204.9,89327.80245,73959.09509999998,TIME,72,-0.21105223270453058,0.013149561339002245,-0.22420179404353283,2025-02-26T12:00:00+00:00,2025-02-26T16:00:00+00:00,True,PASS,NONE,A0
BTCUSDT,VALIDATION,SHORT,A0-SHORT-363,2025-03-02T15:00:00+00:00,2025-03-02T14:00:00+00:00,2025-03-02T15:00:00+00:00,85076.3,86557.53815,82113.82370000002,SL,1,-1.0,0.045948749024591666,-1.0459487490245916,2025-03-02T08:00:00+00:00,2025-03-02T12:00:00+00:00,True,PASS,NONE,A0
BTCUSDT,VALIDATION,SHORT,A0-SHORT-365,2025-03-03T20:00:00+00:00,2025-03-03T19:00:00+00:00,2025-03-06T19:00:00+00:00,85552.0,93708.776,69238.448,TIME,72,-0.36000743430983034,0.008390766155647773,-0.3683982004654781,2025-03-03T16:00:00+00:00,2025-03-03T20:00:00+00:00,True,PASS,NONE,A0
BTCUSDT,VALIDATION,SHORT,A0-SHORT-367,2025-03-07T22:00:00+00:00,2025-03-07T21:00:00+00:00,2025-03-10T21:00:00+00:00,86261.7,91151.03085,76483.0383,TIME,72,1.3772232247281853,0.014114274962595347,1.36310894976559,2025-03-07T16:00:00+00:00,2025-03-07T20:00:00+00:00,True,PASS,NONE,A0
BTCUSDT,VALIDATION,SHORT,A0-SHORT-368,2025-03-11T15:00:00+00:00,2025-03-11T14:00:00+00:00,2025-03-11T18:00:00+00:00,79742.0,82279.871,74666.258,SL,4,-1.0,0.025136659822347165,-1.0251366598223473,2025-03-11T08:00:00+00:00,2025-03-11T12:00:00+00:00,True,PASS,NONE,A0
BTCUSDT,VALIDATION,SHORT,A0-SHORT-369,2025-03-12T05:00:00+00:00,2025-03-12T04:00:00+00:00,2025-03-12T12:00:00+00:00,81776.6,83782.68830000001,77764.4234,SL,8,-1.0,0.032611366109856633,-1.0326113661098566,2025-03-12T00:00:00+00:00,2025-03-12T04:00:00+00:00,True,PASS,NONE,A0
BTCUSDT,VALIDATION,SHORT,A0-SHORT-370,2025-03-13T14:00:00+00:00,2025-03-13T13:00:00+00:00,2025-03-14T15:00:00+00:00,81730.6,84070.8653,77050.06940000001,SL,26,-1.0,0.027938917865423223,-1.0279389178654232,2025-03-13T08:00:00+00:00,2025-03-13T12:00:00+00:00,True,PASS,NONE,A0
BTCUSDT,VALIDATION,SHORT,A0-SHORT-371,2025-03-16T12:00:00+00:00,2025-03-16T11:00:00+00:00,2025-03-16T16:00:00+00:00,82367.9,84423.38395,78256.93209999998,SL,5,-1.0,0.03205781295446248,-1.0320578129544624,2025-03-16T08:00:00+00:00,2025-03-16T12:00:00+00:00,True,PASS,NONE,A0
BTCUSDT,VALIDATION,SHORT,A0-SHORT-372,2025-03-16T23:00:00+00:00,2025-03-16T22:00:00+00:00,2025-03-19T18:00:00+00:00,82050.1,85177.02505,75796.24990000002,SL,68,-1.0,0.02099189425726728,-1.0209918942572673,2025-03-16T16:00:00+00:00,2025-03-16T20:00:00+00:00,True,PASS,NONE,A0
BTCUSDT,VALIDATION,SHORT,A0-SHORT-377,2025-03-28T08:00:00+00:00,2025-03-28T07:00:00+00:00,2025-03-31T07:00:00+00:00,85175.1,87512.58755,80500.12490000002,TIME,72,1.4031732489869397,0.029150991627741624,1.374022257359198,2025-03-28T04:00:00+00:00,2025-03-28T08:00:00+00:00,True,PASS,NONE,A0
BTCUSDT,VALIDATION,SHORT,A0-SHORT-379,2025-04-04T11:00:00+00:00,2025-04-04T10:00:00+00:00,2025-04-06T22:00:00+00:00,82534.4,84727.4672,78148.26559999998,TP,60,2.0,0.030107385674273842,1.9698926143257263,2025-04-04T04:00:00+00:00,2025-04-04T08:00:00+00:00,True,PASS,NONE,A0
BTCUSDT,VALIDATION,SHORT,A0-SHORT-380,2025-04-08T15:00:00+00:00,2025-04-08T14:00:00+00:00,2025-04-09T17:00:00+00:00,78440.5,80398.72025,74524.0595,SL,27,-1.0,0.032045629188034414,-1.0320456291880344,2025-04-08T08:00:00+00:00,2025-04-08T12:00:00+00:00,True,PASS,NONE,A0
BTCUSDT,VALIDATION,SHORT,A0-SHORT-393,2025-05-05T00:00:00+00:00,2025-05-04T23:00:00+00:00,2025-05-06T22:00:00+00:00,94230.2,95747.1151,91196.3698,SL,47,-1.0,0.04969570149311591,-1.0496957014931159,2025-05-04T20:00:00+00:00,2025-05-05T00:00:00+00:00,True,PASS,NONE,A0
BTCUSDT,VALIDATION,SHORT,A0-SHORT-403,2025-05-29T18:00:00+00:00,2025-05-29T17:00:00+00:00,2025-06-01T17:00:00+00:00,106254.8,108913.1274,100938.14520000001,TIME,72,0.46965622067470036,0.03197643751480731,0.43767978315989303,2025-05-29T12:00:00+00:00,2025-05-29T16:00:00+00:00,True,PASS,NONE,A0
BTCUSDT,VALIDATION,SHORT,A0-SHORT-404,2025-06-02T11:00:00+00:00,2025-06-02T10:00:00+00:00,2025-06-03T00:00:00+00:00,104316.7,105952.15835,101045.7833,SL,14,-1.0,0.05102750553078895,-1.051027505530789,2025-06-02T04:00:00+00:00,2025-06-02T08:00:00+00:00,True,PASS,NONE,A0
BTCUSDT,VALIDATION,SHORT,A0-SHORT-405,2025-06-03T09:00:00+00:00,2025-06-03T08:00:00+00:00,2025-06-03T14:00:00+00:00,105040.0,106523.32,102073.35999999999,SL,6,-1.0,0.05665129574198394,-1.056651295741984,2025-06-03T04:00:00+00:00,2025-06-03T08:00:00+00:00,True,PASS,NONE,A0
BTCUSDT,VALIDATION,SHORT,A0-SHORT-406,2025-06-04T12:00:00+00:00,2025-06-04T11:00:00+00:00,2025-06-05T17:00:00+00:00,105044.1,106019.72205,103092.85590000002,TP,30,2.0,0.08613507659036694,1.913864923409633,2025-06-04T08:00:00+00:00,2025-06-04T12:00:00+00:00,True,PASS,NONE,A0
BTCUSDT,VALIDATION,SHORT,A0-SHORT-407,2025-06-05T19:00:00+00:00,2025-06-05T18:00:00+00:00,2025-06-08T13:00:00+00:00,102949.9,105929.77495,96990.15009999997,SL,67,-1.0,0.027638716852866483,-1.0276387168528665,2025-06-05T12:00:00+00:00,2025-06-05T16:00:00+00:00,True,PASS,NONE,A0
BTCUSDT,VALIDATION,SHORT,A0-SHORT-409,2025-06-12T21:00:00+00:00,2025-06-12T20:00:00+00:00,2025-06-15T20:00:00+00:00,105913.4,108451.35669999999,100837.4866,TIME,72,0.4825141421837471,0.03338540803316312,0.44912873415058396,2025-06-12T16:00:00+00:00,2025-06-12T20:00:00+00:00,True,PASS,NONE,A0
BTCUSDT,VALIDATION,SHORT,A0-SHORT-411,2025-06-18T11:00:00+00:00,2025-06-18T10:00:00+00:00,2025-06-20T07:00:00+00:00,104218.8,105552.1094,101552.1812,SL,45,-1.0,0.06253240245662418,-1.0625324024566243,2025-06-18T04:00:00+00:00,2025-06-18T08:00:00+00:00,True,PASS,NONE,A0
BTCUSDT,VALIDATION,SHORT,A0-SHORT-413,2025-06-20T17:00:00+00:00,2025-06-20T16:00:00+00:00,2025-06-23T16:00:00+00:00,103630.3,106538.01514999999,97814.86970000002,TIME,72,1.0274046273067772,0.028511816227941144,0.998892811078836,2025-06-20T12:00:00+00:00,2025-06-20T16:00:00+00:00,True,PASS,NONE,A0
BTCUSDT,VALIDATION,SHORT,A0-SHORT-416,2025-07-01T20:00:00+00:00,2025-07-01T19:00:00+00:00,2025-07-02T08:00:00+00:00,105340.1,107193.37005,101633.55990000002,SL,13,-1.0,0.045472099438503506,-1.0454720994385036,2025-07-01T16:00:00+00:00,2025-07-01T20:00:00+00:00,True,PASS,NONE,A0
BTCUSDT,VALIDATION,SHORT,A0-SHORT-432,2025-07-31T21:00:00+00:00,2025-07-31T20:00:00+00:00,2025-08-03T20:00:00+00:00,116450.0,118908.225,111533.54999999999,TIME,72,0.8460576228782956,0.03789726326922873,0.8081603596090668,2025-07-31T16:00:00+00:00,2025-07-31T20:00:00+00:00,True,PASS,NONE,A0
BTCUSDT,VALIDATION,SHORT,A0-SHORT-433,2025-08-05T04:00:00+00:00,2025-08-05T03:00:00+00:00,2025-08-06T15:00:00+00:00,114215.0,115356.1075,111932.785,SL,36,-1.0,0.08007308689146302,-1.080073086891463,2025-08-05T00:00:00+00:00,2025-08-05T04:00:00+00:00,True,PASS,NONE,A0
BTCUSDT,VALIDATION,SHORT,A0-SHORT-434,2025-08-07T02:00:00+00:00,2025-08-07T01:00:00+00:00,2025-08-07T10:00:00+00:00,114703.6,115731.5518,112647.69640000002,SL,9,-1.0,0.08926768745382851,-1.0892676874538285,2025-08-06T20:00:00+00:00,2025-08-07T00:00:00+00:00,True,PASS,NONE,A0
BTCUSDT,VALIDATION,SHORT,A0-SHORT-438,2025-08-16T22:00:00+00:00,2025-08-16T21:00:00+00:00,2025-08-17T04:00:00+00:00,117399.7,117844.69985,116509.70029999998,SL,7,-1.0,0.21105571159180936,-1.2110557115918095,2025-08-16T16:00:00+00:00,2025-08-16T20:00:00+00:00,True,PASS,NONE,A0
BTCUSDT,VALIDATION,SHORT,A0-SHORT-439,2025-08-17T17:00:00+00:00,2025-08-17T16:00:00+00:00,2025-08-18T01:00:00+00:00,117774.5,118616.88725,116089.7255,TP,9,2.0,0.11184832154095403,1.888151678459046,2025-08-17T12:00:00+00:00,2025-08-17T16:00:00+00:00,True,PASS,NONE,A0
BTCUSDT,VALIDATION,SHORT,A0-SHORT-440,2025-08-18T03:00:00+00:00,2025-08-18T02:00:00+00:00,2025-08-21T02:00:00+00:00,115394.8,118002.6974,110179.0052,TIME,72,0.535910653540283,0.035398570511247854,0.5005120830290352,2025-08-17T20:00:00+00:00,2025-08-18T00:00:00+00:00,True,PASS,NONE,A0
BTCUSDT,VALIDATION,SHORT,A0-SHORT-441,2025-08-21T05:00:00+00:00,2025-08-21T04:00:00+00:00,2025-08-22T14:00:00+00:00,113757.3,114833.87865,111604.14270000001,SL,34,-1.0,0.08453245845066718,-1.0845324584506673,2025-08-21T00:00:00+00:00,2025-08-21T04:00:00+00:00,True,PASS,NONE,A0
BTCUSDT,VALIDATION,SHORT,A0-SHORT-443,2025-08-25T21:00:00+00:00,2025-08-25T20:00:00+00:00,2025-08-28T04:00:00+00:00,109501.1,112952.45055,102598.39890000003,SL,56,-1.0,0.025381623434339435,-1.0253816234343394,2025-08-25T16:00:00+00:00,2025-08-25T20:00:00+00:00,True,PASS,NONE,A0
BTCUSDT,VALIDATION,SHORT,A0-SHORT-444,2025-08-28T17:00:00+00:00,2025-08-28T16:00:00+00:00,2025-08-29T07:00:00+00:00,112283.2,113485.1416,109879.31679999999,TP,15,2.0,0.0747345461709617,1.9252654538290384,2025-08-28T12:00:00+00:00,2025-08-28T16:00:00+00:00,True,PASS,NONE,A0
BTCUSDT,VALIDATION,SHORT,A0-SHORT-445,2025-08-29T09:00:00+00:00,2025-08-29T08:00:00+00:00,2025-09-01T08:00:00+00:00,109579.7,112640.48985,103458.1203,TIME,72,0.008984608989081688,0.028640894767734532,-0.019656285778652846,2025-08-29T04:00:00+00:00,2025-08-29T08:00:00+00:00,True,PASS,NONE,A0
BTCUSDT,VALIDATION,SHORT,A0-SHORT-446,2025-09-01T22:00:00+00:00,2025-09-01T21:00:00+00:00,2025-09-02T01:00:00+00:00,107744.5,109533.07225,104167.3555,SL,4,-1.0,0.04819240598192224,-1.0481924059819223,2025-09-01T16:00:00+00:00,2025-09-01T20:00:00+00:00,True,PASS,NONE,A0
BTCUSDT,VALIDATION,SHORT,A0-SHORT-447,2025-09-02T13:00:00+00:00,2025-09-02T12:00:00+00:00,2025-09-02T13:00:00+00:00,108749.6,110754.3748,104740.05040000001,SL,1,-1.0,0.04339623582658763,-1.0433962358265876,2025-09-02T08:00:00+00:00,2025-09-02T12:00:00+00:00,True,PASS,NONE,A0
BTCUSDT,VALIDATION,SHORT,A0-SHORT-449,2025-09-04T16:00:00+00:00,2025-09-04T15:00:00+00:00,2025-09-04T22:00:00+00:00,109448.0,111165.724,106012.552,SL,7,-1.0,0.0509734974885371,-1.0509734974885372,2025-09-04T12:00:00+00:00,2025-09-04T16:00:00+00:00,True,PASS,NONE,A0
BTCUSDT,VALIDATION,SHORT,A0-SHORT-451,2025-09-06T16:00:00+00:00,2025-09-06T15:00:00+00:00,2025-09-07T08:00:00+00:00,110324.1,111011.66205,108948.97590000002,SL,17,-1.0,0.1283655489711814,-1.1283655489711815,2025-09-06T12:00:00+00:00,2025-09-06T16:00:00+00:00,True,PASS,NONE,A0
BTCUSDT,VALIDATION,SHORT,A0-SHORT-459,2025-09-21T17:00:00+00:00,2025-09-21T16:00:00+00:00,2025-09-22T00:00:00+00:00,115270.8,115835.6354,114141.12920000001,TP,8,2.0,0.16326285498394863,1.8367371450160515,2025-09-21T12:00:00+00:00,2025-09-21T16:00:00+00:00,True,PASS,NONE,A0
BTCUSDT,VALIDATION,SHORT,A0-SHORT-460,2025-09-22T06:00:00+00:00,2025-09-22T05:00:00+00:00,2025-09-25T05:00:00+00:00,113635.6,115567.5178,109771.76440000001,TIME,72,1.006875137234108,0.047056080750433694,0.9598190564836744,2025-09-22T00:00:00+00:00,2025-09-22T04:00:00+00:00,True,PASS,NONE,A0
BTCUSDT,VALIDATION,SHORT,A0-SHORT-461,2025-09-25T07:00:00+00:00,2025-09-25T06:00:00+00:00,2025-09-28T06:00:00+00:00,111474.4,113645.7372,107131.72559999998,TIME,72,0.974376527054383,0.041071244024189164,0.9333052830301939,2025-09-25T00:00:00+00:00,2025-09-25T04:00:00+00:00,True,PASS,NONE,A0
BTCUSDT,VALIDATION,SHORT,A0-SHORT-467,2025-10-10T16:00:00+00:00,2025-10-10T15:00:00+00:00,2025-10-10T21:00:00+00:00,118965.3,122556.48265,111782.9347,TP,6,2.0,0.02650164285016245,1.9734983571498375,2025-10-10T12:00:00+00:00,2025-10-10T16:00:00+00:00,True,PASS,NONE,A0
BTCUSDT,VALIDATION,SHORT,A0-SHORT-468,2025-10-13T12:00:00+00:00,2025-10-13T11:00:00+00:00,2025-10-13T19:00:00+00:00,114129.3,115630.76465,111126.37070000001,SL,8,-1.0,0.06080958349568893,-1.060809583495689,2025-10-13T08:00:00+00:00,2025-10-13T12:00:00+00:00,True,PASS,NONE,A0
BTCUSDT,VALIDATION,SHORT,A0-SHORT-469,2025-10-14T03:00:00+00:00,2025-10-14T02:00:00+00:00,2025-10-16T15:00:00+00:00,113566.2,115884.3831,108929.83379999998,TP,61,2.0,0.03919145127060914,1.960808548729391,2025-10-13T20:00:00+00:00,2025-10-14T00:00:00+00:00,True,PASS,NONE,A0
BTCUSDT,VALIDATION,SHORT,A0-SHORT-470,2025-10-19T09:00:00+00:00,2025-10-19T08:00:00+00:00,2025-10-19T09:00:00+00:00,106401.2,107386.2006,104431.1988,SL,1,-1.0,0.08641716563421388,-1.0864171656342139,2025-10-19T04:00:00+00:00,2025-10-19T08:00:00+00:00,True,PASS,NONE,A0
BTCUSDT,VALIDATION,SHORT,A0-SHORT-471,2025-10-20T01:00:00+00:00,2025-10-20T00:00:00+00:00,2025-10-20T03:00:00+00:00,108011.1,109453.90555,105125.48890000003,SL,3,-1.0,0.05988948406803717,-1.059889484068037,2025-10-19T20:00:00+00:00,2025-10-20T00:00:00+00:00,True,PASS,NONE,A0
BTCUSDT,VALIDATION,SHORT,A0-SHORT-472,2025-10-21T04:00:00+00:00,2025-10-21T03:00:00+00:00,2025-10-21T14:00:00+00:00,109005.0,111269.8025,104475.39499999999,SL,11,-1.0,0.038504019666173894,-1.038504019666174,2025-10-21T00:00:00+00:00,2025-10-21T04:00:00+00:00,True,PASS,NONE,A0
BTCUSDT,VALIDATION,SHORT,A0-SHORT-474,2025-10-22T22:00:00+00:00,2025-10-22T21:00:00+00:00,2025-10-23T06:00:00+00:00,107159.8,109213.5799,103052.24020000001,SL,9,-1.0,0.04174149333139362,-1.0417414933313935,2025-10-22T16:00:00+00:00,2025-10-22T20:00:00+00:00,True,PASS,NONE,A0
BTCUSDT,VALIDATION,SHORT,A0-SHORT-477,2025-10-29T16:00:00+00:00,2025-10-29T15:00:00+00:00,2025-10-30T17:00:00+00:00,111460.6,113648.7303,107084.33940000003,TP,26,2.0,0.04075099183992855,1.9592490081600715,2025-10-29T12:00:00+00:00,2025-10-29T16:00:00+00:00,True,PASS,NONE,A0
BTCUSDT,VALIDATION,SHORT,A0-SHORT-478,2025-10-31T17:00:00+00:00,2025-10-31T16:00:00+00:00,2025-11-03T16:00:00+00:00,108812.9,111287.40645,103863.88709999999,TIME,72,0.8764980184230248,0.03517886162713375,0.841319156795891,2025-10-31T12:00:00+00:00,2025-10-31T16:00:00+00:00,True,PASS,NONE,A0
BTCUSDT,VALIDATION,SHORT,A0-SHORT-479,2025-11-04T06:00:00+00:00,2025-11-04T05:00:00+00:00,2025-11-07T05:00:00+00:00,104164.3,107323.98215,97844.93570000002,TIME,72,0.5583789496041577,0.02637336163702421,0.5320055879671335,2025-11-04T00:00:00+00:00,2025-11-04T04:00:00+00:00,True,PASS,NONE,A0
BTCUSDT,VALIDATION,SHORT,A0-SHORT-480,2025-11-07T12:00:00+00:00,2025-11-07T11:00:00+00:00,2025-11-07T17:00:00+00:00,100369.1,102530.58455,96046.13090000002,SL,6,-1.0,0.03714820908620431,-1.0371482090862043,2025-11-07T08:00:00+00:00,2025-11-07T12:00:00+00:00,True,PASS,NONE,A0
BTCUSDT,VALIDATION,SHORT,A0-SHORT-481,2025-11-08T06:00:00+00:00,2025-11-08T05:00:00+00:00,2025-11-09T15:00:00+00:00,102257.4,104121.8287,98528.54259999999,SL,34,-1.0,0.04387720485100869,-1.0438772048510088,2025-11-08T00:00:00+00:00,2025-11-08T04:00:00+00:00,True,PASS,NONE,A0
BTCUSDT,VALIDATION,SHORT,A0-SHORT-483,2025-11-12T20:00:00+00:00,2025-11-12T19:00:00+00:00,2025-11-15T19:00:00+00:00,101245.4,105347.6227,93040.95459999997,TIME,72,1.2865464373740558,0.01974449607526177,1.266801941298794,2025-11-12T16:00:00+00:00,2025-11-12T20:00:00+00:00,True,PASS,NONE,A0
BTCUSDT,VALIDATION,SHORT,A0-SHORT-484,2025-11-15T21:00:00+00:00,2025-11-15T20:00:00+00:00,2025-11-16T09:00:00+00:00,95249.5,96487.22475000001,92774.05049999998,SL,13,-1.0,0.06156425328006043,-1.0615642532800604,2025-11-15T16:00:00+00:00,2025-11-15T20:00:00+00:00,True,PASS,NONE,A0
BTCUSDT,VALIDATION,SHORT,A0-SHORT-485,2025-11-16T14:00:00+00:00,2025-11-16T13:00:00+00:00,2025-11-17T17:00:00+00:00,95371.8,96647.6859,92820.02820000002,TP,28,2.0,0.05979957925704828,1.9402004207429517,2025-11-16T08:00:00+00:00,2025-11-16T12:00:00+00:00,True,PASS,NONE,A0
BTCUSDT,VALIDATION,SHORT,A0-SHORT-486,2025-11-17T19:00:00+00:00,2025-11-17T18:00:00+00:00,2025-11-20T18:00:00+00:00,92504.2,96058.4521,85395.6958,TIME,72,1.7045780179745842,0.020821077942107722,1.6837569400324766,2025-11-17T12:00:00+00:00,2025-11-17T16:00:00+00:00,True,PASS,NONE,A0
BTCUSDT,VALIDATION,SHORT,A0-SHORT-487,2025-11-22T11:00:00+00:00,2025-11-22T10:00:00+00:00,2025-11-22T22:00:00+00:00,83666.1,85214.63305,80569.03390000001,SL,12,-1.0,0.0432234106982735,-1.0432234106982734,2025-11-22T04:00:00+00:00,2025-11-22T08:00:00+00:00,True,PASS,NONE,A0
BTCUSDT,VALIDATION,SHORT,A0-SHORT-488,2025-11-24T10:00:00+00:00,2025-11-24T09:00:00+00:00,2025-11-24T17:00:00+00:00,85913.7,88092.45685,81556.18629999999,SL,8,-1.0,0.031545952454492494,-1.0315459524544925,2025-11-24T04:00:00+00:00,2025-11-24T08:00:00+00:00,True,PASS,NONE,A0
BTCUSDT,VALIDATION,SHORT,A0-SHORT-489,2025-11-25T08:00:00+00:00,2025-11-25T07:00:00+00:00,2025-11-26T17:00:00+00:00,87362.2,88694.1811,84698.23779999999,SL,34,-1.0,0.05247053430412771,-1.0524705343041276,2025-11-25T04:00:00+00:00,2025-11-25T08:00:00+00:00,True,PASS,NONE,A0
BTCUSDT,VALIDATION,SHORT,A0-SHORT-493,2025-12-01T04:00:00+00:00,2025-12-01T03:00:00+00:00,2025-12-02T17:00:00+00:00,86319.2,91635.4596,75686.68079999999,SL,38,-1.0,0.012989463494220626,-1.0129894634942207,2025-12-01T00:00:00+00:00,2025-12-01T04:00:00+00:00,True,PASS,NONE,A0
BTCUSDT,VALIDATION,SHORT,A0-SHORT-495,2025-12-06T20:00:00+00:00,2025-12-06T19:00:00+00:00,2025-12-07T17:00:00+00:00,89369.4,90301.9847,87504.23059999998,SL,22,-1.0,0.07666383546716934,-1.0766638354671694,2025-12-06T16:00:00+00:00,2025-12-06T20:00:00+00:00,True,PASS,NONE,A0
BTCUSDT,VALIDATION,SHORT,A0-SHORT-496,2025-12-08T16:00:00+00:00,2025-12-08T15:00:00+00:00,2025-12-09T15:00:00+00:00,89912.6,92307.55630000001,85122.6874,SL,24,-1.0,0.030033984336165068,-1.030033984336165,2025-12-08T12:00:00+00:00,2025-12-08T16:00:00+00:00,True,PASS,NONE,A0
BTCUSDT,VALIDATION,SHORT,A0-SHORT-498,2025-12-12T16:00:00+00:00,2025-12-12T15:00:00+00:00,2025-12-15T15:00:00+00:00,89895.0,92674.9475,84335.10500000001,TIME,72,1.042609617627671,0.025869553291923725,1.0167400643357472,2025-12-12T12:00:00+00:00,2025-12-12T16:00:00+00:00,True,PASS,NONE,A0
BTCUSDT,VALIDATION,SHORT,A0-SHORT-499,2025-12-15T17:00:00+00:00,2025-12-15T16:00:00+00:00,2025-12-17T15:00:00+00:00,86360.6,89983.1803,79115.4394,SL,47,-1.0,0.019071621407536495,-1.0190716214075366,2025-12-15T12:00:00+00:00,2025-12-15T16:00:00+00:00,True,PASS,NONE,A0
BTCUSDT,OOS,SHORT,A0-SHORT-500,2025-12-17T19:00:00+00:00,2025-12-17T18:00:00+00:00,2025-12-20T18:00:00+00:00,85796.1,90406.09805,76576.10390000002,TIME,72,-0.5381781018323865,0.014888700440990443,-0.5530668022733769,2025-12-17T12:00:00+00:00,2025-12-17T16:00:00+00:00,True,PASS,NONE,A0
BTCUSDT,OOS,SHORT,A0-SHORT-502,2025-12-22T20:00:00+00:00,2025-12-22T19:00:00+00:00,2025-12-25T19:00:00+00:00,88011.1,90643.00555,82747.28890000001,TIME,72,-0.0384512278565609,0.026752054229301703,-0.06520328208586261,2025-12-22T16:00:00+00:00,2025-12-22T20:00:00+00:00,True,PASS,NONE,A0
BTCUSDT,OOS,SHORT,A0-SHORT-503,2025-12-26T00:00:00+00:00,2025-12-25T23:00:00+00:00,2025-12-26T02:00:00+00:00,87182.8,88637.5914,84273.2172,SL,3,-1.0,0.0479424335337698,-1.0479424335337697,2025-12-25T20:00:00+00:00,2025-12-26T00:00:00+00:00,True,PASS,NONE,A0
BTCUSDT,OOS,SHORT,A0-SHORT-504,2025-12-26T16:00:00+00:00,2025-12-26T15:00:00+00:00,2025-12-29T03:00:00+00:00,87100.0,89601.15000000001,82097.69999999998,SL,60,-1.0,0.027859184775003404,-1.0278591847750034,2025-12-26T12:00:00+00:00,2025-12-26T16:00:00+00:00,True,PASS,NONE,A0
BTCUSDT,OOS,SHORT,A0-SHORT-505,2025-12-29T12:00:00+00:00,2025-12-29T11:00:00+00:00,2026-01-01T11:00:00+00:00,87529.0,90417.1645,81752.671,TIME,72,-0.15618916443298364,0.02424487940351044,-0.18043404383649408,2025-12-29T08:00:00+00:00,2025-12-29T12:00:00+00:00,True,PASS,NONE,A0
BTCUSDT,OOS,SHORT,A0-SHORT-509,2026-01-08T07:00:00+00:00,2026-01-08T06:00:00+00:00,2026-01-09T15:00:00+00:00,89844.0,91710.922,86110.15599999999,SL,33,-1.0,0.03849930527359996,-1.0384993052736,2026-01-08T00:00:00+00:00,2026-01-08T04:00:00+00:00,True,PASS,NONE,A0
BTCUSDT,OOS,SHORT,A0-SHORT-510,2026-01-10T23:00:00+00:00,2026-01-10T22:00:00+00:00,2026-01-11T05:00:00+00:00,90384.9,90753.19245,89648.31509999998,SL,7,-1.0,0.1963328870847024,-1.1963328870847023,2026-01-10T16:00:00+00:00,2026-01-10T20:00:00+00:00,True,PASS,NONE,A0
BTCUSDT,OOS,SHORT,A0-SHORT-511,2026-01-11T20:00:00+00:00,2026-01-11T19:00:00+00:00,2026-01-12T01:00:00+00:00,90644.7,91297.82235,89338.45529999999,SL,6,-1.0,0.11102936532488811,-1.1110293653248882,2026-01-11T16:00:00+00:00,2026-01-11T20:00:00+00:00,True,PASS,NONE,A0
BTCUSDT,OOS,SHORT,A0-SHORT-517,2026-01-19T01:00:00+00:00,2026-01-19T00:00:00+00:00,2026-01-22T00:00:00+00:00,92658.3,95536.32915,86902.2417,TIME,72,0.9689616938035513,0.025756042116529623,0.9432056516870218,2026-01-18T20:00:00+00:00,2026-01-19T00:00:00+00:00,True,PASS,NONE,A0
BTCUSDT,OOS,SHORT,A0-SHORT-518,2026-01-22T14:00:00+00:00,2026-01-22T13:00:00+00:00,2026-01-23T16:00:00+00:00,89570.0,90214.88500000001,88280.22999999998,SL,27,-1.0,0.11111438473526128,-1.1111143847352614,2026-01-22T08:00:00+00:00,2026-01-22T12:00:00+00:00,True,PASS,NONE,A0
BTCUSDT,OOS,SHORT,A0-SHORT-519,2026-01-24T13:00:00+00:00,2026-01-24T12:00:00+00:00,2026-01-25T06:00:00+00:00,89497.6,89864.8488,88763.1024,TP,18,2.0,0.19495796854884148,1.8050420314511586,2026-01-24T08:00:00+00:00,2026-01-24T12:00:00+00:00,True,PASS,NONE,A0
BTCUSDT,OOS,SHORT,A0-SHORT-520,2026-01-25T17:00:00+00:00,2026-01-25T16:00:00+00:00,2026-01-25T19:00:00+00:00,88049.9,88991.12495000001,86167.45009999996,TP,3,2.0,0.07483856011254127,1.9251614398874588,2026-01-25T12:00:00+00:00,2026-01-25T16:00:00+00:00,True,PASS,NONE,A0
BTCUSDT,OOS,SHORT,A0-SHORT-521,2026-01-27T09:00:00+00:00,2026-01-27T08:00:00+00:00,2026-01-27T20:00:00+00:00,88137.5,89027.36875000001,86357.76249999998,SL,12,-1.0,0.07923640424500727,-1.0792364042450073,2026-01-27T04:00:00+00:00,2026-01-27T08:00:00+00:00,True,PASS,NONE,A0
BTCUSDT,OOS,SHORT,A0-SHORT-523,2026-01-29T03:00:00+00:00,2026-01-29T02:00:00+00:00,2026-01-30T01:00:00+00:00,87857.9,90193.12895,83187.44209999999,TP,23,2.0,0.030098256532833698,1.9699017434671664,2026-01-28T20:00:00+00:00,2026-01-29T00:00:00+00:00,True,PASS,NONE,A0
BTCUSDT,OOS,SHORT,A0-SHORT-524,2026-01-31T07:00:00+00:00,2026-01-31T06:00:00+00:00,2026-01-31T08:00:00+00:00,83739.1,84333.36955,82550.56090000001,TP,2,2.0,0.11272877770701917,1.8872712222929808,2026-01-31T00:00:00+00:00,2026-01-31T04:00:00+00:00,True,PASS,NONE,A0
BTCUSDT,OOS,SHORT,A0-SHORT-525,2026-01-31T15:00:00+00:00,2026-01-31T14:00:00+00:00,2026-01-31T18:00:00+00:00,81452.5,84053.32625000001,76250.84749999997,TP,4,2.0,0.025054345710329433,1.9749456542896706,2026-01-31T08:00:00+00:00,2026-01-31T12:00:00+00:00,True,PASS,NONE,A0
BTCUSDT,OOS,SHORT,A0-SHORT-526,2026-02-03T03:00:00+00:00,2026-02-03T02:00:00+00:00,2026-02-03T17:00:00+00:00,77774.8,79201.8874,74920.6252,TP,15,2.0,0.04359917969985569,1.9564008203001444,2026-02-02T20:00:00+00:00,2026-02-03T00:00:00+00:00,True,PASS,NONE,A0
BTCUSDT,OOS,SHORT,A0-SHORT-527,2026-02-03T19:00:00+00:00,2026-02-03T18:00:00+00:00,2026-02-06T00:00:00+00:00,73111.7,78556.55585,62221.98829999998,TP,54,2.0,0.010742131951941377,1.9892578680480586,2026-02-03T12:00:00+00:00,2026-02-03T16:00:00+00:00,True,PASS,NONE,A0
BTCUSDT,OOS,SHORT,A0-SHORT-528,2026-02-07T07:00:00+00:00,2026-02-07T06:00:00+00:00,2026-02-08T23:00:00+00:00,68733.6,71748.7668,62703.26640000002,SL,41,-1.0,0.01823676222489587,-1.0182367622248958,2026-02-07T00:00:00+00:00,2026-02-07T04:00:00+00:00,True,PASS,NONE,A0
BTCUSDT,OOS,SHORT,A0-SHORT-529,2026-02-09T09:00:00+00:00,2026-02-09T08:00:00+00:00,2026-02-11T06:00:00+00:00,69832.2,71469.8161,66556.9678,TP,46,2.0,0.03411407594246296,1.965885924057537,2026-02-09T04:00:00+00:00,2026-02-09T08:00:00+00:00,True,PASS,NONE,A0
BTCUSDT,OOS,SHORT,A0-SHORT-530,2026-02-11T11:00:00+00:00,2026-02-11T10:00:00+00:00,2026-02-13T15:00:00+00:00,66506.0,69165.953,61186.09400000001,SL,53,-1.0,0.020002157932865777,-1.0200021579328657,2026-02-11T04:00:00+00:00,2026-02-11T08:00:00+00:00,True,PASS,NONE,A0
BTCUSDT,OOS,SHORT,A0-SHORT-532,2026-02-15T18:00:00+00:00,2026-02-15T17:00:00+00:00,2026-02-18T17:00:00+00:00,68607.8,70662.3039,64498.79220000001,TIME,72,0.7064965902474085,0.026715081923183556,0.679781508324225,2026-02-15T12:00:00+00:00,2026-02-15T16:00:00+00:00,True,PASS,NONE,A0
BTCUSDT,OOS,SHORT,A0-SHORT-533,2026-02-18T19:00:00+00:00,2026-02-18T18:00:00+00:00,2026-02-21T14:00:00+00:00,66327.2,68369.1636,62243.27279999999,SL,68,-1.0,0.025985654200691887,-1.025985654200692,2026-02-18T12:00:00+00:00,2026-02-18T16:00:00+00:00,True,PASS,NONE,A0
BTCUSDT,OOS,SHORT,A0-SHORT-534,2026-02-23T01:00:00+00:00,2026-02-23T00:00:00+00:00,2026-02-23T01:00:00+00:00,66705.8,67761.3529,64594.69420000001,TP,1,2.0,0.05055610192535139,1.9494438980746487,2026-02-22T20:00:00+00:00,2026-02-23T00:00:00+00:00,True,PASS,NONE,A0
BTCUSDT,OOS,SHORT,A0-SHORT-535,2026-02-23T17:00:00+00:00,2026-02-23T16:00:00+00:00,2026-02-24T05:00:00+00:00,65343.1,66607.17155,62814.9569,TP,13,2.0,0.04135405151709963,1.9586459484829004,2026-02-23T12:00:00+00:00,2026-02-23T16:00:00+00:00,True,PASS,NONE,A0
BTCUSDT,OOS,SHORT,A0-SHORT-536,2026-02-27T12:00:00+00:00,2026-02-27T11:00:00+00:00,2026-03-02T11:00:00+00:00,66094.1,68221.84705,61838.605900000024,TIME,72,-0.1108214437425677,0.024850359914727758,-0.13567180365729545,2026-02-27T08:00:00+00:00,2026-02-27T12:00:00+00:00,True,PASS,NONE,A0
BTCUSDT,OOS,SHORT,A0-SHORT-537,2026-03-02T14:00:00+00:00,2026-03-02T13:00:00+00:00,2026-03-02T14:00:00+00:00,65412.3,66998.70615,62239.48770000001,SL,1,-1.0,0.03298640767372225,-1.0329864076737223,2026-03-02T08:00:00+00:00,2026-03-02T12:00:00+00:00,True,PASS,NONE,A0
BTCUSDT,OOS,SHORT,A0-SHORT-539,2026-03-08T23:00:00+00:00,2026-03-08T22:00:00+00:00,2026-03-09T03:00:00+00:00,66198.4,67529.49919999999,63536.2016,SL,5,-1.0,0.03978570492717607,-1.0397857049271761,2026-03-08T16:00:00+00:00,2026-03-08T20:00:00+00:00,True,PASS,NONE,A0
BTCUSDT,OOS,SHORT,A0-SHORT-543,2026-03-20T14:00:00+00:00,2026-03-20T13:00:00+00:00,2026-03-23T11:00:00+00:00,69831.1,71377.11555,66739.06890000001,SL,70,-1.0,0.03613474651015,-1.03613474651015,2026-03-20T08:00:00+00:00,2026-03-20T12:00:00+00:00,True,PASS,NONE,A0
BTCUSDT,OOS,SHORT,A0-SHORT-545,2026-03-24T17:00:00+00:00,2026-03-24T16:00:00+00:00,2026-03-25T08:00:00+00:00,69448.3,71374.52415,65595.85170000001,SL,16,-1.0,0.028843289084502528,-1.0288432890845025,2026-03-24T12:00:00+00:00,2026-03-24T16:00:00+00:00,True,PASS,NONE,A0
BTCUSDT,OOS,SHORT,A0-SHORT-546,2026-03-26T10:00:00+00:00,2026-03-26T09:00:00+00:00,2026-03-27T14:00:00+00:00,69537.6,71375.7688,65861.2624,TP,29,2.0,0.030263858248491662,1.9697361417515082,2026-03-26T04:00:00+00:00,2026-03-26T08:00:00+00:00,True,PASS,NONE,A0
BTCUSDT,OOS,SHORT,A0-SHORT-547,2026-03-29T00:00:00+00:00,2026-03-28T23:00:00+00:00,2026-03-30T02:00:00+00:00,66334.8,67317.1674,64370.0652,SL,27,-1.0,0.05402035938896166,-1.0540203593889617,2026-03-28T20:00:00+00:00,2026-03-29T00:00:00+00:00,True,PASS,NONE,A0
BTCUSDT,OOS,SHORT,A0-SHORT-548,2026-03-30T18:00:00+00:00,2026-03-30T17:00:00+00:00,2026-03-31T01:00:00+00:00,66805.2,68181.8026,64051.9948,SL,8,-1.0,0.03882323046607646,-1.0388232304660765,2026-03-30T12:00:00+00:00,2026-03-30T16:00:00+00:00,True,PASS,NONE,A0
BTCUSDT,OOS,SHORT,A0-SHORT-549,2026-03-31T10:00:00+00:00,2026-03-31T09:00:00+00:00,2026-03-31T17:00:00+00:00,66099.3,68410.04965,61477.80070000001,SL,8,-1.0,0.022884106030266,-1.022884106030266,2026-03-31T04:00:00+00:00,2026-03-31T08:00:00+00:00,True,PASS,NONE,A0
BTCUSDT,OOS,SHORT,A0-SHORT-551,2026-04-02T04:00:00+00:00,2026-04-02T03:00:00+00:00,2026-04-05T03:00:00+00:00,66538.4,68672.3692,62270.46159999998,TIME,72,-0.2694977978126413,0.024944464990403717,-0.29444226280304503,2026-04-02T00:00:00+00:00,2026-04-02T04:00:00+00:00,True,PASS,NONE,A0
BTCUSDT,OOS,SHORT,A0-SHORT-552,2026-04-05T07:00:00+00:00,2026-04-05T06:00:00+00:00,2026-04-05T15:00:00+00:00,66771.6,67472.0858,65370.628400000016,SL,9,-1.0,0.0762574773107469,-1.076257477310747,2026-04-05T00:00:00+00:00,2026-04-05T04:00:00+00:00,True,PASS,NONE,A0
BTCUSDT,OOS,SHORT,A0-SHORT-563,2026-04-27T16:00:00+00:00,2026-04-27T15:00:00+00:00,2026-04-30T15:00:00+00:00,76760.0,78270.38,73739.23999999999,TIME,72,0.22312265787417668,0.040657318025927126,0.18246533984824956,2026-04-27T12:00:00+00:00,2026-04-27T16:00:00+00:00,True,PASS,NONE,A0
BTCUSDT,OOS,SHORT,A0-SHORT-571,2026-05-13T14:00:00+00:00,2026-05-13T13:00:00+00:00,2026-05-14T16:00:00+00:00,79617.9,81310.00895,76233.68209999998,SL,27,-1.0,0.03764197334929271,-1.0376419733492928,2026-05-13T08:00:00+00:00,2026-05-13T12:00:00+00:00,True,PASS,NONE,A0
BTCUSDT,OOS,SHORT,A0-SHORT-572,2026-05-18T00:00:00+00:00,2026-05-17T23:00:00+00:00,2026-05-20T23:00:00+00:00,77430.4,78491.7152,75307.76959999997,TIME,72,-0.07528394957502525,0.05836562031713039,-0.13364956989215565,2026-05-17T20:00:00+00:00,2026-05-18T00:00:00+00:00,True,PASS,NONE,A0
BTCUSDT,OOS,SHORT,A0-SHORT-573,2026-05-21T11:00:00+00:00,2026-05-21T10:00:00+00:00,2026-05-23T07:00:00+00:00,77172.6,78218.5863,75080.62740000003,TP,45,2.0,0.059023794097494996,1.940976205902505,2026-05-21T04:00:00+00:00,2026-05-21T08:00:00+00:00,True,PASS,NONE,A0
BTCUSDT,OOS,SHORT,A0-SHORT-574,2026-05-24T22:00:00+00:00,2026-05-24T21:00:00+00:00,2026-05-24T23:00:00+00:00,76106.0,77132.953,74052.09400000001,SL,2,-1.0,0.05928684175419942,-1.0592868417541994,2026-05-24T16:00:00+00:00,2026-05-24T20:00:00+00:00,True,PASS,NONE,A0
BTCUSDT,OOS,SHORT,A0-SHORT-575,2026-05-26T16:00:00+00:00,2026-05-26T15:00:00+00:00,2026-05-28T03:00:00+00:00,76478.2,78115.33910000001,73203.92179999997,TP,36,2.0,0.0373716320134309,1.962628367986569,2026-05-26T12:00:00+00:00,2026-05-26T16:00:00+00:00,True,PASS,NONE,A0
BTCUSDT,OOS,SHORT,A0-SHORT-576,2026-05-29T03:00:00+00:00,2026-05-29T02:00:00+00:00,2026-05-29T15:00:00+00:00,73201.9,73968.80094999999,71668.0981,SL,13,-1.0,0.07636125630043923,-1.0763612563004392,2026-05-28T20:00:00+00:00,2026-05-29T00:00:00+00:00,True,PASS,NONE,A0
BTCUSDT,OOS,SHORT,A0-SHORT-577,2026-05-31T15:00:00+00:00,2026-05-31T14:00:00+00:00,2026-05-31T23:00:00+00:00,73570.3,74114.28515,72482.32970000002,SL,9,-1.0,0.10819457112018728,-1.1081945711201873,2026-05-31T08:00:00+00:00,2026-05-31T12:00:00+00:00,True,PASS,NONE,A0
BTCUSDT,OOS,SHORT,A0-SHORT-578,2026-06-01T02:00:00+00:00,2026-06-01T01:00:00+00:00,2026-06-01T15:00:00+00:00,73257.8,74216.52889999999,71340.34220000003,TP,14,2.0,0.061129105422816375,1.9388708945771835,2026-05-31T20:00:00+00:00,2026-06-01T00:00:00+00:00,True,PASS,NONE,A0
BTCUSDT,OOS,SHORT,A0-SHORT-579,2026-06-03T16:00:00+00:00,2026-06-03T15:00:00+00:00,2026-06-04T00:00:00+00:00,66046.5,67481.02325,63177.4535,TP,9,2.0,0.03683258532059349,1.9631674146794065,2026-06-03T12:00:00+00:00,2026-06-03T16:00:00+00:00,True,PASS,NONE,A0
BTCUSDT,OOS,SHORT,A0-SHORT-580,2026-06-05T03:00:00+00:00,2026-06-05T02:00:00+00:00,2026-06-05T18:00:00+00:00,62585.5,64182.09275,59392.31449999999,TP,16,2.0,0.03135953110146585,1.9686404688985342,2026-06-04T20:00:00+00:00,2026-06-05T00:00:00+00:00,True,PASS,NONE,A0
BTCUSDT,OOS,SHORT,A0-SHORT-581,2026-06-07T20:00:00+00:00,2026-06-07T19:00:00+00:00,2026-06-07T22:00:00+00:00,61303.8,62760.6519,58390.096200000015,SL,3,-1.0,0.03366371008611115,-1.0336637100861112,2026-06-07T16:00:00+00:00,2026-06-07T20:00:00+00:00,True,PASS,NONE,A0
BTCUSDT,OOS,SHORT,A0-SHORT-582,2026-06-09T00:00:00+00:00,2026-06-08T23:00:00+00:00,2026-06-10T09:00:00+00:00,63057.9,64211.02895,60751.642100000005,TP,34,2.0,0.04374733632348756,1.9562526636765125,2026-06-08T20:00:00+00:00,2026-06-09T00:00:00+00:00,True,PASS,NONE,A0
BTCUSDT,OOS,SHORT,A0-SHORT-583,2026-06-10T22:00:00+00:00,2026-06-10T21:00:00+00:00,2026-06-11T03:00:00+00:00,61327.3,62870.86365,58240.17270000001,SL,6,-1.0,0.03178478581042001,-1.03178478581042,2026-06-10T16:00:00+00:00,2026-06-10T20:00:00+00:00,True,PASS,NONE,A0
BTCUSDT,OOS,SHORT,A0-SHORT-584,2026-06-12T07:00:00+00:00,2026-06-12T06:00:00+00:00,2026-06-12T09:00:00+00:00,62955.9,63874.67795,61118.34410000001,SL,3,-1.0,0.05481707522475939,-1.0548170752247594,2026-06-12T00:00:00+00:00,2026-06-12T04:00:00+00:00,True,PASS,NONE,A0
BTCUSDT,OOS,SHORT,A0-SHORT-588,2026-06-18T16:00:00+00:00,2026-06-18T15:00:00+00:00,2026-06-21T15:00:00+00:00,62337.8,64662.6689,57688.062200000015,TIME,72,-0.8011204416730787,0.02145077513833151,-0.8225712168114102,2026-06-18T12:00:00+00:00,2026-06-18T16:00:00+00:00,True,PASS,NONE,A0
BTCUSDT,OOS,SHORT,A0-SHORT-589,2026-06-22T00:00:00+00:00,2026-06-21T23:00:00+00:00,2026-06-22T01:00:00+00:00,63287.1,64368.94355,61123.41289999999,SL,2,-1.0,0.0467994471104438,-1.0467994471104438,2026-06-21T20:00:00+00:00,2026-06-22T00:00:00+00:00,True,PASS,NONE,A0
BTCUSDT,OOS,SHORT,A0-SHORT-591,2026-06-23T05:00:00+00:00,2026-06-23T04:00:00+00:00,2026-06-24T13:00:00+00:00,63594.9,64668.89745,61446.90510000001,TP,33,2.0,0.04737061526542751,1.9526293847345726,2026-06-23T00:00:00+00:00,2026-06-23T04:00:00+00:00,True,PASS,NONE,A0
BTCUSDT,OOS,SHORT,A0-SHORT-592,2026-06-24T15:00:00+00:00,2026-06-24T14:00:00+00:00,2026-06-27T14:00:00+00:00,61085.3,63240.14265,56775.614700000006,TIME,72,0.23036484821757253,0.022678333380861955,0.20768651483671058,2026-06-24T08:00:00+00:00,2026-06-24T12:00:00+00:00,True,PASS,NONE,A0
BTCUSDT,OOS,SHORT,A0-SHORT-593,2026-06-27T20:00:00+00:00,2026-06-27T19:00:00+00:00,2026-06-30T12:00:00+00:00,60149.9,60954.77495,58540.150100000006,TP,65,2.0,0.05978558532601883,1.9402144146739813,2026-06-27T16:00:00+00:00,2026-06-27T20:00:00+00:00,True,PASS,NONE,A0
BTCUSDT,OOS,SHORT,A0-SHORT-598,2026-07-13T04:00:00+00:00,2026-07-13T03:00:00+00:00,2026-07-14T15:00:00+00:00,62780.2,64443.1901,59454.21979999999,SL,36,-1.0,0.030201117853918623,-1.0302011178539185,2026-07-13T00:00:00+00:00,2026-07-13T04:00:00+00:00,True,PASS,NONE,A0
BTCUSDT,OOS,SHORT,A0-SHORT-602,2026-07-28T00:00:00+00:00,2026-07-27T23:00:00+00:00,2026-07-30T13:00:00+00:00,63720.8,65101.2604,60959.87920000001,SL,62,-1.0,0.03692727440787156,-1.0369272744078715,2026-07-27T20:00:00+00:00,2026-07-28T00:00:00+00:00,True,PASS,NONE,A0
BTCUSDT,OOS,SHORT,A0-SHORT-603,2026-07-31T08:00:00+00:00,2026-07-31T07:00:00+00:00,2026-08-03T07:00:00+00:00,63909.1,65423.254550000005,60880.790899999985,TIME,72,0.8705187987580216,0.03376622287335185,0.8367525758846698,2026-07-31T04:00:00+00:00,2026-07-31T08:00:00+00:00,True,PASS,NONE,A0
BTCUSDT,OOS,SHORT,A0-SHORT-604,2026-08-03T09:00:00+00:00,2026-08-03T08:00:00+00:00,2026-08-03T14:00:00+00:00,62512.4,63606.8562,60323.4876,SL,6,-1.0,0.045693852344205255,-1.0456938523442052,2026-08-03T04:00:00+00:00,2026-08-03T08:00:00+00:00,True,PASS,NONE,A0
BTCUSDT,OOS,SHORT,A0-SHORT-605,2026-08-04T01:00:00+00:00,2026-08-04T00:00:00+00:00,2026-08-04T04:00:00+00:00,63337.6,64090.4688,61831.86239999999,SL,4,-1.0,0.06730266946910238,-1.0673026694691023,2026-08-03T20:00:00+00:00,2026-08-04T00:00:00+00:00,True,PASS,NONE,A0
BTCUSDT,OOS,SHORT,A0-SHORT-609,2026-08-10T16:00:00+00:00,2026-08-10T15:00:00+00:00,2026-08-13T15:00:00+00:00,64268.8,65380.534400000004,62045.3312,TIME,72,0.7949740513561531,0.04624759295025858,0.7487264584058945,2026-08-10T12:00:00+00:00,2026-08-10T16:00:00+00:00,True,PASS,NONE,A0
BTCUSDT,OOS,SHORT,A0-SHORT-610,2026-08-13T17:00:00+00:00,2026-08-13T16:00:00+00:00,2026-08-16T16:00:00+00:00,63139.0,64012.169499999996,61392.66100000001,TIME,72,-0.10731020723925594,0.057848103947744645,-0.16515831118700058,2026-08-13T12:00:00+00:00,2026-08-13T16:00:00+00:00,True,PASS,NONE,A0
BTCUSDT,OOS,SHORT,A0-SHORT-611,2026-08-16T22:00:00+00:00,2026-08-16T21:00:00+00:00,2026-08-17T02:00:00+00:00,62900.0,63401.45,61897.100000000006,SL,5,-1.0,0.10034898793498911,-1.100348987934989,2026-08-16T16:00:00+00:00,2026-08-16T20:00:00+00:00,True,PASS,NONE,A0
BTCUSDT,OOS,SHORT,A0-SHORT-621,2026-09-07T16:00:00+00:00,2026-09-07T15:00:00+00:00,2026-09-09T08:00:00+00:00,78786.1,79694.49305,76969.31390000001,SL,41,-1.0,0.0693850310721775,-1.0693850310721775,2026-09-07T12:00:00+00:00,2026-09-07T16:00:00+00:00,True,PASS,NONE,A0
BTCUSDT,OOS,SHORT,A0-SHORT-622,2026-09-09T16:00:00+00:00,2026-09-09T15:00:00+00:00,2026-09-11T12:00:00+00:00,78570.0,79776.585,76156.82999999999,TP,45,2.0,0.052094133442732726,1.9479058665572673,2026-09-09T12:00:00+00:00,2026-09-09T16:00:00+00:00,True,PASS,NONE,A0
BTCUSDT,OOS,SHORT,A0-SHORT-623,2026-09-12T18:00:00+00:00,2026-09-12T17:00:00+00:00,2026-09-13T11:00:00+00:00,77173.5,77515.98675,76488.5265,TP,18,2.0,0.18026624387658985,1.8197337561234102,2026-09-12T12:00:00+00:00,2026-09-12T16:00:00+00:00,True,PASS,NONE,A0
BTCUSDT,OOS,SHORT,A0-SHORT-624,2026-09-13T23:00:00+00:00,2026-09-13T22:00:00+00:00,2026-09-14T02:00:00+00:00,76689.3,77465.74465,75136.41070000002,SL,4,-1.0,0.07901585773049086,-1.079015857730491,2026-09-13T16:00:00+00:00,2026-09-13T20:00:00+00:00,True,PASS,NONE,A0
BTCUSDT,OOS,SHORT,A0-SHORT-630,2026-09-28T04:00:00+00:00,2026-09-28T03:00:00+00:00,2026-09-30T12:00:00+00:00,83302.6,85008.4513,79890.89740000002,SL,57,-1.0,0.039066758046261245,-1.0390667580462611,2026-09-28T00:00:00+00:00,2026-09-28T04:00:00+00:00,True,PASS,NONE,A0
